project,sha,module,test_type,test,method_name,status,PR_link,notes,file_path,patch_file,test_results,jdk,build_results,Exceptions,all_round_logs,time,if_flaky
https://github.com/alibaba/jetcache,d28019640ac3eb6ac167dd0dc582adac7656226e,jetcache-test,ID,com.alicp.jetcache.anno.support.ConfigProvider_CacheMessagePublisher_Test.test,test,Accepted,https://github.com/alibaba/jetcache/pull/614,,projects/d28019640ac3eb6ac167dd0dc582adac7656226e/jetcache/jetcache-test/src/test/java/com/alicp/jetcache/anno/support/ConfigProvider_CacheMessagePublisher_Test.java,outputs/ID_Results_GPT-4_projects_4a27402a71d58425733d47e7addee8937b391903/GoodPatches/jetcache/d28019640ac3eb6ac167dd0dc582adac7656226e/jetcache-test/com.alicp.jetcache.anno.support.ConfigProvider_CacheMessagePublisher_Test.test/1.patch,"{0: 'test_failure', 1: 'test_pass'}",8,"{0: 'BUILD SUCCESS', 1: 'BUILD SUCCESS'}",{},outputs/ID_Results_GPT-4_projects_4a27402a71d58425733d47e7addee8937b391903/all_rounds/jetcache/d28019640ac3eb6ac167dd0dc582adac7656226e/jetcache-test/com.alicp.jetcache.anno.support.ConfigProvider_CacheMessagePublisher_Test.test/1.patch,31.02246199408546,True
https://github.com/alibaba/jetcache,d28019640ac3eb6ac167dd0dc582adac7656226e,jetcache-test,ID,com.alicp.jetcache.embedded.CaffeineCacheTest.test,test,Accepted,https://github.com/alibaba/jetcache/pull/446,,projects/d28019640ac3eb6ac167dd0dc582adac7656226e/jetcache/jetcache-test/src/test/java/com/alicp/jetcache/embedded/CaffeineCacheTest.java,,"{0: 'test_failure', 1: 'compilation_error', 2: 'test_failure', 3: 'test_failure', 4: 'test_failure', 5: 'test_failure'}",8,"{0: 'BUILD SUCCESS', 1: 'BUILD FAILURE', 2: 'BUILD SUCCESS', 3: 'BUILD SUCCESS', 4: 'BUILD SUCCESS', 5: 'BUILD SUCCESS'}",{},outputs/ID_Results_GPT-4_projects_4a27402a71d58425733d47e7addee8937b391903/all_rounds/jetcache/d28019640ac3eb6ac167dd0dc582adac7656226e/jetcache-test/com.alicp.jetcache.embedded.CaffeineCacheTest.test/5.patch,265.4581878099125,True
https://github.com/alibaba/fastjson,e05e9c5e4be580691cc55a59f3256595393203a1,.,ID,com.alibaba.json.bvt.guava.ArrayListMultimapTest.test_for_multimap,test_for_multimap,Accepted,https://github.com/alibaba/fastjson/pull/3502,,projects/e05e9c5e4be580691cc55a59f3256595393203a1/fastjson/src/test/java/com/alibaba/json/bvt/guava/ArrayListMultimapTest.java,outputs/ID_Results_GPT-4_projects_4a27402a71d58425733d47e7addee8937b391903/GoodPatches/fastjson/e05e9c5e4be580691cc55a59f3256595393203a1/./com.alibaba.json.bvt.guava.ArrayListMultimapTest.test_for_multimap/1.patch,"{0: 'test_failure', 1: 'test_pass'}",8,"{0: 'BUILD SUCCESS', 1: 'BUILD SUCCESS'}",{},outputs/ID_Results_GPT-4_projects_4a27402a71d58425733d47e7addee8937b391903/all_rounds/fastjson/e05e9c5e4be580691cc55a59f3256595393203a1/./com.alibaba.json.bvt.guava.ArrayListMultimapTest.test_for_multimap/1.patch,25.484430213924497,True
https://github.com/alibaba/fastjson,e05e9c5e4be580691cc55a59f3256595393203a1,.,ID,com.alibaba.json.bvt.issue_1100.Issue1177_2.test_for_issue,test_for_issue,Accepted,https://github.com/alibaba/fastjson/pull/3042,,projects/e05e9c5e4be580691cc55a59f3256595393203a1/fastjson/src/test/java/com/alibaba/json/bvt/issue_1100/Issue1177_2.java,outputs/ID_Results_GPT-4_projects_4a27402a71d58425733d47e7addee8937b391903/GoodPatches/fastjson/e05e9c5e4be580691cc55a59f3256595393203a1/./com.alibaba.json.bvt.issue_1100.Issue1177_2.test_for_issue/3.patch,"{0: 'test_failure', 1: 'compilation_error', 2: 'test_failure', 3: 'test_pass'}",8,"{0: 'BUILD SUCCESS', 1: 'BUILD FAILURE', 2: 'BUILD SUCCESS', 3: 'BUILD SUCCESS'}",{},outputs/ID_Results_GPT-4_projects_4a27402a71d58425733d47e7addee8937b391903/all_rounds/fastjson/e05e9c5e4be580691cc55a59f3256595393203a1/./com.alibaba.json.bvt.issue_1100.Issue1177_2.test_for_issue/3.patch,85.87146478402428,True
https://github.com/alibaba/fastjson,e05e9c5e4be580691cc55a59f3256595393203a1,.,ID,com.alibaba.json.bvt.issue_1400.Issue1480.test_for_issue,test_for_issue,Accepted,https://github.com/alibaba/fastjson/pull/3025,,projects/e05e9c5e4be580691cc55a59f3256595393203a1/fastjson/src/test/java/com/alibaba/json/bvt/issue_1400/Issue1480.java,outputs/ID_Results_GPT-4_projects_4a27402a71d58425733d47e7addee8937b391903/GoodPatches/fastjson/e05e9c5e4be580691cc55a59f3256595393203a1/./com.alibaba.json.bvt.issue_1400.Issue1480.test_for_issue/2.patch,"{0: 'test_failure', 1: 'test_failure', 2: 'test_pass'}",8,"{0: 'BUILD SUCCESS', 1: 'BUILD SUCCESS', 2: 'BUILD SUCCESS'}",{},outputs/ID_Results_GPT-4_projects_4a27402a71d58425733d47e7addee8937b391903/all_rounds/fastjson/e05e9c5e4be580691cc55a59f3256595393203a1/./com.alibaba.json.bvt.issue_1400.Issue1480.test_for_issue/2.patch,72.1588752779644,True
https://github.com/alibaba/fastjson,e05e9c5e4be580691cc55a59f3256595393203a1,.,ID,com.alibaba.json.bvt.issue_1500.Issue1584.test_for_issue,test_for_issue,Accepted,https://github.com/alibaba/fastjson/pull/3570,,projects/e05e9c5e4be580691cc55a59f3256595393203a1/fastjson/src/test/java/com/alibaba/json/bvt/issue_1500/Issue1584.java,outputs/ID_Results_GPT-4_projects_4a27402a71d58425733d47e7addee8937b391903/GoodPatches/fastjson/e05e9c5e4be580691cc55a59f3256595393203a1/./com.alibaba.json.bvt.issue_1500.Issue1584.test_for_issue/4.patch,"{0: 'test_failure', 1: 'compilation_error', 2: 'test_failure', 3: 'test_failure', 4: 'test_pass'}",8,"{0: 'BUILD SUCCESS', 1: 'BUILD FAILURE', 2: 'BUILD SUCCESS', 3: 'BUILD SUCCESS', 4: 'BUILD SUCCESS'}",{},outputs/ID_Results_GPT-4_projects_4a27402a71d58425733d47e7addee8937b391903/all_rounds/fastjson/e05e9c5e4be580691cc55a59f3256595393203a1/./com.alibaba.json.bvt.issue_1500.Issue1584.test_for_issue/4.patch,101.4411646227818,True
https://github.com/alibaba/fastjson,3ea25de368b185e3c9f3d56e46a4cfcdb9265318,.,ID,com.alibaba.json.bvt.path.JSONPath_reverse_test.test_reserve3,test_reserve3,Accepted,https://github.com/alibaba/fastjson/pull/3530,,projects/3ea25de368b185e3c9f3d56e46a4cfcdb9265318/fastjson/src/test/java/com/alibaba/json/bvt/path/JSONPath_reverse_test.java,,"{0: 'test_failure', 1: 'compilation_error', 2: 'test_failure', 3: 'test_failure', 4: 'pom_error', 5: 'pom_error'}",8,"{0: 'BUILD SUCCESS', 1: 'BUILD FAILURE', 2: 'BUILD SUCCESS', 3: 'BUILD SUCCESS', 4: 'BUILD FAILURE', 5: 'BUILD FAILURE'}",{},outputs/ID_Results_GPT-4_projects_4a27402a71d58425733d47e7addee8937b391903/all_rounds/fastjson/3ea25de368b185e3c9f3d56e46a4cfcdb9265318/./com.alibaba.json.bvt.path.JSONPath_reverse_test.test_reserve3/5.patch,124.96347779594362,True
https://github.com/alibaba/fastjson,3ea25de368b185e3c9f3d56e46a4cfcdb9265318,.,ID,com.alibaba.json.bvt.path.JSONPath_reverse_test.test_reserve,test_reserve,Accepted,https://github.com/alibaba/fastjson/pull/3530,,projects/3ea25de368b185e3c9f3d56e46a4cfcdb9265318/fastjson/src/test/java/com/alibaba/json/bvt/path/JSONPath_reverse_test.java,,"{0: 'test_failure', 1: 'compilation_error', 2: 'Stitched:compilation_error', 3: 'compilation_error', 4: 'Stitched:compilation_error', 5: 'Stitched:compilation_error'}",8,"{0: 'BUILD SUCCESS', 1: 'BUILD FAILURE', 2: 'BUILD FAILURE', 3: 'BUILD FAILURE', 4: 'BUILD FAILURE', 5: 'BUILD FAILURE'}",{},outputs/ID_Results_GPT-4_projects_4a27402a71d58425733d47e7addee8937b391903/all_rounds/fastjson/3ea25de368b185e3c9f3d56e46a4cfcdb9265318/./com.alibaba.json.bvt.path.JSONPath_reverse_test.test_reserve/5.patch,136.51426421501674,True
https://github.com/alibaba/fastjson,e05e9c5e4be580691cc55a59f3256595393203a1,.,ID,com.alibaba.json.bvt.support.spring.mock.testcase.FastJsonpHttpMessageConverter4Case1Test.test1_2,test1_2,Accepted,https://github.com/alibaba/fastjson/pull/3569,,projects/e05e9c5e4be580691cc55a59f3256595393203a1/fastjson/src/test/java/com/alibaba/json/bvt/support/spring/mock/testcase/FastJsonpHttpMessageConverter4Case1Test.java,,"{0: 'test_failure', 1: 'test_failure', 2: 'pom_error', 3: 'pom_error', 4: 'pom_error', 5: 'Stitched:pom_error'}",8,"{0: 'BUILD SUCCESS', 1: 'BUILD SUCCESS', 2: 'BUILD FAILURE', 3: 'BUILD FAILURE', 4: 'BUILD FAILURE', 5: 'BUILD FAILURE'}",{},outputs/ID_Results_GPT-4_projects_4a27402a71d58425733d47e7addee8937b391903/all_rounds/fastjson/e05e9c5e4be580691cc55a59f3256595393203a1/./com.alibaba.json.bvt.support.spring.mock.testcase.FastJsonpHttpMessageConverter4Case1Test.test1_2/5.patch,85.20650294306688,True
https://github.com/alibaba/fastjson,e05e9c5e4be580691cc55a59f3256595393203a1,.,ID,com.alibaba.json.bvt.support.spring.mock.testcase.FastJsonpHttpMessageConverter4Case1Test.test2_2,test2_2,Accepted,https://github.com/alibaba/fastjson/pull/3569,,projects/e05e9c5e4be580691cc55a59f3256595393203a1/fastjson/src/test/java/com/alibaba/json/bvt/support/spring/mock/testcase/FastJsonpHttpMessageConverter4Case1Test.java,,"{0: 'test_failure', 1: 'test_failure', 2: 'pom_error', 3: 'pom_error', 4: 'pom_error', 5: 'pom_error'}",8,"{0: 'BUILD SUCCESS', 1: 'BUILD SUCCESS', 2: 'BUILD FAILURE', 3: 'BUILD FAILURE', 4: 'BUILD FAILURE', 5: 'BUILD FAILURE'}",{},outputs/ID_Results_GPT-4_projects_4a27402a71d58425733d47e7addee8937b391903/all_rounds/fastjson/e05e9c5e4be580691cc55a59f3256595393203a1/./com.alibaba.json.bvt.support.spring.mock.testcase.FastJsonpHttpMessageConverter4Case1Test.test2_2/5.patch,87.54781845700927,True
https://github.com/alibaba/fastjson,e05e9c5e4be580691cc55a59f3256595393203a1,.,ID,com.alibaba.json.bvt.support.spring.mock.testcase.FastJsonpHttpMessageConverter4Case2Test.test1_2,test1_2,Accepted,https://github.com/alibaba/fastjson/pull/3569,,projects/e05e9c5e4be580691cc55a59f3256595393203a1/fastjson/src/test/java/com/alibaba/json/bvt/support/spring/mock/testcase/FastJsonpHttpMessageConverter4Case2Test.java,,"{0: 'test_failure', 1: 'test_failure', 2: 'pom_error', 3: 'pom_error', 4: 'pom_error', 5: 'pom_error'}",8,"{0: 'BUILD SUCCESS', 1: 'BUILD SUCCESS', 2: 'BUILD FAILURE', 3: 'BUILD FAILURE', 4: 'BUILD FAILURE', 5: 'BUILD FAILURE'}",{},outputs/ID_Results_GPT-4_projects_4a27402a71d58425733d47e7addee8937b391903/all_rounds/fastjson/e05e9c5e4be580691cc55a59f3256595393203a1/./com.alibaba.json.bvt.support.spring.mock.testcase.FastJsonpHttpMessageConverter4Case2Test.test1_2/5.patch,96.04227250814438,True
https://github.com/alibaba/fastjson,e05e9c5e4be580691cc55a59f3256595393203a1,.,ID,com.alibaba.json.bvt.support.spring.mock.testcase.FastJsonpHttpMessageConverter4Case2Test.test2_2,test2_2,Accepted,https://github.com/alibaba/fastjson/pull/3569,,projects/e05e9c5e4be580691cc55a59f3256595393203a1/fastjson/src/test/java/com/alibaba/json/bvt/support/spring/mock/testcase/FastJsonpHttpMessageConverter4Case2Test.java,,"{0: 'test_failure', 1: 'pom_error', 2: 'pom_error', 3: 'pom_error', 4: 'pom_error', 5: 'pom_error'}",8,"{0: 'BUILD SUCCESS', 1: 'BUILD FAILURE', 2: 'BUILD FAILURE', 3: 'BUILD FAILURE', 4: 'BUILD FAILURE', 5: 'BUILD FAILURE'}",{},outputs/ID_Results_GPT-4_projects_4a27402a71d58425733d47e7addee8937b391903/all_rounds/fastjson/e05e9c5e4be580691cc55a59f3256595393203a1/./com.alibaba.json.bvt.support.spring.mock.testcase.FastJsonpHttpMessageConverter4Case2Test.test2_2/5.patch,82.15864503500052,True
https://github.com/alibaba/fastjson,e05e9c5e4be580691cc55a59f3256595393203a1,.,ID,com.alibaba.json.bvt.support.spring.mock.testcase.FastJsonpHttpMessageConverter4Case3Test.test1_2,test1_2,Accepted,https://github.com/alibaba/fastjson/pull/3569,,projects/e05e9c5e4be580691cc55a59f3256595393203a1/fastjson/src/test/java/com/alibaba/json/bvt/support/spring/mock/testcase/FastJsonpHttpMessageConverter4Case3Test.java,,"{0: 'test_failure', 1: 'test_failure', 2: 'pom_error', 3: 'pom_error', 4: 'pom_error', 5: 'pom_error'}",8,"{0: 'BUILD SUCCESS', 1: 'BUILD SUCCESS', 2: 'BUILD FAILURE', 3: 'BUILD FAILURE', 4: 'BUILD FAILURE', 5: 'BUILD FAILURE'}",{},outputs/ID_Results_GPT-4_projects_4a27402a71d58425733d47e7addee8937b391903/all_rounds/fastjson/e05e9c5e4be580691cc55a59f3256595393203a1/./com.alibaba.json.bvt.support.spring.mock.testcase.FastJsonpHttpMessageConverter4Case3Test.test1_2/5.patch,125.43496370199136,True
https://github.com/alibaba/fastjson,e05e9c5e4be580691cc55a59f3256595393203a1,.,ID,com.alibaba.json.bvt.writeClassName.WriteDuplicateType.test_dupType2,test_dupType2,Accepted,https://github.com/alibaba/fastjson/pull/2996,,projects/e05e9c5e4be580691cc55a59f3256595393203a1/fastjson/src/test/java/com/alibaba/json/bvt/writeClassName/WriteDuplicateType.java,outputs/ID_Results_GPT-4_projects_4a27402a71d58425733d47e7addee8937b391903/GoodPatches/fastjson/e05e9c5e4be580691cc55a59f3256595393203a1/./com.alibaba.json.bvt.writeClassName.WriteDuplicateType.test_dupType2/1.patch,"{0: 'test_failure', 1: 'test_pass'}",8,"{0: 'BUILD SUCCESS', 1: 'BUILD SUCCESS'}",{},outputs/ID_Results_GPT-4_projects_4a27402a71d58425733d47e7addee8937b391903/all_rounds/fastjson/e05e9c5e4be580691cc55a59f3256595393203a1/./com.alibaba.json.bvt.writeClassName.WriteDuplicateType.test_dupType2/1.patch,24.9407802070491,True
https://github.com/alibaba/jetcache,d28019640ac3eb6ac167dd0dc582adac7656226e,jetcache-test,ID,com.alicp.jetcache.anno.filed.CreateCacheTest.test,test,Accepted,https://github.com/alibaba/jetcache/pull/446,,projects/d28019640ac3eb6ac167dd0dc582adac7656226e/jetcache/jetcache-test/src/test/java/com/alicp/jetcache/anno/filed/CreateCacheTest.java,outputs/ID_Results_GPT-4_projects_4a27402a71d58425733d47e7addee8937b391903/GoodPatches/jetcache/d28019640ac3eb6ac167dd0dc582adac7656226e/jetcache-test/com.alicp.jetcache.anno.filed.CreateCacheTest.test/4.patch,"{0: 'test_failure', 1: 'compilation_error', 2: 'test_failure', 3: 'compilation_error', 4: 'test_pass'}",8,"{0: 'BUILD SUCCESS', 1: 'BUILD FAILURE', 2: 'BUILD SUCCESS', 3: 'BUILD FAILURE', 4: 'BUILD SUCCESS'}",{},outputs/ID_Results_GPT-4_projects_4a27402a71d58425733d47e7addee8937b391903/all_rounds/jetcache/d28019640ac3eb6ac167dd0dc582adac7656226e/jetcache-test/com.alicp.jetcache.anno.filed.CreateCacheTest.test/4.patch,63.429899465991184,True
https://github.com/alibaba/fastjson2,450d9fe5a39f9f911f06882a302a585b93a586fa,fastjson1-compatible,ID,com.alibaba.fastjson.issue_2400.Issue2447.test_for_issue2,test_for_issue2,Accepted,https://github.com/alibaba/fastjson2/pull/2026,https://github.com/alibaba/fastjson2/issues/2017,projects/450d9fe5a39f9f911f06882a302a585b93a586fa/fastjson2/fastjson1-compatible/src/test/java/com/alibaba/fastjson/issue_2400/Issue2447.java,,"{0: 'test_failure', 1: 'build_failure', 2: 'build_failure', 3: 'build_failure', 4: 'build_failure', 5: 'build_failure'}",8,"{0: 'BUILD SUCCESS', 1: 'BUILD FAILURE', 2: 'BUILD FAILURE', 3: 'BUILD FAILURE', 4: 'BUILD FAILURE', 5: 'BUILD FAILURE'}",{},outputs/ID_Results_GPT-4_projects_4a27402a71d58425733d47e7addee8937b391903/all_rounds/fastjson2/450d9fe5a39f9f911f06882a302a585b93a586fa/fastjson1-compatible/com.alibaba.fastjson.issue_2400.Issue2447.test_for_issue2/5.patch,87.73016583104618,True
https://github.com/alibaba/nacos,e77a0bbe0d39a852a52a8d81c20f3fab4f98773d,api,ID,com.alibaba.nacos.api.config.ability.ServerRemoteAbilityTest.testSerialize,testSerialize,Accepted,https://github.com/alibaba/nacos/pull/11373,,projects/e77a0bbe0d39a852a52a8d81c20f3fab4f98773d/nacos/api/src/test/java/com/alibaba/nacos/api/config/ability/ServerRemoteAbilityTest.java,outputs/ID_Results_GPT-4_projects_4a27402a71d58425733d47e7addee8937b391903/GoodPatches/nacos/e77a0bbe0d39a852a52a8d81c20f3fab4f98773d/api/com.alibaba.nacos.api.config.ability.ServerRemoteAbilityTest.testSerialize/1.patch,"{0: 'test_failure', 1: 'test_pass'}",8,"{0: 'BUILD SUCCESS', 1: 'BUILD SUCCESS'}",{},outputs/ID_Results_GPT-4_projects_4a27402a71d58425733d47e7addee8937b391903/all_rounds/nacos/e77a0bbe0d39a852a52a8d81c20f3fab4f98773d/api/com.alibaba.nacos.api.config.ability.ServerRemoteAbilityTest.testSerialize/1.patch,21.507868068059906,True
https://github.com/apache/commons-lang,7c32e527651a8a235d1b78b2f5d3f53d5e9bb6cb,.,ID,org.apache.commons.lang3.builder.HashCodeBuilderTest.testReflectionHashCodeExcludeFields,testReflectionHashCodeExcludeFields,Accepted,https://github.com/apache/commons-lang/pull/480,,projects/7c32e527651a8a235d1b78b2f5d3f53d5e9bb6cb/commons-lang/src/test/java/org/apache/commons/lang3/builder/HashCodeBuilderTest.java,,"{0: 'test_failure', 1: 'test_failure', 2: 'test_failure', 3: 'test_failure', 4: 'test_failure', 5: 'compilation_error'}",8,"{0: 'BUILD SUCCESS', 1: 'BUILD SUCCESS', 2: 'BUILD SUCCESS', 3: 'BUILD SUCCESS', 4: 'BUILD SUCCESS', 5: 'BUILD FAILURE'}",{},outputs/ID_Results_GPT-4_projects_4a27402a71d58425733d47e7addee8937b391903/all_rounds/commons-lang/7c32e527651a8a235d1b78b2f5d3f53d5e9bb6cb/./org.apache.commons.lang3.builder.HashCodeBuilderTest.testReflectionHashCodeExcludeFields/5.patch,131.0658024121076,True
https://github.com/apache/commons-lang,7c32e527651a8a235d1b78b2f5d3f53d5e9bb6cb,.,ID,org.apache.commons.lang3.builder.MultilineRecursiveToStringStyleTest.boolArray,boolArray,Accepted,https://github.com/apache/commons-lang/pull/481,,projects/7c32e527651a8a235d1b78b2f5d3f53d5e9bb6cb/commons-lang/src/test/java/org/apache/commons/lang3/builder/MultilineRecursiveToStringStyleTest.java,,"{0: 'test_failure', 1: 'compilation_error', 2: 'pom_error', 3: 'pom_error', 4: 'pom_error', 5: 'pom_error'}",8,"{0: 'BUILD SUCCESS', 1: 'BUILD FAILURE', 2: 'BUILD FAILURE', 3: 'BUILD FAILURE', 4: 'BUILD FAILURE', 5: 'BUILD FAILURE'}",{},outputs/ID_Results_GPT-4_projects_4a27402a71d58425733d47e7addee8937b391903/all_rounds/commons-lang/7c32e527651a8a235d1b78b2f5d3f53d5e9bb6cb/./org.apache.commons.lang3.builder.MultilineRecursiveToStringStyleTest.boolArray/5.patch,42.95631249109283,True
https://github.com/apache/commons-lang,7c32e527651a8a235d1b78b2f5d3f53d5e9bb6cb,.,ID,org.apache.commons.lang3.builder.MultilineRecursiveToStringStyleTest.charArray,charArray,Accepted,https://github.com/apache/commons-lang/pull/481,,projects/7c32e527651a8a235d1b78b2f5d3f53d5e9bb6cb/commons-lang/src/test/java/org/apache/commons/lang3/builder/MultilineRecursiveToStringStyleTest.java,,"{0: 'test_failure', 1: 'test_failure', 2: 'Stitched:test_failure', 3: 'compilation_error', 4: 'Stitched:pom_error', 5: 'Stitched:pom_error'}",8,"{0: 'BUILD SUCCESS', 1: 'BUILD SUCCESS', 2: 'BUILD SUCCESS', 3: 'BUILD FAILURE', 4: 'BUILD FAILURE', 5: 'BUILD FAILURE'}",{},outputs/ID_Results_GPT-4_projects_4a27402a71d58425733d47e7addee8937b391903/all_rounds/commons-lang/7c32e527651a8a235d1b78b2f5d3f53d5e9bb6cb/./org.apache.commons.lang3.builder.MultilineRecursiveToStringStyleTest.charArray/5.patch,70.52231832710095,True
https://github.com/apache/commons-lang,7c32e527651a8a235d1b78b2f5d3f53d5e9bb6cb,.,ID,org.apache.commons.lang3.builder.MultilineRecursiveToStringStyleTest.intArray,intArray,Accepted,https://github.com/apache/commons-lang/pull/481,,projects/7c32e527651a8a235d1b78b2f5d3f53d5e9bb6cb/commons-lang/src/test/java/org/apache/commons/lang3/builder/MultilineRecursiveToStringStyleTest.java,,"{0: 'test_failure', 1: 'test_failure', 2: 'pom_error', 3: 'pom_error', 4: 'pom_error', 5: 'pom_error'}",8,"{0: 'BUILD SUCCESS', 1: 'BUILD SUCCESS', 2: 'BUILD FAILURE', 3: 'BUILD FAILURE', 4: 'BUILD FAILURE', 5: 'BUILD FAILURE'}",{},outputs/ID_Results_GPT-4_projects_4a27402a71d58425733d47e7addee8937b391903/all_rounds/commons-lang/7c32e527651a8a235d1b78b2f5d3f53d5e9bb6cb/./org.apache.commons.lang3.builder.MultilineRecursiveToStringStyleTest.intArray/5.patch,61.21359428297728,True
https://github.com/apache/commons-lang,7c32e527651a8a235d1b78b2f5d3f53d5e9bb6cb,.,ID,org.apache.commons.lang3.builder.MultilineRecursiveToStringStyleTest.longArray,longArray,Accepted,https://github.com/apache/commons-lang/pull/481,,projects/7c32e527651a8a235d1b78b2f5d3f53d5e9bb6cb/commons-lang/src/test/java/org/apache/commons/lang3/builder/MultilineRecursiveToStringStyleTest.java,,"{0: 'test_failure', 1: 'test_failure', 2: 'compilation_error', 3: 'Stitched:pom_error', 4: 'Stitched:pom_error', 5: 'pom_error'}",8,"{0: 'BUILD SUCCESS', 1: 'BUILD SUCCESS', 2: 'BUILD FAILURE', 3: 'BUILD FAILURE', 4: 'BUILD FAILURE', 5: 'BUILD FAILURE'}",{},outputs/ID_Results_GPT-4_projects_4a27402a71d58425733d47e7addee8937b391903/all_rounds/commons-lang/7c32e527651a8a235d1b78b2f5d3f53d5e9bb6cb/./org.apache.commons.lang3.builder.MultilineRecursiveToStringStyleTest.longArray/5.patch,60.12904802709818,True
https://github.com/apache/commons-lang,7c32e527651a8a235d1b78b2f5d3f53d5e9bb6cb,.,ID,org.apache.commons.lang3.builder.MultilineRecursiveToStringStyleTest.nestedAndArray,nestedAndArray,Accepted,https://github.com/apache/commons-lang/pull/481,,projects/7c32e527651a8a235d1b78b2f5d3f53d5e9bb6cb/commons-lang/src/test/java/org/apache/commons/lang3/builder/MultilineRecursiveToStringStyleTest.java,,"{0: 'test_failure', 1: 'compilation_error', 2: 'pom_error', 3: 'pom_error', 4: 'pom_error', 5: 'pom_error'}",8,"{0: 'BUILD SUCCESS', 1: 'BUILD FAILURE', 2: 'BUILD FAILURE', 3: 'BUILD FAILURE', 4: 'BUILD FAILURE', 5: 'BUILD FAILURE'}",{},outputs/ID_Results_GPT-4_projects_4a27402a71d58425733d47e7addee8937b391903/all_rounds/commons-lang/7c32e527651a8a235d1b78b2f5d3f53d5e9bb6cb/./org.apache.commons.lang3.builder.MultilineRecursiveToStringStyleTest.nestedAndArray/5.patch,90.83274373202585,True
https://github.com/apache/commons-lang,7c32e527651a8a235d1b78b2f5d3f53d5e9bb6cb,.,ID,org.apache.commons.lang3.builder.MultilineRecursiveToStringStyleTest.nestedElements,nestedElements,Accepted,https://github.com/apache/commons-lang/pull/481,,projects/7c32e527651a8a235d1b78b2f5d3f53d5e9bb6cb/commons-lang/src/test/java/org/apache/commons/lang3/builder/MultilineRecursiveToStringStyleTest.java,,"{0: 'test_failure', 1: 'compilation_error', 2: 'test_failure', 3: 'compilation_error', 4: 'pom_error', 5: 'pom_error'}",8,"{0: 'BUILD SUCCESS', 1: 'BUILD FAILURE', 2: 'BUILD SUCCESS', 3: 'BUILD FAILURE', 4: 'BUILD FAILURE', 5: 'BUILD FAILURE'}",{},outputs/ID_Results_GPT-4_projects_4a27402a71d58425733d47e7addee8937b391903/all_rounds/commons-lang/7c32e527651a8a235d1b78b2f5d3f53d5e9bb6cb/./org.apache.commons.lang3.builder.MultilineRecursiveToStringStyleTest.nestedElements/5.patch,106.29524067416787,True
https://github.com/apache/commons-lang,7c32e527651a8a235d1b78b2f5d3f53d5e9bb6cb,.,ID,org.apache.commons.lang3.builder.MultilineRecursiveToStringStyleTest.simpleObject,simpleObject,Accepted,https://github.com/apache/commons-lang/pull/481,,projects/7c32e527651a8a235d1b78b2f5d3f53d5e9bb6cb/commons-lang/src/test/java/org/apache/commons/lang3/builder/MultilineRecursiveToStringStyleTest.java,outputs/ID_Results_GPT-4_projects_4a27402a71d58425733d47e7addee8937b391903/GoodPatches/commons-lang/7c32e527651a8a235d1b78b2f5d3f53d5e9bb6cb/./org.apache.commons.lang3.builder.MultilineRecursiveToStringStyleTest.simpleObject/2.patch,"{0: 'test_failure', 1: 'compilation_error', 2: 'test_pass'}",8,"{0: 'BUILD SUCCESS', 1: 'BUILD FAILURE', 2: 'BUILD SUCCESS'}",{},outputs/ID_Results_GPT-4_projects_4a27402a71d58425733d47e7addee8937b391903/all_rounds/commons-lang/7c32e527651a8a235d1b78b2f5d3f53d5e9bb6cb/./org.apache.commons.lang3.builder.MultilineRecursiveToStringStyleTest.simpleObject/2.patch,38.896867914823815,True
https://github.com/apache/commons-lang,7c32e527651a8a235d1b78b2f5d3f53d5e9bb6cb,.,ID,org.apache.commons.lang3.builder.MultilineRecursiveToStringStyleTest.stringArray,stringArray,Accepted,https://github.com/apache/commons-lang/pull/481,,projects/7c32e527651a8a235d1b78b2f5d3f53d5e9bb6cb/commons-lang/src/test/java/org/apache/commons/lang3/builder/MultilineRecursiveToStringStyleTest.java,,"{0: 'test_failure', 1: 'test_failure', 2: 'test_failure', 3: 'test_failure', 4: 'pom_error', 5: 'pom_error'}",8,"{0: 'BUILD SUCCESS', 1: 'BUILD SUCCESS', 2: 'BUILD SUCCESS', 3: 'BUILD SUCCESS', 4: 'BUILD FAILURE', 5: 'BUILD FAILURE'}",{},outputs/ID_Results_GPT-4_projects_4a27402a71d58425733d47e7addee8937b391903/all_rounds/commons-lang/7c32e527651a8a235d1b78b2f5d3f53d5e9bb6cb/./org.apache.commons.lang3.builder.MultilineRecursiveToStringStyleTest.stringArray/5.patch,101.33772572595626,True
https://github.com/apache/commons-lang,7c32e527651a8a235d1b78b2f5d3f53d5e9bb6cb,.,ID,org.apache.commons.lang3.builder.RecursiveToStringStyleTest.testPerson,testPerson,Accepted,https://github.com/apache/commons-lang/pull/481,,projects/7c32e527651a8a235d1b78b2f5d3f53d5e9bb6cb/commons-lang/src/test/java/org/apache/commons/lang3/builder/RecursiveToStringStyleTest.java,,"{0: 'test_failure', 1: 'compilation_error', 2: 'Stitched:pom_error', 3: 'pom_error', 4: 'pom_error', 5: 'pom_error'}",8,"{0: 'BUILD SUCCESS', 1: 'BUILD FAILURE', 2: 'BUILD FAILURE', 3: 'BUILD FAILURE', 4: 'BUILD FAILURE', 5: 'BUILD FAILURE'}",{},outputs/ID_Results_GPT-4_projects_4a27402a71d58425733d47e7addee8937b391903/all_rounds/commons-lang/7c32e527651a8a235d1b78b2f5d3f53d5e9bb6cb/./org.apache.commons.lang3.builder.RecursiveToStringStyleTest.testPerson/5.patch,89.32205116911791,True
https://github.com/apache/commons-lang,7c32e527651a8a235d1b78b2f5d3f53d5e9bb6cb,.,ID,org.apache.commons.lang3.builder.ReflectionToStringBuilderSummaryTest.testSummary,testSummary,Accepted,https://github.com/apache/commons-lang/pull/481,,projects/7c32e527651a8a235d1b78b2f5d3f53d5e9bb6cb/commons-lang/src/test/java/org/apache/commons/lang3/builder/ReflectionToStringBuilderSummaryTest.java,,"{0: 'test_failure', 1: 'compilation_error', 2: 'pom_error', 3: 'pom_error', 4: 'pom_error', 5: 'pom_error'}",8,"{0: 'BUILD SUCCESS', 1: 'BUILD FAILURE', 2: 'BUILD FAILURE', 3: 'BUILD FAILURE', 4: 'BUILD FAILURE', 5: 'BUILD FAILURE'}",{},outputs/ID_Results_GPT-4_projects_4a27402a71d58425733d47e7addee8937b391903/all_rounds/commons-lang/7c32e527651a8a235d1b78b2f5d3f53d5e9bb6cb/./org.apache.commons.lang3.builder.ReflectionToStringBuilderSummaryTest.testSummary/5.patch,45.935287225060165,True
https://github.com/apache/commons-lang,7c32e527651a8a235d1b78b2f5d3f53d5e9bb6cb,.,ID,org.apache.commons.lang3.builder.ToStringBuilderTest.testInheritedReflectionStatics,testInheritedReflectionStatics,Accepted,https://github.com/apache/commons-lang/pull/481,,projects/7c32e527651a8a235d1b78b2f5d3f53d5e9bb6cb/commons-lang/src/test/java/org/apache/commons/lang3/builder/ToStringBuilderTest.java,outputs/ID_Results_GPT-4_projects_4a27402a71d58425733d47e7addee8937b391903/GoodPatches/commons-lang/7c32e527651a8a235d1b78b2f5d3f53d5e9bb6cb/./org.apache.commons.lang3.builder.ToStringBuilderTest.testInheritedReflectionStatics/2.patch,"{0: 'test_failure', 1: 'compilation_error', 2: 'test_pass'}",8,"{0: 'BUILD SUCCESS', 1: 'BUILD FAILURE', 2: 'BUILD SUCCESS'}",{},outputs/ID_Results_GPT-4_projects_4a27402a71d58425733d47e7addee8937b391903/all_rounds/commons-lang/7c32e527651a8a235d1b78b2f5d3f53d5e9bb6cb/./org.apache.commons.lang3.builder.ToStringBuilderTest.testInheritedReflectionStatics/2.patch,83.19193887687288,True
https://github.com/apache/commons-lang,7c32e527651a8a235d1b78b2f5d3f53d5e9bb6cb,.,ID,org.apache.commons.lang3.builder.ToStringBuilderTest.testReflectionHierarchy,testReflectionHierarchy,Accepted,https://github.com/apache/commons-lang/pull/481,,projects/7c32e527651a8a235d1b78b2f5d3f53d5e9bb6cb/commons-lang/src/test/java/org/apache/commons/lang3/builder/ToStringBuilderTest.java,,"{0: 'test_failure', 1: 'compilation_error', 2: 'compilation_error', 3: 'compilation_error', 4: 'Stitched:pom_error', 5: 'pom_error'}",8,"{0: 'BUILD SUCCESS', 1: 'BUILD FAILURE', 2: 'BUILD FAILURE', 3: 'BUILD FAILURE', 4: 'BUILD FAILURE', 5: 'BUILD FAILURE'}",{},outputs/ID_Results_GPT-4_projects_4a27402a71d58425733d47e7addee8937b391903/all_rounds/commons-lang/7c32e527651a8a235d1b78b2f5d3f53d5e9bb6cb/./org.apache.commons.lang3.builder.ToStringBuilderTest.testReflectionHierarchy/5.patch,244.91780869686045,True
https://github.com/apache/commons-lang,7c32e527651a8a235d1b78b2f5d3f53d5e9bb6cb,.,ID,org.apache.commons.lang3.builder.ToStringBuilderTest.testReflectionHierarchyArrayList,testReflectionHierarchyArrayList,Accepted,https://github.com/apache/commons-lang/pull/481,,projects/7c32e527651a8a235d1b78b2f5d3f53d5e9bb6cb/commons-lang/src/test/java/org/apache/commons/lang3/builder/ToStringBuilderTest.java,,"{0: 'test_failure', 1: 'compilation_error', 2: 'pom_error', 3: 'pom_error', 4: 'pom_error', 5: 'pom_error'}",8,"{0: 'BUILD SUCCESS', 1: 'BUILD FAILURE', 2: 'BUILD FAILURE', 3: 'BUILD FAILURE', 4: 'BUILD FAILURE', 5: 'BUILD FAILURE'}",{},outputs/ID_Results_GPT-4_projects_4a27402a71d58425733d47e7addee8937b391903/all_rounds/commons-lang/7c32e527651a8a235d1b78b2f5d3f53d5e9bb6cb/./org.apache.commons.lang3.builder.ToStringBuilderTest.testReflectionHierarchyArrayList/5.patch,90.895839397097,True
https://github.com/apache/commons-lang,7c32e527651a8a235d1b78b2f5d3f53d5e9bb6cb,.,ID,org.apache.commons.lang3.builder.ToStringBuilderTest.testReflectionStatics,testReflectionStatics,Accepted,https://github.com/apache/commons-lang/pull/481,,projects/7c32e527651a8a235d1b78b2f5d3f53d5e9bb6cb/commons-lang/src/test/java/org/apache/commons/lang3/builder/ToStringBuilderTest.java,,"{0: 'test_failure', 1: 'pom_error', 2: 'pom_error', 3: 'pom_error', 4: 'pom_error', 5: 'pom_error'}",8,"{0: 'BUILD SUCCESS', 1: 'BUILD FAILURE', 2: 'BUILD FAILURE', 3: 'BUILD FAILURE', 4: 'BUILD FAILURE', 5: 'BUILD FAILURE'}",{},outputs/ID_Results_GPT-4_projects_4a27402a71d58425733d47e7addee8937b391903/all_rounds/commons-lang/7c32e527651a8a235d1b78b2f5d3f53d5e9bb6cb/./org.apache.commons.lang3.builder.ToStringBuilderTest.testReflectionStatics/5.patch,135.05321231810376,True
https://github.com/apache/commons-lang,7c32e527651a8a235d1b78b2f5d3f53d5e9bb6cb,.,ID,org.apache.commons.lang3.builder.ToStringBuilderTest.testSelfInstanceTwoVarsReflectionObjectCycle,testSelfInstanceTwoVarsReflectionObjectCycle,Accepted,https://github.com/apache/commons-lang/pull/481,,projects/7c32e527651a8a235d1b78b2f5d3f53d5e9bb6cb/commons-lang/src/test/java/org/apache/commons/lang3/builder/ToStringBuilderTest.java,,"{0: 'test_failure', 1: 'compilation_error', 2: 'pom_error', 3: 'pom_error', 4: 'pom_error', 5: 'Stitched:pom_error'}",8,"{0: 'BUILD SUCCESS', 1: 'BUILD FAILURE', 2: 'BUILD FAILURE', 3: 'BUILD FAILURE', 4: 'BUILD FAILURE', 5: 'BUILD FAILURE'}",{},outputs/ID_Results_GPT-4_projects_4a27402a71d58425733d47e7addee8937b391903/all_rounds/commons-lang/7c32e527651a8a235d1b78b2f5d3f53d5e9bb6cb/./org.apache.commons.lang3.builder.ToStringBuilderTest.testSelfInstanceTwoVarsReflectionObjectCycle/5.patch,63.302066618110985,True
https://github.com/apache/commons-lang,7c32e527651a8a235d1b78b2f5d3f53d5e9bb6cb,.,ID,org.apache.commons.lang3.builder.ToStringBuilderTest.testSimpleReflectionStatics,testSimpleReflectionStatics,Accepted,https://github.com/apache/commons-lang/pull/481,,projects/7c32e527651a8a235d1b78b2f5d3f53d5e9bb6cb/commons-lang/src/test/java/org/apache/commons/lang3/builder/ToStringBuilderTest.java,outputs/ID_Results_GPT-4_projects_4a27402a71d58425733d47e7addee8937b391903/GoodPatches/commons-lang/7c32e527651a8a235d1b78b2f5d3f53d5e9bb6cb/./org.apache.commons.lang3.builder.ToStringBuilderTest.testSimpleReflectionStatics/2.patch,"{0: 'test_failure', 1: 'compilation_error', 2: 'test_pass'}",8,"{0: 'BUILD SUCCESS', 1: 'BUILD FAILURE', 2: 'BUILD SUCCESS'}",{},outputs/ID_Results_GPT-4_projects_4a27402a71d58425733d47e7addee8937b391903/all_rounds/commons-lang/7c32e527651a8a235d1b78b2f5d3f53d5e9bb6cb/./org.apache.commons.lang3.builder.ToStringBuilderTest.testSimpleReflectionStatics/2.patch,71.68955883290619,True
https://github.com/apache/commons-lang,7c32e527651a8a235d1b78b2f5d3f53d5e9bb6cb,.,ID,org.apache.commons.lang3.builder.HashCodeBuilderTest.testReflectionHierarchyHashCode,testReflectionHierarchyHashCode,Accepted,https://github.com/apache/commons-lang/pull/480,,projects/7c32e527651a8a235d1b78b2f5d3f53d5e9bb6cb/commons-lang/src/test/java/org/apache/commons/lang3/builder/HashCodeBuilderTest.java,,"{0: 'test_failure', 1: 'test_failure', 2: 'test_failure', 3: 'test_failure', 4: 'test_failure', 5: 'test_failure'}",8,"{0: 'BUILD SUCCESS', 1: 'BUILD SUCCESS', 2: 'BUILD SUCCESS', 3: 'BUILD SUCCESS', 4: 'BUILD SUCCESS', 5: 'BUILD SUCCESS'}",{},outputs/ID_Results_GPT-4_projects_4a27402a71d58425733d47e7addee8937b391903/all_rounds/commons-lang/7c32e527651a8a235d1b78b2f5d3f53d5e9bb6cb/./org.apache.commons.lang3.builder.HashCodeBuilderTest.testReflectionHierarchyHashCode/5.patch,194.3641099499073,True
https://github.com/apache/commons-lang,7c32e527651a8a235d1b78b2f5d3f53d5e9bb6cb,.,ID,org.apache.commons.lang3.builder.MultilineRecursiveToStringStyleTest.doubleArray,doubleArray,Accepted,https://github.com/apache/commons-lang/pull/481,,projects/7c32e527651a8a235d1b78b2f5d3f53d5e9bb6cb/commons-lang/src/test/java/org/apache/commons/lang3/builder/MultilineRecursiveToStringStyleTest.java,,"{0: 'test_failure', 1: 'test_failure', 2: 'compilation_error', 3: 'Stitched:pom_error', 4: 'Stitched:pom_error', 5: 'pom_error'}",8,"{0: 'BUILD SUCCESS', 1: 'BUILD SUCCESS', 2: 'BUILD FAILURE', 3: 'BUILD FAILURE', 4: 'BUILD FAILURE', 5: 'BUILD FAILURE'}",{},outputs/ID_Results_GPT-4_projects_4a27402a71d58425733d47e7addee8937b391903/all_rounds/commons-lang/7c32e527651a8a235d1b78b2f5d3f53d5e9bb6cb/./org.apache.commons.lang3.builder.MultilineRecursiveToStringStyleTest.doubleArray/5.patch,109.83433889900334,True
https://github.com/apache/commons-lang,7c32e527651a8a235d1b78b2f5d3f53d5e9bb6cb,.,ID,org.apache.commons.lang3.builder.MultilineRecursiveToStringStyleTest.noArray,noArray,Accepted,https://github.com/apache/commons-lang/pull/481,,projects/7c32e527651a8a235d1b78b2f5d3f53d5e9bb6cb/commons-lang/src/test/java/org/apache/commons/lang3/builder/MultilineRecursiveToStringStyleTest.java,,"{0: 'test_failure', 1: 'compilation_error', 2: 'Stitched:compilation_error', 3: 'Stitched:pom_error', 4: 'pom_error', 5: 'pom_error'}",8,"{0: 'BUILD SUCCESS', 1: 'BUILD FAILURE', 2: 'BUILD FAILURE', 3: 'BUILD FAILURE', 4: 'BUILD FAILURE', 5: 'BUILD FAILURE'}",{},outputs/ID_Results_GPT-4_projects_4a27402a71d58425733d47e7addee8937b391903/all_rounds/commons-lang/7c32e527651a8a235d1b78b2f5d3f53d5e9bb6cb/./org.apache.commons.lang3.builder.MultilineRecursiveToStringStyleTest.noArray/5.patch,64.89841177407652,True
https://github.com/apache/hadoop,14cd969b6ea1898e9db6eeb9ea5292ec4558a706,hadoop-common-project/hadoop-common,ID,org.apache.hadoop.metrics2.impl.TestMetricsSystemImpl.testInitFirstVerifyCallBacks,testInitFirstVerifyCallBacks,Accepted,https://github.com/apache/hadoop/pull/1868,,projects/14cd969b6ea1898e9db6eeb9ea5292ec4558a706/hadoop/hadoop-common-project/hadoop-common/src/test/java/org/apache/hadoop/metrics2/impl/TestMetricsSystemImpl.java,outputs/ID_Results_GPT-4_projects_4a27402a71d58425733d47e7addee8937b391903/GoodPatches/hadoop/14cd969b6ea1898e9db6eeb9ea5292ec4558a706/hadoop-common-project/hadoop-common/org.apache.hadoop.metrics2.impl.TestMetricsSystemImpl.testInitFirstVerifyCallBacks/2.patch,"{0: 'test_failure', 1: 'compilation_error', 2: 'test_pass'}",8,"{0: 'BUILD SUCCESS', 1: 'BUILD FAILURE', 2: 'BUILD SUCCESS'}",{},outputs/ID_Results_GPT-4_projects_4a27402a71d58425733d47e7addee8937b391903/all_rounds/hadoop/14cd969b6ea1898e9db6eeb9ea5292ec4558a706/hadoop-common-project/hadoop-common/org.apache.hadoop.metrics2.impl.TestMetricsSystemImpl.testInitFirstVerifyCallBacks/2.patch,110.98213026998565,True
https://github.com/apache/hadoop,14cd969b6ea1898e9db6eeb9ea5292ec4558a706,hadoop-common-project/hadoop-common,ID,org.apache.hadoop.metrics2.impl.TestMetricsSystemImpl.testInitFirstVerifyStopInvokedImmediately,testInitFirstVerifyStopInvokedImmediately,Accepted,https://github.com/apache/hadoop/pull/1868,,projects/14cd969b6ea1898e9db6eeb9ea5292ec4558a706/hadoop/hadoop-common-project/hadoop-common/src/test/java/org/apache/hadoop/metrics2/impl/TestMetricsSystemImpl.java,,"{0: 'test_failure', 1: 'test_failure', 2: 'compilation_error', 3: 'compilation_error', 4: 'Stitched:compilation_error', 5: 'compilation_error'}",8,"{0: 'BUILD SUCCESS', 1: 'BUILD SUCCESS', 2: 'BUILD FAILURE', 3: 'BUILD FAILURE', 4: 'BUILD FAILURE', 5: 'BUILD FAILURE'}",{},outputs/ID_Results_GPT-4_projects_4a27402a71d58425733d47e7addee8937b391903/all_rounds/hadoop/14cd969b6ea1898e9db6eeb9ea5292ec4558a706/hadoop-common-project/hadoop-common/org.apache.hadoop.metrics2.impl.TestMetricsSystemImpl.testInitFirstVerifyStopInvokedImmediately/5.patch,293.70157045614906,True
https://github.com/apache/incubator-shardingsphere,038232e9b2f7fb22ccf50c04b74fb900732b345d,sharding-orchestration/sharding-orchestration-core,ID,org.apache.shardingsphere.orchestration.internal.registry.config.service.ConfigurationServiceTest.assertPersistConfigurationForMasterSlaveRuleWithAuthenticationAndIsNotOverwriteAndConfigurationIsNotExisted,assertPersistConfigurationForMasterSlaveRuleWithAuthenticationAndIsNotOverwriteAndConfigurationIsNotExisted,Accepted,https://github.com/apache/incubator-shardingsphere/pull/3109,,projects/038232e9b2f7fb22ccf50c04b74fb900732b345d/incubator-shardingsphere/sharding-orchestration/sharding-orchestration-core/src/test/java/org/apache/shardingsphere/orchestration/internal/registry/config/service/ConfigurationServiceTest.java,,"{0: 'test_failure', 1: 'Stitched:compilation_error', 2: 'compilation_error', 3: 'compilation_error', 4: 'compilation_error', 5: 'compilation_error'}",8,"{0: 'BUILD SUCCESS', 1: 'BUILD FAILURE', 2: 'BUILD FAILURE', 3: 'BUILD FAILURE', 4: 'BUILD FAILURE', 5: 'BUILD FAILURE'}",{},outputs/ID_Results_GPT-4_projects_4a27402a71d58425733d47e7addee8937b391903/all_rounds/incubator-shardingsphere/038232e9b2f7fb22ccf50c04b74fb900732b345d/sharding-orchestration/sharding-orchestration-core/org.apache.shardingsphere.orchestration.internal.registry.config.service.ConfigurationServiceTest.assertPersistConfigurationForMasterSlaveRuleWithAuthenticationAndIsNotOverwriteAndConfigurationIsNotExisted/5.patch,119.49038867093623,True
https://github.com/apache/incubator-shardingsphere,038232e9b2f7fb22ccf50c04b74fb900732b345d,sharding-orchestration/sharding-orchestration-core,ID,org.apache.shardingsphere.orchestration.internal.registry.config.service.ConfigurationServiceTest.assertPersistConfigurationForMasterSlaveRuleWithAuthenticationAndIsOverwrite,assertPersistConfigurationForMasterSlaveRuleWithAuthenticationAndIsOverwrite,Accepted,https://github.com/apache/incubator-shardingsphere/pull/3109,,projects/038232e9b2f7fb22ccf50c04b74fb900732b345d/incubator-shardingsphere/sharding-orchestration/sharding-orchestration-core/src/test/java/org/apache/shardingsphere/orchestration/internal/registry/config/service/ConfigurationServiceTest.java,outputs/ID_Results_GPT-4_projects_4a27402a71d58425733d47e7addee8937b391903/GoodPatches/incubator-shardingsphere/038232e9b2f7fb22ccf50c04b74fb900732b345d/sharding-orchestration/sharding-orchestration-core/org.apache.shardingsphere.orchestration.internal.registry.config.service.ConfigurationServiceTest.assertPersistConfigurationForMasterSlaveRuleWithAuthenticationAndIsOverwrite/5.patch,"{0: 'test_failure', 1: 'compilation_error', 2: 'compilation_error', 3: 'compilation_error', 4: 'test_failure', 5: 'test_pass'}",8,"{0: 'BUILD SUCCESS', 1: 'BUILD FAILURE', 2: 'BUILD FAILURE', 3: 'BUILD FAILURE', 4: 'BUILD SUCCESS', 5: 'BUILD SUCCESS'}",{},outputs/ID_Results_GPT-4_projects_4a27402a71d58425733d47e7addee8937b391903/all_rounds/incubator-shardingsphere/038232e9b2f7fb22ccf50c04b74fb900732b345d/sharding-orchestration/sharding-orchestration-core/org.apache.shardingsphere.orchestration.internal.registry.config.service.ConfigurationServiceTest.assertPersistConfigurationForMasterSlaveRuleWithAuthenticationAndIsOverwrite/5.patch,131.45563357812352,True
https://github.com/apache/incubator-shardingsphere,038232e9b2f7fb22ccf50c04b74fb900732b345d,sharding-orchestration/sharding-orchestration-core,ID,org.apache.shardingsphere.orchestration.internal.registry.config.service.ConfigurationServiceTest.assertPersistConfigurationForShardingRuleWithAuthenticationAndIsNotOverwriteAndConfigurationIsNotExisted,assertPersistConfigurationForShardingRuleWithAuthenticationAndIsNotOverwriteAndConfigurationIsNotExisted,Accepted,https://github.com/apache/incubator-shardingsphere/pull/3109,,projects/038232e9b2f7fb22ccf50c04b74fb900732b345d/incubator-shardingsphere/sharding-orchestration/sharding-orchestration-core/src/test/java/org/apache/shardingsphere/orchestration/internal/registry/config/service/ConfigurationServiceTest.java,outputs/ID_Results_GPT-4_projects_4a27402a71d58425733d47e7addee8937b391903/GoodPatches/incubator-shardingsphere/038232e9b2f7fb22ccf50c04b74fb900732b345d/sharding-orchestration/sharding-orchestration-core/org.apache.shardingsphere.orchestration.internal.registry.config.service.ConfigurationServiceTest.assertPersistConfigurationForShardingRuleWithAuthenticationAndIsNotOverwriteAndConfigurationIsNotExisted/1.patch,"{0: 'test_failure', 1: 'test_pass'}",8,"{0: 'BUILD SUCCESS', 1: 'BUILD SUCCESS'}",{},outputs/ID_Results_GPT-4_projects_4a27402a71d58425733d47e7addee8937b391903/all_rounds/incubator-shardingsphere/038232e9b2f7fb22ccf50c04b74fb900732b345d/sharding-orchestration/sharding-orchestration-core/org.apache.shardingsphere.orchestration.internal.registry.config.service.ConfigurationServiceTest.assertPersistConfigurationForShardingRuleWithAuthenticationAndIsNotOverwriteAndConfigurationIsNotExisted/1.patch,22.9250694650691,True
https://github.com/apache/incubator-shardingsphere,038232e9b2f7fb22ccf50c04b74fb900732b345d,sharding-orchestration/sharding-orchestration-core,ID,org.apache.shardingsphere.orchestration.internal.registry.config.service.ConfigurationServiceTest.assertPersistConfigurationForShardingRuleWithAuthenticationAndIsOverwrite,assertPersistConfigurationForShardingRuleWithAuthenticationAndIsOverwrite,Accepted,https://github.com/apache/incubator-shardingsphere/pull/3109,,projects/038232e9b2f7fb22ccf50c04b74fb900732b345d/incubator-shardingsphere/sharding-orchestration/sharding-orchestration-core/src/test/java/org/apache/shardingsphere/orchestration/internal/registry/config/service/ConfigurationServiceTest.java,,"{0: 'test_failure', 1: 'compilation_error', 2: 'compilation_error', 3: 'Stitched:compilation_error', 4: 'Stitched:compilation_error', 5: 'compilation_error'}",8,"{0: 'BUILD SUCCESS', 1: 'BUILD FAILURE', 2: 'BUILD FAILURE', 3: 'BUILD FAILURE', 4: 'BUILD FAILURE', 5: 'BUILD FAILURE'}",{},outputs/ID_Results_GPT-4_projects_4a27402a71d58425733d47e7addee8937b391903/all_rounds/incubator-shardingsphere/038232e9b2f7fb22ccf50c04b74fb900732b345d/sharding-orchestration/sharding-orchestration-core/org.apache.shardingsphere.orchestration.internal.registry.config.service.ConfigurationServiceTest.assertPersistConfigurationForShardingRuleWithAuthenticationAndIsOverwrite/5.patch,99.48947502416559,True
https://github.com/apache/incubator-shardingsphere,038232e9b2f7fb22ccf50c04b74fb900732b345d,sharding-jdbc/sharding-jdbc-core,ID,org.apache.shardingsphere.shardingjdbc.jdbc.core.datasource.MasterSlaveDataSourceTest.assertGetDatabaseProductName,assertGetDatabaseProductName,Accepted,https://github.com/apache/incubator-shardingsphere/pull/3072,,projects/038232e9b2f7fb22ccf50c04b74fb900732b345d/incubator-shardingsphere/sharding-jdbc/sharding-jdbc-core/src/test/java/org/apache/shardingsphere/shardingjdbc/jdbc/core/datasource/MasterSlaveDataSourceTest.java,outputs/ID_Results_GPT-4_projects_4a27402a71d58425733d47e7addee8937b391903/GoodPatches/incubator-shardingsphere/038232e9b2f7fb22ccf50c04b74fb900732b345d/sharding-jdbc/sharding-jdbc-core/org.apache.shardingsphere.shardingjdbc.jdbc.core.datasource.MasterSlaveDataSourceTest.assertGetDatabaseProductName/1.patch,"{0: 'test_failure', 1: 'test_pass'}",8,"{0: 'BUILD SUCCESS', 1: 'BUILD SUCCESS'}",{},outputs/ID_Results_GPT-4_projects_4a27402a71d58425733d47e7addee8937b391903/all_rounds/incubator-shardingsphere/038232e9b2f7fb22ccf50c04b74fb900732b345d/sharding-jdbc/sharding-jdbc-core/org.apache.shardingsphere.shardingjdbc.jdbc.core.datasource.MasterSlaveDataSourceTest.assertGetDatabaseProductName/1.patch,31.804423284018412,True
https://github.com/apache/incubator-shardingsphere,038232e9b2f7fb22ccf50c04b74fb900732b345d,sharding-jdbc/sharding-jdbc-core,ID,org.apache.shardingsphere.shardingjdbc.jdbc.core.statement.EncryptPreparedStatementTest.assertDeleteWithExecute,assertDeleteWithExecute,Accepted,https://github.com/apache/incubator-shardingsphere/pull/3164,,projects/038232e9b2f7fb22ccf50c04b74fb900732b345d/incubator-shardingsphere/sharding-jdbc/sharding-jdbc-core/src/test/java/org/apache/shardingsphere/shardingjdbc/jdbc/core/statement/EncryptPreparedStatementTest.java,outputs/ID_Results_GPT-4_projects_4a27402a71d58425733d47e7addee8937b391903/GoodPatches/incubator-shardingsphere/038232e9b2f7fb22ccf50c04b74fb900732b345d/sharding-jdbc/sharding-jdbc-core/org.apache.shardingsphere.shardingjdbc.jdbc.core.statement.EncryptPreparedStatementTest.assertDeleteWithExecute/3.patch,"{0: 'test_failure', 1: 'Stitched:test_failure', 2: 'test_failure', 3: 'test_pass'}",8,"{0: 'BUILD SUCCESS', 1: 'BUILD SUCCESS', 2: 'BUILD SUCCESS', 3: 'BUILD SUCCESS'}",{},outputs/ID_Results_GPT-4_projects_4a27402a71d58425733d47e7addee8937b391903/all_rounds/incubator-shardingsphere/038232e9b2f7fb22ccf50c04b74fb900732b345d/sharding-jdbc/sharding-jdbc-core/org.apache.shardingsphere.shardingjdbc.jdbc.core.statement.EncryptPreparedStatementTest.assertDeleteWithExecute/3.patch,70.40790170500986,True
https://github.com/apache/incubator-shardingsphere,038232e9b2f7fb22ccf50c04b74fb900732b345d,sharding-jdbc/sharding-jdbc-core,ID,org.apache.shardingsphere.shardingjdbc.jdbc.core.statement.EncryptPreparedStatementTest.assertInsertWithExecute,assertInsertWithExecute,Accepted,https://github.com/apache/incubator-shardingsphere/pull/3164,,projects/038232e9b2f7fb22ccf50c04b74fb900732b345d/incubator-shardingsphere/sharding-jdbc/sharding-jdbc-core/src/test/java/org/apache/shardingsphere/shardingjdbc/jdbc/core/statement/EncryptPreparedStatementTest.java,,"{0: 'test_failure', 1: 'Stitched:test_failure', 2: 'test_failure', 3: 'test_failure', 4: 'test_failure', 5: 'test_failure'}",8,"{0: 'BUILD SUCCESS', 1: 'BUILD SUCCESS', 2: 'BUILD SUCCESS', 3: 'BUILD SUCCESS', 4: 'BUILD SUCCESS', 5: 'BUILD SUCCESS'}",{},outputs/ID_Results_GPT-4_projects_4a27402a71d58425733d47e7addee8937b391903/all_rounds/incubator-shardingsphere/038232e9b2f7fb22ccf50c04b74fb900732b345d/sharding-jdbc/sharding-jdbc-core/org.apache.shardingsphere.shardingjdbc.jdbc.core.statement.EncryptPreparedStatementTest.assertInsertWithExecute/5.patch,115.98110945196822,True
https://github.com/apache/incubator-shardingsphere,038232e9b2f7fb22ccf50c04b74fb900732b345d,sharding-jdbc/sharding-jdbc-core,ID,org.apache.shardingsphere.shardingjdbc.jdbc.core.statement.EncryptPreparedStatementTest.assertInsertWithExecuteWithGeneratedKey,assertInsertWithExecuteWithGeneratedKey,Accepted,https://github.com/apache/incubator-shardingsphere/pull/3164,,projects/038232e9b2f7fb22ccf50c04b74fb900732b345d/incubator-shardingsphere/sharding-jdbc/sharding-jdbc-core/src/test/java/org/apache/shardingsphere/shardingjdbc/jdbc/core/statement/EncryptPreparedStatementTest.java,,"{0: 'test_failure', 1: 'test_failure', 2: 'Stitched:test_failure', 3: 'Stitched:test_failure', 4: 'Stitched:test_failure', 5: 'test_failure'}",8,"{0: 'BUILD SUCCESS', 1: 'BUILD SUCCESS', 2: 'BUILD SUCCESS', 3: 'BUILD SUCCESS', 4: 'BUILD SUCCESS', 5: 'BUILD SUCCESS'}",{},outputs/ID_Results_GPT-4_projects_4a27402a71d58425733d47e7addee8937b391903/all_rounds/incubator-shardingsphere/038232e9b2f7fb22ccf50c04b74fb900732b345d/sharding-jdbc/sharding-jdbc-core/org.apache.shardingsphere.shardingjdbc.jdbc.core.statement.EncryptPreparedStatementTest.assertInsertWithExecuteWithGeneratedKey/5.patch,141.24531951290555,True
https://github.com/apache/incubator-shardingsphere,038232e9b2f7fb22ccf50c04b74fb900732b345d,sharding-jdbc/sharding-jdbc-core,ID,org.apache.shardingsphere.shardingjdbc.jdbc.core.statement.EncryptPreparedStatementTest.assertUpdateWithExecuteUpdate,assertUpdateWithExecuteUpdate,Accepted,https://github.com/apache/incubator-shardingsphere/pull/3164,,projects/038232e9b2f7fb22ccf50c04b74fb900732b345d/incubator-shardingsphere/sharding-jdbc/sharding-jdbc-core/src/test/java/org/apache/shardingsphere/shardingjdbc/jdbc/core/statement/EncryptPreparedStatementTest.java,outputs/ID_Results_GPT-4_projects_4a27402a71d58425733d47e7addee8937b391903/GoodPatches/incubator-shardingsphere/038232e9b2f7fb22ccf50c04b74fb900732b345d/sharding-jdbc/sharding-jdbc-core/org.apache.shardingsphere.shardingjdbc.jdbc.core.statement.EncryptPreparedStatementTest.assertUpdateWithExecuteUpdate/4.patch,"{0: 'test_failure', 1: 'test_failure', 2: 'test_failure', 3: 'test_failure', 4: 'test_pass'}",8,"{0: 'BUILD SUCCESS', 1: 'BUILD SUCCESS', 2: 'BUILD SUCCESS', 3: 'BUILD SUCCESS', 4: 'BUILD SUCCESS'}",{},outputs/ID_Results_GPT-4_projects_4a27402a71d58425733d47e7addee8937b391903/all_rounds/incubator-shardingsphere/038232e9b2f7fb22ccf50c04b74fb900732b345d/sharding-jdbc/sharding-jdbc-core/org.apache.shardingsphere.shardingjdbc.jdbc.core.statement.EncryptPreparedStatementTest.assertUpdateWithExecuteUpdate/4.patch,127.17163060395978,True
https://github.com/apache/incubator-shardingsphere,038232e9b2f7fb22ccf50c04b74fb900732b345d,sharding-jdbc/sharding-jdbc-core,ID,org.apache.shardingsphere.shardingjdbc.jdbc.core.statement.EncryptStatementTest.assertDeleteWithExecute,assertDeleteWithExecute,Accepted,https://github.com/apache/incubator-shardingsphere/pull/3164,,projects/038232e9b2f7fb22ccf50c04b74fb900732b345d/incubator-shardingsphere/sharding-jdbc/sharding-jdbc-core/src/test/java/org/apache/shardingsphere/shardingjdbc/jdbc/core/statement/EncryptStatementTest.java,outputs/ID_Results_GPT-4_projects_4a27402a71d58425733d47e7addee8937b391903/GoodPatches/incubator-shardingsphere/038232e9b2f7fb22ccf50c04b74fb900732b345d/sharding-jdbc/sharding-jdbc-core/org.apache.shardingsphere.shardingjdbc.jdbc.core.statement.EncryptStatementTest.assertDeleteWithExecute/3.patch,"{0: 'test_failure', 1: 'test_failure', 2: 'test_failure', 3: 'test_pass'}",8,"{0: 'BUILD SUCCESS', 1: 'BUILD SUCCESS', 2: 'BUILD SUCCESS', 3: 'BUILD SUCCESS'}",{},outputs/ID_Results_GPT-4_projects_4a27402a71d58425733d47e7addee8937b391903/all_rounds/incubator-shardingsphere/038232e9b2f7fb22ccf50c04b74fb900732b345d/sharding-jdbc/sharding-jdbc-core/org.apache.shardingsphere.shardingjdbc.jdbc.core.statement.EncryptStatementTest.assertDeleteWithExecute/3.patch,64.78022265690379,True
https://github.com/apache/incubator-shardingsphere,038232e9b2f7fb22ccf50c04b74fb900732b345d,sharding-jdbc/sharding-jdbc-core,ID,org.apache.shardingsphere.shardingjdbc.jdbc.core.statement.EncryptStatementTest.assertInsertWithExecute,assertInsertWithExecute,Accepted,https://github.com/apache/incubator-shardingsphere/pull/3164,,projects/038232e9b2f7fb22ccf50c04b74fb900732b345d/incubator-shardingsphere/sharding-jdbc/sharding-jdbc-core/src/test/java/org/apache/shardingsphere/shardingjdbc/jdbc/core/statement/EncryptStatementTest.java,outputs/ID_Results_GPT-4_projects_4a27402a71d58425733d47e7addee8937b391903/GoodPatches/incubator-shardingsphere/038232e9b2f7fb22ccf50c04b74fb900732b345d/sharding-jdbc/sharding-jdbc-core/org.apache.shardingsphere.shardingjdbc.jdbc.core.statement.EncryptStatementTest.assertInsertWithExecute/4.patch,"{0: 'test_failure', 1: 'test_failure', 2: 'test_failure', 3: 'test_failure', 4: 'test_pass'}",8,"{0: 'BUILD SUCCESS', 1: 'BUILD SUCCESS', 2: 'BUILD SUCCESS', 3: 'BUILD SUCCESS', 4: 'BUILD SUCCESS'}",{},outputs/ID_Results_GPT-4_projects_4a27402a71d58425733d47e7addee8937b391903/all_rounds/incubator-shardingsphere/038232e9b2f7fb22ccf50c04b74fb900732b345d/sharding-jdbc/sharding-jdbc-core/org.apache.shardingsphere.shardingjdbc.jdbc.core.statement.EncryptStatementTest.assertInsertWithExecute/4.patch,109.04002215503715,True
https://github.com/apache/incubator-shardingsphere,038232e9b2f7fb22ccf50c04b74fb900732b345d,sharding-jdbc/sharding-jdbc-core,ID,org.apache.shardingsphere.shardingjdbc.jdbc.core.statement.EncryptStatementTest.assertInsertWithExecuteWithGeneratedKey,assertInsertWithExecuteWithGeneratedKey,Accepted,https://github.com/apache/incubator-shardingsphere/pull/3164,,projects/038232e9b2f7fb22ccf50c04b74fb900732b345d/incubator-shardingsphere/sharding-jdbc/sharding-jdbc-core/src/test/java/org/apache/shardingsphere/shardingjdbc/jdbc/core/statement/EncryptStatementTest.java,outputs/ID_Results_GPT-4_projects_4a27402a71d58425733d47e7addee8937b391903/GoodPatches/incubator-shardingsphere/038232e9b2f7fb22ccf50c04b74fb900732b345d/sharding-jdbc/sharding-jdbc-core/org.apache.shardingsphere.shardingjdbc.jdbc.core.statement.EncryptStatementTest.assertInsertWithExecuteWithGeneratedKey/4.patch,"{0: 'test_failure', 1: 'test_failure', 2: 'Stitched:test_failure', 3: 'test_failure', 4: 'test_pass'}",8,"{0: 'BUILD SUCCESS', 1: 'BUILD SUCCESS', 2: 'BUILD SUCCESS', 3: 'BUILD SUCCESS', 4: 'BUILD SUCCESS'}",{},outputs/ID_Results_GPT-4_projects_4a27402a71d58425733d47e7addee8937b391903/all_rounds/incubator-shardingsphere/038232e9b2f7fb22ccf50c04b74fb900732b345d/sharding-jdbc/sharding-jdbc-core/org.apache.shardingsphere.shardingjdbc.jdbc.core.statement.EncryptStatementTest.assertInsertWithExecuteWithGeneratedKey/4.patch,129.45654112892225,True
https://github.com/apache/incubator-shardingsphere,038232e9b2f7fb22ccf50c04b74fb900732b345d,sharding-jdbc/sharding-jdbc-core,ID,org.apache.shardingsphere.shardingjdbc.jdbc.core.statement.EncryptStatementTest.assertUpdateWithExecuteUpdate,assertUpdateWithExecuteUpdate,Accepted,https://github.com/apache/incubator-shardingsphere/pull/3164,,projects/038232e9b2f7fb22ccf50c04b74fb900732b345d/incubator-shardingsphere/sharding-jdbc/sharding-jdbc-core/src/test/java/org/apache/shardingsphere/shardingjdbc/jdbc/core/statement/EncryptStatementTest.java,,"{0: 'test_failure', 1: 'test_failure', 2: 'Stitched:test_failure', 3: 'test_failure', 4: 'test_failure', 5: 'test_failure'}",8,"{0: 'BUILD SUCCESS', 1: 'BUILD SUCCESS', 2: 'BUILD SUCCESS', 3: 'BUILD SUCCESS', 4: 'BUILD SUCCESS', 5: 'BUILD SUCCESS'}",{},outputs/ID_Results_GPT-4_projects_4a27402a71d58425733d47e7addee8937b391903/all_rounds/incubator-shardingsphere/038232e9b2f7fb22ccf50c04b74fb900732b345d/sharding-jdbc/sharding-jdbc-core/org.apache.shardingsphere.shardingjdbc.jdbc.core.statement.EncryptStatementTest.assertUpdateWithExecuteUpdate/5.patch,132.35024518496357,True
https://github.com/apache/pulsar,505e08a76425c6e49ff5bc691f8ca7587184a2bf,pulsar-client,ID,org.apache.pulsar.client.impl.schema.AvroSchemaTest.testAllowNullSchema,testAllowNullSchema,Accepted,https://github.com/apache/pulsar/pull/6247,,projects/505e08a76425c6e49ff5bc691f8ca7587184a2bf/pulsar/pulsar-client/src/test/java/org/apache/pulsar/client/impl/schema/AvroSchemaTest.java,,"{0: 'test_failure', 1: 'test_failure', 2: 'test_failure', 3: 'test_failure', 4: 'compilation_error', 5: 'compilation_error'}",8,"{0: 'BUILD SUCCESS', 1: 'BUILD SUCCESS', 2: 'BUILD SUCCESS', 3: 'BUILD SUCCESS', 4: 'BUILD FAILURE', 5: 'BUILD FAILURE'}",{},outputs/ID_Results_GPT-4_projects_4a27402a71d58425733d47e7addee8937b391903/all_rounds/pulsar/505e08a76425c6e49ff5bc691f8ca7587184a2bf/pulsar-client/org.apache.pulsar.client.impl.schema.AvroSchemaTest.testAllowNullSchema/5.patch,235.00970202009194,True
https://github.com/apache/pulsar,505e08a76425c6e49ff5bc691f8ca7587184a2bf,pulsar-client,ID,org.apache.pulsar.client.impl.schema.AvroSchemaTest.testNotAllowNullSchema,testNotAllowNullSchema,Accepted,https://github.com/apache/pulsar/pull/6247,,projects/505e08a76425c6e49ff5bc691f8ca7587184a2bf/pulsar/pulsar-client/src/test/java/org/apache/pulsar/client/impl/schema/AvroSchemaTest.java,,"{0: 'test_failure', 1: 'test_failure', 2: 'test_failure', 3: 'test_failure', 4: 'test_failure', 5: 'test_failure'}",8,"{0: 'BUILD SUCCESS', 1: 'BUILD SUCCESS', 2: 'BUILD SUCCESS', 3: 'BUILD SUCCESS', 4: 'BUILD SUCCESS', 5: 'BUILD SUCCESS'}",{},outputs/ID_Results_GPT-4_projects_4a27402a71d58425733d47e7addee8937b391903/all_rounds/pulsar/505e08a76425c6e49ff5bc691f8ca7587184a2bf/pulsar-client/org.apache.pulsar.client.impl.schema.AvroSchemaTest.testNotAllowNullSchema/5.patch,239.47697722003795,True
https://github.com/apache/pulsar,505e08a76425c6e49ff5bc691f8ca7587184a2bf,pulsar-client,ID,org.apache.pulsar.client.impl.schema.JSONSchemaTest.testAllowNullSchema,testAllowNullSchema,Accepted,https://github.com/apache/pulsar/pull/6435,,projects/505e08a76425c6e49ff5bc691f8ca7587184a2bf/pulsar/pulsar-client/src/test/java/org/apache/pulsar/client/impl/schema/JSONSchemaTest.java,,"{0: 'test_failure', 1: 'compilation_error', 2: 'compilation_error', 3: 'compilation_error', 4: 'test_failure', 5: 'compilation_error'}",8,"{0: 'BUILD SUCCESS', 1: 'BUILD FAILURE', 2: 'BUILD FAILURE', 3: 'BUILD FAILURE', 4: 'BUILD SUCCESS', 5: 'BUILD FAILURE'}",{},outputs/ID_Results_GPT-4_projects_4a27402a71d58425733d47e7addee8937b391903/all_rounds/pulsar/505e08a76425c6e49ff5bc691f8ca7587184a2bf/pulsar-client/org.apache.pulsar.client.impl.schema.JSONSchemaTest.testAllowNullSchema/5.patch,156.24373822193593,True
https://github.com/apache/pulsar,505e08a76425c6e49ff5bc691f8ca7587184a2bf,pulsar-client,ID,org.apache.pulsar.client.impl.schema.JSONSchemaTest.testNotAllowNullSchema,testNotAllowNullSchema,Accepted,https://github.com/apache/pulsar/pull/6435,,projects/505e08a76425c6e49ff5bc691f8ca7587184a2bf/pulsar/pulsar-client/src/test/java/org/apache/pulsar/client/impl/schema/JSONSchemaTest.java,,"{0: 'test_failure', 1: 'compilation_error', 2: 'compilation_error', 3: 'test_failure', 4: 'test_failure', 5: 'test_failure'}",8,"{0: 'BUILD SUCCESS', 1: 'BUILD FAILURE', 2: 'BUILD FAILURE', 3: 'BUILD SUCCESS', 4: 'BUILD SUCCESS', 5: 'BUILD SUCCESS'}",{},outputs/ID_Results_GPT-4_projects_4a27402a71d58425733d47e7addee8937b391903/all_rounds/pulsar/505e08a76425c6e49ff5bc691f8ca7587184a2bf/pulsar-client/org.apache.pulsar.client.impl.schema.JSONSchemaTest.testNotAllowNullSchema/5.patch,175.09520013001747,True
https://github.com/apache/pulsar,505e08a76425c6e49ff5bc691f8ca7587184a2bf,pulsar-client,ID,org.apache.pulsar.client.impl.schema.KeyValueSchemaInfoTest.testKeyValueSchemaInfoToString,testKeyValueSchemaInfoToString,Accepted,https://github.com/apache/pulsar/pull/6435,,projects/505e08a76425c6e49ff5bc691f8ca7587184a2bf/pulsar/pulsar-client/src/test/java/org/apache/pulsar/client/impl/schema/KeyValueSchemaInfoTest.java,outputs/ID_Results_GPT-4_projects_4a27402a71d58425733d47e7addee8937b391903/GoodPatches/pulsar/505e08a76425c6e49ff5bc691f8ca7587184a2bf/pulsar-client/org.apache.pulsar.client.impl.schema.KeyValueSchemaInfoTest.testKeyValueSchemaInfoToString/2.patch,"{0: 'test_failure', 1: 'test_failure', 2: 'test_pass'}",8,"{0: 'BUILD SUCCESS', 1: 'BUILD SUCCESS', 2: 'BUILD SUCCESS'}",{},outputs/ID_Results_GPT-4_projects_4a27402a71d58425733d47e7addee8937b391903/all_rounds/pulsar/505e08a76425c6e49ff5bc691f8ca7587184a2bf/pulsar-client/org.apache.pulsar.client.impl.schema.KeyValueSchemaInfoTest.testKeyValueSchemaInfoToString/2.patch,76.56744900601916,True
https://github.com/apache/incubator-shardingsphere,038232e9b2f7fb22ccf50c04b74fb900732b345d,sharding-core/sharding-core-common,ID,org.apache.shardingsphere.core.metadata.datasource.ShardingSphereDataSourceMetaDataTest.assertGetAllInstanceDataSourceNamesForShardingRule,assertGetAllInstanceDataSourceNamesForShardingRule,Accepted,https://github.com/apache/incubator-shardingsphere/pull/3164,,projects/038232e9b2f7fb22ccf50c04b74fb900732b345d/incubator-shardingsphere/sharding-core/sharding-core-common/src/test/java/org/apache/shardingsphere/core/metadata/datasource/ShardingSphereDataSourceMetaDataTest.java,,"{0: 'test_failure', 1: 'test_failure', 2: 'test_failure', 3: 'test_failure', 4: 'test_failure', 5: 'test_failure'}",8,"{0: 'BUILD SUCCESS', 1: 'BUILD SUCCESS', 2: 'BUILD SUCCESS', 3: 'BUILD SUCCESS', 4: 'BUILD SUCCESS', 5: 'BUILD SUCCESS'}",{},outputs/ID_Results_GPT-4_projects_4a27402a71d58425733d47e7addee8937b391903/all_rounds/incubator-shardingsphere/038232e9b2f7fb22ccf50c04b74fb900732b345d/sharding-core/sharding-core-common/org.apache.shardingsphere.core.metadata.datasource.ShardingSphereDataSourceMetaDataTest.assertGetAllInstanceDataSourceNamesForShardingRule/5.patch,61.839482760988176,True
https://github.com/apache/avro,bfbd2d115aec576545b0673e876a652806b41986,lang/java/avro,ID,org.apache.avro.reflect.TestReflect.testAvroDoc,testAvroDoc,Accepted,https://github.com/apache/avro/pull/667,,projects/bfbd2d115aec576545b0673e876a652806b41986/avro/lang/java/avro/src/test/java/org/apache/avro/reflect/TestReflect.java,,"{0: 'test_failure', 1: 'compilation_error', 2: 'test_failure', 3: 'Stitched:compilation_error', 4: 'test_failure', 5: 'Stitched:compilation_error'}",8,"{0: 'BUILD SUCCESS', 1: 'BUILD FAILURE', 2: 'BUILD SUCCESS', 3: 'BUILD FAILURE', 4: 'BUILD SUCCESS', 5: 'BUILD FAILURE'}",{},outputs/ID_Results_GPT-4_projects_4a27402a71d58425733d47e7addee8937b391903/all_rounds/avro/bfbd2d115aec576545b0673e876a652806b41986/lang/java/avro/org.apache.avro.reflect.TestReflect.testAvroDoc/5.patch,141.12180890887976,True
https://github.com/apache/avro,bfbd2d115aec576545b0673e876a652806b41986,lang/java/avro,ID,org.apache.avro.reflect.TestReflect.testRecord,testRecord,Accepted,https://github.com/apache/avro/pull/667,,projects/bfbd2d115aec576545b0673e876a652806b41986/avro/lang/java/avro/src/test/java/org/apache/avro/reflect/TestReflect.java,outputs/ID_Results_GPT-4_projects_4a27402a71d58425733d47e7addee8937b391903/GoodPatches/avro/bfbd2d115aec576545b0673e876a652806b41986/lang/java/avro/org.apache.avro.reflect.TestReflect.testRecord/2.patch,"{0: 'test_failure', 1: 'test_failure', 2: 'test_pass'}",8,"{0: 'BUILD SUCCESS', 1: 'BUILD SUCCESS', 2: 'BUILD SUCCESS'}",{},outputs/ID_Results_GPT-4_projects_4a27402a71d58425733d47e7addee8937b391903/all_rounds/avro/bfbd2d115aec576545b0673e876a652806b41986/lang/java/avro/org.apache.avro.reflect.TestReflect.testRecord/2.patch,52.59361690701917,True
https://github.com/apache/shenyu,22546ae0e6a4047ee08bf4a41f9114f47ba57e19,shenyu-admin,ID,org.apache.shenyu.admin.service.PermissionServiceTest.testGetPermissionMenu,testGetPermissionMenu,Accepted,https://github.com/apache/shenyu/pull/5241,,projects/22546ae0e6a4047ee08bf4a41f9114f47ba57e19/shenyu/shenyu-admin/src/test/java/org/apache/shenyu/admin/service/PermissionServiceTest.java,outputs/ID_Results_GPT-4_projects_4a27402a71d58425733d47e7addee8937b391903/GoodPatches/shenyu/22546ae0e6a4047ee08bf4a41f9114f47ba57e19/shenyu-admin/org.apache.shenyu.admin.service.PermissionServiceTest.testGetPermissionMenu/2.patch,"{0: 'test_failure', 1: 'test_failure', 2: 'test_pass'}",8,"{0: 'BUILD SUCCESS', 1: 'BUILD SUCCESS', 2: 'BUILD SUCCESS'}",{},outputs/ID_Results_GPT-4_projects_4a27402a71d58425733d47e7addee8937b391903/all_rounds/shenyu/22546ae0e6a4047ee08bf4a41f9114f47ba57e19/shenyu-admin/org.apache.shenyu.admin.service.PermissionServiceTest.testGetPermissionMenu/2.patch,115.26073990901932,True
https://github.com/apache/incubator-hugegraph-toolchain,1c47673eb9511d3eff0d0901012a69d7a0148cdc,hugegraph-client,ID,org.apache.hugegraph.unit.IndexLabelTest.testIndexLabelV49,testIndexLabelV49,Accepted,https://github.com/apache/incubator-hugegraph-toolchain/pull/398,,projects/1c47673eb9511d3eff0d0901012a69d7a0148cdc/incubator-hugegraph-toolchain/hugegraph-client/src/test/java/org/apache/hugegraph/unit/IndexLabelTest.java,outputs/ID_Results_GPT-4_projects_4a27402a71d58425733d47e7addee8937b391903/GoodPatches/incubator-hugegraph-toolchain/1c47673eb9511d3eff0d0901012a69d7a0148cdc/hugegraph-client/org.apache.hugegraph.unit.IndexLabelTest.testIndexLabelV49/1.patch,"{0: 'test_failure', 1: 'test_pass'}",8,"{0: 'BUILD SUCCESS', 1: 'BUILD SUCCESS'}",{},outputs/ID_Results_GPT-4_projects_4a27402a71d58425733d47e7addee8937b391903/all_rounds/incubator-hugegraph-toolchain/1c47673eb9511d3eff0d0901012a69d7a0148cdc/hugegraph-client/org.apache.hugegraph.unit.IndexLabelTest.testIndexLabelV49/1.patch,61.28964090812951,True
https://github.com/apache/nifi,2bd752d868a8f3e36113b078bb576cf054e945e8,nifi-nar-bundles/nifi-hbase-bundle/nifi-hbase-processors,ID,org.apache.nifi.hbase.TestScanHBase.testScanToContentWithStringValues,testScanToContentWithStringValues,Accepted,https://github.com/apache/nifi/pull/6633,,projects/2bd752d868a8f3e36113b078bb576cf054e945e8/nifi/nifi-nar-bundles/nifi-hbase-bundle/nifi-hbase-processors/src/test/java/org/apache/nifi/hbase/TestScanHBase.java,outputs/ID_Results_GPT-4_projects_4a27402a71d58425733d47e7addee8937b391903/GoodPatches/nifi/2bd752d868a8f3e36113b078bb576cf054e945e8/nifi-nar-bundles/nifi-hbase-bundle/nifi-hbase-processors/org.apache.nifi.hbase.TestScanHBase.testScanToContentWithStringValues/3.patch,"{0: 'test_failure', 1: 'test_failure', 2: 'compilation_error', 3: 'test_pass'}",8,"{0: 'BUILD SUCCESS', 1: 'BUILD SUCCESS', 2: 'BUILD FAILURE', 3: 'BUILD SUCCESS'}",{},outputs/ID_Results_GPT-4_projects_4a27402a71d58425733d47e7addee8937b391903/all_rounds/nifi/2bd752d868a8f3e36113b078bb576cf054e945e8/nifi-nar-bundles/nifi-hbase-bundle/nifi-hbase-processors/org.apache.nifi.hbase.TestScanHBase.testScanToContentWithStringValues/3.patch,147.52991940290667,True
https://github.com/apache/nifi,2bd752d868a8f3e36113b078bb576cf054e945e8,nifi-nar-bundles/nifi-standard-services/nifi-hbase_2-client-service-bundle/nifi-hbase_2-client-service,ID,org.apache.nifi.hbase.TestHBase_2_ClientService.testScan,testScan,Accepted,https://github.com/apache/nifi/pull/6516,the original PR is closed but changes are committed https://github.com/apache/nifi/commit/a5d93d96a30b3af73146e4b3c2a36a86332bb774,projects/2bd752d868a8f3e36113b078bb576cf054e945e8/nifi/nifi-nar-bundles/nifi-standard-services/nifi-hbase_2-client-service-bundle/nifi-hbase_2-client-service/src/test/java/org/apache/nifi/hbase/TestHBase_2_ClientService.java,outputs/ID_Results_GPT-4_projects_4a27402a71d58425733d47e7addee8937b391903/GoodPatches/nifi/2bd752d868a8f3e36113b078bb576cf054e945e8/nifi-nar-bundles/nifi-standard-services/nifi-hbase_2-client-service-bundle/nifi-hbase_2-client-service/org.apache.nifi.hbase.TestHBase_2_ClientService.testScan/1.patch,"{0: 'test_failure', 1: 'test_pass'}",8,"{0: 'BUILD SUCCESS', 1: 'BUILD SUCCESS'}",{},outputs/ID_Results_GPT-4_projects_4a27402a71d58425733d47e7addee8937b391903/all_rounds/nifi/2bd752d868a8f3e36113b078bb576cf054e945e8/nifi-nar-bundles/nifi-standard-services/nifi-hbase_2-client-service-bundle/nifi-hbase_2-client-service/org.apache.nifi.hbase.TestHBase_2_ClientService.testScan/1.patch,44.38365694601089,True
https://github.com/apache/nifi,2bd752d868a8f3e36113b078bb576cf054e945e8,nifi-nar-bundles/nifi-framework-bundle/nifi-framework/nifi-framework-authorization-providers,ID,org.apache.nifi.authorization.CompositeUserGroupProviderTest.testMultipleProvidersWithCollaboratingUserGroupProvider,testMultipleProvidersWithCollaboratingUserGroupProvider,Accepted,https://github.com/apache/nifi/pull/5524,https://github.com/apache/nifi/commit/8171ecb2c1f9d2ea56f330dafd1df6e100f15413,projects/2bd752d868a8f3e36113b078bb576cf054e945e8/nifi/nifi-nar-bundles/nifi-framework-bundle/nifi-framework/nifi-framework-authorization-providers/src/test/java/org/apache/nifi/authorization/CompositeUserGroupProviderTest.java,outputs/ID_Results_GPT-4_projects_4a27402a71d58425733d47e7addee8937b391903/GoodPatches/nifi/2bd752d868a8f3e36113b078bb576cf054e945e8/nifi-nar-bundles/nifi-framework-bundle/nifi-framework/nifi-framework-authorization-providers/org.apache.nifi.authorization.CompositeUserGroupProviderTest.testMultipleProvidersWithCollaboratingUserGroupProvider/1.patch,"{0: 'test_failure', 1: 'test_pass'}",8,"{0: 'BUILD SUCCESS', 1: 'BUILD SUCCESS'}",{},outputs/ID_Results_GPT-4_projects_4a27402a71d58425733d47e7addee8937b391903/all_rounds/nifi/2bd752d868a8f3e36113b078bb576cf054e945e8/nifi-nar-bundles/nifi-framework-bundle/nifi-framework/nifi-framework-authorization-providers/org.apache.nifi.authorization.CompositeUserGroupProviderTest.testMultipleProvidersWithCollaboratingUserGroupProvider/1.patch,37.636826016008854,True
https://github.com/apache/nifi,2bd752d868a8f3e36113b078bb576cf054e945e8,nifi-nar-bundles/nifi-prometheus-bundle/nifi-prometheus-reporting-task,ID,org.apache.nifi.reporting.prometheus.TestPrometheusRecordSink.testSendData,testSendData,Accepted,https://github.com/apache/nifi/pull/6486,,projects/2bd752d868a8f3e36113b078bb576cf054e945e8/nifi/nifi-nar-bundles/nifi-prometheus-bundle/nifi-prometheus-reporting-task/src/test/java/org/apache/nifi/reporting/prometheus/TestPrometheusRecordSink.java,outputs/ID_Results_GPT-4_projects_4a27402a71d58425733d47e7addee8937b391903/GoodPatches/nifi/2bd752d868a8f3e36113b078bb576cf054e945e8/nifi-nar-bundles/nifi-prometheus-bundle/nifi-prometheus-reporting-task/org.apache.nifi.reporting.prometheus.TestPrometheusRecordSink.testSendData/1.patch,"{0: 'test_failure', 1: 'test_pass'}",8,"{0: 'BUILD SUCCESS', 1: 'BUILD SUCCESS'}",{},outputs/ID_Results_GPT-4_projects_4a27402a71d58425733d47e7addee8937b391903/all_rounds/nifi/2bd752d868a8f3e36113b078bb576cf054e945e8/nifi-nar-bundles/nifi-prometheus-bundle/nifi-prometheus-reporting-task/org.apache.nifi.reporting.prometheus.TestPrometheusRecordSink.testSendData/1.patch,108.04878483316861,True
https://github.com/apache/nifi,2bd752d868a8f3e36113b078bb576cf054e945e8,nifi-nar-bundles/nifi-framework-bundle/nifi-framework/nifi-framework-cluster,ID,org.apache.nifi.cluster.coordination.http.replication.okhttp.TestJsonEntitySerializer.testBulletinEntity,testBulletinEntity,Accepted,https://github.com/apache/nifi/pull/6515,,projects/2bd752d868a8f3e36113b078bb576cf054e945e8/nifi/nifi-nar-bundles/nifi-framework-bundle/nifi-framework/nifi-framework-cluster/src/test/java/org/apache/nifi/cluster/coordination/http/replication/okhttp/TestJsonEntitySerializer.java,outputs/ID_Results_GPT-4_projects_4a27402a71d58425733d47e7addee8937b391903/GoodPatches/nifi/2bd752d868a8f3e36113b078bb576cf054e945e8/nifi-nar-bundles/nifi-framework-bundle/nifi-framework/nifi-framework-cluster/org.apache.nifi.cluster.coordination.http.replication.okhttp.TestJsonEntitySerializer.testBulletinEntity/2.patch,"{0: 'test_failure', 1: 'test_failure', 2: 'test_pass'}",8,"{0: 'BUILD SUCCESS', 1: 'BUILD SUCCESS', 2: 'BUILD SUCCESS'}",{},outputs/ID_Results_GPT-4_projects_4a27402a71d58425733d47e7addee8937b391903/all_rounds/nifi/2bd752d868a8f3e36113b078bb576cf054e945e8/nifi-nar-bundles/nifi-framework-bundle/nifi-framework/nifi-framework-cluster/org.apache.nifi.cluster.coordination.http.replication.okhttp.TestJsonEntitySerializer.testBulletinEntity/2.patch,95.71825913805515,True
https://github.com/apache/dubbo,3fc2d100bb2081c3da1996508e1f1200cea21d2f,dubbo-common,ID,org.apache.dubbo.common.utils.AnnotationUtilsTest.testGetAllDeclaredAnnotations,testGetAllDeclaredAnnotations,Accepted,https://github.com/apache/dubbo/pull/9123,,projects/3fc2d100bb2081c3da1996508e1f1200cea21d2f/dubbo/dubbo-common/src/test/java/org/apache/dubbo/common/utils/AnnotationUtilsTest.java,outputs/ID_Results_GPT-4_projects_4a27402a71d58425733d47e7addee8937b391903/GoodPatches/dubbo/3fc2d100bb2081c3da1996508e1f1200cea21d2f/dubbo-common/org.apache.dubbo.common.utils.AnnotationUtilsTest.testGetAllDeclaredAnnotations/3.patch,"{0: 'test_failure', 1: 'test_failure', 2: 'test_failure', 3: 'test_pass'}",8,"{0: 'BUILD SUCCESS', 1: 'BUILD SUCCESS', 2: 'BUILD SUCCESS', 3: 'BUILD SUCCESS'}",{},outputs/ID_Results_GPT-4_projects_4a27402a71d58425733d47e7addee8937b391903/all_rounds/dubbo/3fc2d100bb2081c3da1996508e1f1200cea21d2f/dubbo-common/org.apache.dubbo.common.utils.AnnotationUtilsTest.testGetAllDeclaredAnnotations/3.patch,92.11879471503198,True
https://github.com/apache/nifi,2bd752d868a8f3e36113b078bb576cf054e945e8,nifi-nar-bundles/nifi-standard-services/nifi-distributed-cache-services-bundle/nifi-distributed-cache-server,ID,org.apache.nifi.distributed.cache.server.map.DistributedMapCacheTest.testSubMap,testSubMap,Accepted,https://github.com/apache/nifi/pull/6486,,projects/2bd752d868a8f3e36113b078bb576cf054e945e8/nifi/nifi-nar-bundles/nifi-standard-services/nifi-distributed-cache-services-bundle/nifi-distributed-cache-server/src/test/java/org/apache/nifi/distributed/cache/server/map/DistributedMapCacheTest.java,outputs/ID_Results_GPT-4_projects_4a27402a71d58425733d47e7addee8937b391903/GoodPatches/nifi/2bd752d868a8f3e36113b078bb576cf054e945e8/nifi-nar-bundles/nifi-standard-services/nifi-distributed-cache-services-bundle/nifi-distributed-cache-server/org.apache.nifi.distributed.cache.server.map.DistributedMapCacheTest.testSubMap/1.patch,"{0: 'test_failure', 1: 'test_pass'}",8,"{0: 'BUILD SUCCESS', 1: 'BUILD SUCCESS'}",{},outputs/ID_Results_GPT-4_projects_4a27402a71d58425733d47e7addee8937b391903/all_rounds/nifi/2bd752d868a8f3e36113b078bb576cf054e945e8/nifi-nar-bundles/nifi-standard-services/nifi-distributed-cache-services-bundle/nifi-distributed-cache-server/org.apache.nifi.distributed.cache.server.map.DistributedMapCacheTest.testSubMap/1.patch,28.209400182124227,True
https://github.com/apache/nifi,5f1d93f977b3702b63c72d7e07af7dc820a2fc70,nifi-nar-bundles/nifi-standard-services/nifi-record-serialization-services-bundle/nifi-record-serialization-services,ID,org.apache.nifi.json.TestJsonTreeRowRecordReader.testReadRawRecordFieldOrderPreserved,testReadRawRecordFieldOrderPreserved,Accepted,https://github.com/apache/nifi/pull/6726,,projects/5f1d93f977b3702b63c72d7e07af7dc820a2fc70/nifi/nifi-nar-bundles/nifi-standard-services/nifi-record-serialization-services-bundle/nifi-record-serialization-services/src/test/java/org/apache/nifi/json/TestJsonTreeRowRecordReader.java,outputs/ID_Results_GPT-4_projects_4a27402a71d58425733d47e7addee8937b391903/GoodPatches/nifi/5f1d93f977b3702b63c72d7e07af7dc820a2fc70/nifi-nar-bundles/nifi-standard-services/nifi-record-serialization-services-bundle/nifi-record-serialization-services/org.apache.nifi.json.TestJsonTreeRowRecordReader.testReadRawRecordFieldOrderPreserved/2.patch,"{0: 'test_failure', 1: 'test_failure', 2: 'test_pass'}",8,"{0: 'BUILD SUCCESS', 1: 'BUILD SUCCESS', 2: 'BUILD SUCCESS'}",{},outputs/ID_Results_GPT-4_projects_4a27402a71d58425733d47e7addee8937b391903/all_rounds/nifi/5f1d93f977b3702b63c72d7e07af7dc820a2fc70/nifi-nar-bundles/nifi-standard-services/nifi-record-serialization-services-bundle/nifi-record-serialization-services/org.apache.nifi.json.TestJsonTreeRowRecordReader.testReadRawRecordFieldOrderPreserved/2.patch,73.45031666895375,True
https://github.com/apache/incubator-streampipes,7ba9213012b72ea70edc6848c18ba6d90ff2c534,streampipes-connect,ID,org.apache.streampipes.connect.adapter.format.json.xml.XmlTest.parseEventCarPark,parseEventCarPark,Accepted,https://github.com/apache/incubator-streampipes/pull/59,,projects/7ba9213012b72ea70edc6848c18ba6d90ff2c534/incubator-streampipes/streampipes-connect/src/test/java/org/apache/streampipes/connect/adapter/format/json/xml/XmlTest.java,outputs/ID_Results_GPT-4_projects_4a27402a71d58425733d47e7addee8937b391903/GoodPatches/incubator-streampipes/7ba9213012b72ea70edc6848c18ba6d90ff2c534/streampipes-connect/org.apache.streampipes.connect.adapter.format.json.xml.XmlTest.parseEventCarPark/2.patch,"{0: 'test_failure', 1: 'test_failure', 2: 'test_pass'}",8,"{0: 'BUILD SUCCESS', 1: 'BUILD SUCCESS', 2: 'BUILD SUCCESS'}",{},outputs/ID_Results_GPT-4_projects_4a27402a71d58425733d47e7addee8937b391903/all_rounds/incubator-streampipes/7ba9213012b72ea70edc6848c18ba6d90ff2c534/streampipes-connect/org.apache.streampipes.connect.adapter.format.json.xml.XmlTest.parseEventCarPark/2.patch,52.851862324168906,True
https://github.com/apache/nifi,2bd752d868a8f3e36113b078bb576cf054e945e8,nifi-nar-bundles/nifi-azure-bundle/nifi-azure-reporting-task,ID,org.apache.nifi.reporting.azure.loganalytics.TestAzureLogAnalyticsProvenanceReportingTask.testAddField2,testAddField2,Accepted,https://github.com/apache/nifi/pull/6486,,projects/2bd752d868a8f3e36113b078bb576cf054e945e8/nifi/nifi-nar-bundles/nifi-azure-bundle/nifi-azure-reporting-task/src/test/java/org/apache/nifi/reporting/azure/loganalytics/TestAzureLogAnalyticsProvenanceReportingTask.java,outputs/ID_Results_GPT-4_projects_4a27402a71d58425733d47e7addee8937b391903/GoodPatches/nifi/2bd752d868a8f3e36113b078bb576cf054e945e8/nifi-nar-bundles/nifi-azure-bundle/nifi-azure-reporting-task/org.apache.nifi.reporting.azure.loganalytics.TestAzureLogAnalyticsProvenanceReportingTask.testAddField2/1.patch,"{0: 'test_failure', 1: 'test_pass'}",8,"{0: 'BUILD SUCCESS', 1: 'BUILD SUCCESS'}",{},outputs/ID_Results_GPT-4_projects_4a27402a71d58425733d47e7addee8937b391903/all_rounds/nifi/2bd752d868a8f3e36113b078bb576cf054e945e8/nifi-nar-bundles/nifi-azure-bundle/nifi-azure-reporting-task/org.apache.nifi.reporting.azure.loganalytics.TestAzureLogAnalyticsProvenanceReportingTask.testAddField2/1.patch,37.758718431927264,True
https://github.com/apache/shardingsphere,8ffe2bb86b6da9f9c9053fb5cce28cb5b5b660db,proxy/backend,ID,org.apache.shardingsphere.proxy.backend.handler.distsql.ral.advance.ParseDistSQLHandlerTest.assertGetRowDataForMySQL,assertGetRowDataForMySQL,Accepted,https://github.com/apache/shardingsphere/pull/22526,,projects/8ffe2bb86b6da9f9c9053fb5cce28cb5b5b660db/shardingsphere/proxy/backend/src/test/java/org/apache/shardingsphere/proxy/backend/handler/distsql/ral/advance/ParseDistSQLHandlerTest.java,outputs/ID_Results_GPT-4_projects_4a27402a71d58425733d47e7addee8937b391903/GoodPatches/shardingsphere/8ffe2bb86b6da9f9c9053fb5cce28cb5b5b660db/proxy/backend/org.apache.shardingsphere.proxy.backend.handler.distsql.ral.advance.ParseDistSQLHandlerTest.assertGetRowDataForMySQL/1.patch,"{0: 'test_failure', 1: 'test_pass'}",8,"{0: 'BUILD SUCCESS', 1: 'BUILD SUCCESS'}",{},outputs/ID_Results_GPT-4_projects_4a27402a71d58425733d47e7addee8937b391903/all_rounds/shardingsphere/8ffe2bb86b6da9f9c9053fb5cce28cb5b5b660db/proxy/backend/org.apache.shardingsphere.proxy.backend.handler.distsql.ral.advance.ParseDistSQLHandlerTest.assertGetRowDataForMySQL/1.patch,42.84875718387775,True
https://github.com/apache/skywalking-java,364a4af4b1bd2805156d67b802b24a2105e24822,apm-commons/apm-util,ID,org.apache.skywalking.apm.util.ConfigInitializerTest.testInitialize,testInitialize,Accepted,https://github.com/apache/skywalking-java/pull/403,,projects/364a4af4b1bd2805156d67b802b24a2105e24822/skywalking-java/apm-commons/apm-util/src/test/java/org/apache/skywalking/apm/util/ConfigInitializerTest.java,outputs/ID_Results_GPT-4_projects_4a27402a71d58425733d47e7addee8937b391903/GoodPatches/skywalking-java/364a4af4b1bd2805156d67b802b24a2105e24822/apm-commons/apm-util/org.apache.skywalking.apm.util.ConfigInitializerTest.testInitialize/1.patch,"{0: 'test_failure', 1: 'test_pass'}",8,"{0: 'BUILD SUCCESS', 1: 'BUILD SUCCESS'}",{},outputs/ID_Results_GPT-4_projects_4a27402a71d58425733d47e7addee8937b391903/all_rounds/skywalking-java/364a4af4b1bd2805156d67b802b24a2105e24822/apm-commons/apm-util/org.apache.skywalking.apm.util.ConfigInitializerTest.testInitialize/1.patch,97.92217817995697,True
https://github.com/apache/incubator-shenyu,3777209fc76800175df3962213ca1febe57edca6,shenyu-common,ID,org.apache.shenyu.common.utils.GsonUtilsTest.testToJson,testToJson,Accepted,https://github.com/apache/incubator-shenyu/pull/3005,,projects/3777209fc76800175df3962213ca1febe57edca6/incubator-shenyu/shenyu-common/src/test/java/org/apache/shenyu/common/utils/GsonUtilsTest.java,outputs/ID_Results_GPT-4_projects_4a27402a71d58425733d47e7addee8937b391903/GoodPatches/incubator-shenyu/3777209fc76800175df3962213ca1febe57edca6/shenyu-common/org.apache.shenyu.common.utils.GsonUtilsTest.testToJson/4.patch,"{0: 'test_failure', 1: 'compilation_error', 2: 'compilation_error', 3: 'compilation_error', 4: 'test_pass'}",8,"{0: 'BUILD SUCCESS', 1: 'BUILD FAILURE', 2: 'BUILD FAILURE', 3: 'BUILD FAILURE', 4: 'BUILD SUCCESS'}",{},outputs/ID_Results_GPT-4_projects_4a27402a71d58425733d47e7addee8937b391903/all_rounds/incubator-shenyu/3777209fc76800175df3962213ca1febe57edca6/shenyu-common/org.apache.shenyu.common.utils.GsonUtilsTest.testToJson/4.patch,74.78735867491923,True
https://github.com/apache/nifi,2bd752d868a8f3e36113b078bb576cf054e945e8,nifi-nar-bundles/nifi-cybersecurity-bundle/nifi-cybersecurity-processors,ID,org.apache.nifi.processors.cybersecurity.TestCompareFuzzyHash.testTLSHCompareFuzzyHashMultipleMatches,testTLSHCompareFuzzyHashMultipleMatches,Accepted,https://github.com/apache/nifi/pull/6639,,projects/2bd752d868a8f3e36113b078bb576cf054e945e8/nifi/nifi-nar-bundles/nifi-cybersecurity-bundle/nifi-cybersecurity-processors/src/test/java/org/apache/nifi/processors/cybersecurity/TestCompareFuzzyHash.java,outputs/ID_Results_GPT-4_projects_4a27402a71d58425733d47e7addee8937b391903/GoodPatches/nifi/2bd752d868a8f3e36113b078bb576cf054e945e8/nifi-nar-bundles/nifi-cybersecurity-bundle/nifi-cybersecurity-processors/org.apache.nifi.processors.cybersecurity.TestCompareFuzzyHash.testTLSHCompareFuzzyHashMultipleMatches/1.patch,"{0: 'test_failure', 1: 'test_pass'}",8,"{0: 'BUILD SUCCESS', 1: 'BUILD SUCCESS'}",{},outputs/ID_Results_GPT-4_projects_4a27402a71d58425733d47e7addee8937b391903/all_rounds/nifi/2bd752d868a8f3e36113b078bb576cf054e945e8/nifi-nar-bundles/nifi-cybersecurity-bundle/nifi-cybersecurity-processors/org.apache.nifi.processors.cybersecurity.TestCompareFuzzyHash.testTLSHCompareFuzzyHashMultipleMatches/1.patch,31.873446239857003,True
https://github.com/apache/nifi,2bd752d868a8f3e36113b078bb576cf054e945e8,nifi-nar-bundles/nifi-splunk-bundle/nifi-splunk-processors,ID,org.apache.nifi.processors.splunk.TestPutSplunkHTTP.testHappyPathWithCustomQueryParameters,testHappyPathWithCustomQueryParameters,Accepted,https://github.com/apache/nifi/pull/6672,,projects/2bd752d868a8f3e36113b078bb576cf054e945e8/nifi/nifi-nar-bundles/nifi-splunk-bundle/nifi-splunk-processors/src/test/java/org/apache/nifi/processors/splunk/TestPutSplunkHTTP.java,outputs/ID_Results_GPT-4_projects_4a27402a71d58425733d47e7addee8937b391903/GoodPatches/nifi/2bd752d868a8f3e36113b078bb576cf054e945e8/nifi-nar-bundles/nifi-splunk-bundle/nifi-splunk-processors/org.apache.nifi.processors.splunk.TestPutSplunkHTTP.testHappyPathWithCustomQueryParameters/2.patch,"{0: 'test_failure', 1: 'compilation_error', 2: 'test_pass'}",8,"{0: 'BUILD SUCCESS', 1: 'BUILD FAILURE', 2: 'BUILD SUCCESS'}",{},outputs/ID_Results_GPT-4_projects_4a27402a71d58425733d47e7addee8937b391903/all_rounds/nifi/2bd752d868a8f3e36113b078bb576cf054e945e8/nifi-nar-bundles/nifi-splunk-bundle/nifi-splunk-processors/org.apache.nifi.processors.splunk.TestPutSplunkHTTP.testHappyPathWithCustomQueryParameters/2.patch,50.17969373916276,True
https://github.com/apache/cloudstack,64262d943f012c40deac3cd87c67d44fdc727b52,utils,ID,org.apache.cloudstack.utils.reflectiontostringbuilderutils.ReflectionToStringBuilderUtilsTest.validateGetNonSelectedFieldsObjectIsACollectionAndValidSelectedFieldsMustReturnNonSelectedFields,validateGetNonSelectedFieldsObjectIsACollectionAndValidSelectedFieldsMustReturnNonSelectedFields,Accepted,https://github.com/apache/cloudstack/pull/6875,,projects/64262d943f012c40deac3cd87c67d44fdc727b52/cloudstack/utils/src/test/java/org/apache/cloudstack/utils/reflectiontostringbuilderutils/ReflectionToStringBuilderUtilsTest.java,outputs/ID_Results_GPT-4_projects_4a27402a71d58425733d47e7addee8937b391903/GoodPatches/cloudstack/64262d943f012c40deac3cd87c67d44fdc727b52/utils/org.apache.cloudstack.utils.reflectiontostringbuilderutils.ReflectionToStringBuilderUtilsTest.validateGetNonSelectedFieldsObjectIsACollectionAndValidSelectedFieldsMustReturnNonSelectedFields/1.patch,"{0: 'test_failure', 1: 'test_pass'}",11,"{0: 'BUILD SUCCESS', 1: 'BUILD SUCCESS'}",{},outputs/ID_Results_GPT-4_projects_4a27402a71d58425733d47e7addee8937b391903/all_rounds/cloudstack/64262d943f012c40deac3cd87c67d44fdc727b52/utils/org.apache.cloudstack.utils.reflectiontostringbuilderutils.ReflectionToStringBuilderUtilsTest.validateGetNonSelectedFieldsObjectIsACollectionAndValidSelectedFieldsMustReturnNonSelectedFields/1.patch,24.257339962990955,True
https://github.com/apache/druid,4b0d1b3488add75097532f25c8bbbcb35daa4987,processing,ID,org.apache.druid.math.expr.ParserTest.testSimpleMultiplicativeOp1,testSimpleMultiplicativeOp1,Accepted,https://github.com/apache/druid/pull/15318,,projects/4b0d1b3488add75097532f25c8bbbcb35daa4987/druid/processing/src/test/java/org/apache/druid/math/expr/ParserTest.java,,"{0: 'test_failure', 1: 'test_failure', 2: 'test_failure', 3: 'compilation_error', 4: 'compilation_error', 5: 'compilation_error'}",8,"{0: 'BUILD SUCCESS', 1: 'BUILD SUCCESS', 2: 'BUILD SUCCESS', 3: 'BUILD FAILURE', 4: 'BUILD FAILURE', 5: 'BUILD FAILURE'}",{},outputs/ID_Results_GPT-4_projects_4a27402a71d58425733d47e7addee8937b391903/all_rounds/druid/4b0d1b3488add75097532f25c8bbbcb35daa4987/processing/org.apache.druid.math.expr.ParserTest.testSimpleMultiplicativeOp1/5.patch,250.9926472939551,True
https://github.com/apache/hop,be70e6fa1d4bf180c2766edc4c21d10fc215118b,core,ID,org.apache.hop.core.svg.HopSvgGraphics2DTest.testNewDocumentXml,testNewDocumentXml,Accepted,https://github.com/apache/hop/pull/3421,,projects/be70e6fa1d4bf180c2766edc4c21d10fc215118b/hop/core/src/test/java/org/apache/hop/core/svg/HopSvgGraphics2DTest.java,outputs/ID_Results_GPT-4_projects_4a27402a71d58425733d47e7addee8937b391903/GoodPatches/hop/be70e6fa1d4bf180c2766edc4c21d10fc215118b/core/org.apache.hop.core.svg.HopSvgGraphics2DTest.testNewDocumentXml/3.patch,"{0: 'test_failure', 1: 'test_failure', 2: 'compilation_error', 3: 'test_pass'}",11,"{0: 'BUILD SUCCESS', 1: 'BUILD SUCCESS', 2: 'BUILD FAILURE', 3: 'BUILD SUCCESS'}",{},outputs/ID_Results_GPT-4_projects_4a27402a71d58425733d47e7addee8937b391903/all_rounds/hop/be70e6fa1d4bf180c2766edc4c21d10fc215118b/core/org.apache.hop.core.svg.HopSvgGraphics2DTest.testNewDocumentXml/3.patch,100.31186504708603,True
https://github.com/apache/incubator-kie-drools,8440dc2d4b95412a05a3c7b9501993e1ace9b496,drools-decisiontables,ID,org.drools.decisiontable.parser.RuleWorksheetParse2Test.packageLevelAttributesShouldNotBeDuplicated,packageLevelAttributesShouldNotBeDuplicated,Accepted,https://github.com/apache/incubator-kie-drools/pull/5610,,projects/8440dc2d4b95412a05a3c7b9501993e1ace9b496/incubator-kie-drools/drools-decisiontables/src/test/java/org/drools/decisiontable/parser/RuleWorksheetParse2Test.java,outputs/ID_Results_GPT-4_projects_4a27402a71d58425733d47e7addee8937b391903/GoodPatches/incubator-kie-drools/8440dc2d4b95412a05a3c7b9501993e1ace9b496/drools-decisiontables/org.drools.decisiontable.parser.RuleWorksheetParse2Test.packageLevelAttributesShouldNotBeDuplicated/1.patch,"{0: 'test_failure', 1: 'test_pass'}",11,"{0: 'BUILD SUCCESS', 1: 'BUILD SUCCESS'}",{},outputs/ID_Results_GPT-4_projects_4a27402a71d58425733d47e7addee8937b391903/all_rounds/incubator-kie-drools/8440dc2d4b95412a05a3c7b9501993e1ace9b496/drools-decisiontables/org.drools.decisiontable.parser.RuleWorksheetParse2Test.packageLevelAttributesShouldNotBeDuplicated/1.patch,33.17400055192411,True
https://github.com/apache/seatunnel,e3f8009564d22ccddbf1da1b47b3a64df8405150,seatunnel-api,ID,org.apache.seatunnel.api.configuration.util.OptionUtilTest.test,test,Accepted,https://github.com/apache/seatunnel/pull/5894,,projects/e3f8009564d22ccddbf1da1b47b3a64df8405150/seatunnel/seatunnel-api/src/test/java/org/apache/seatunnel/api/configuration/util/OptionUtilTest.java,,"{0: 'test_failure', 1: 'compilation_error', 2: 'compilation_error', 3: 'compilation_error', 4: 'compilation_error', 5: 'compilation_error'}",8,"{0: 'BUILD SUCCESS', 1: 'BUILD FAILURE', 2: 'BUILD FAILURE', 3: 'BUILD FAILURE', 4: 'BUILD FAILURE', 5: 'BUILD FAILURE'}",{},outputs/ID_Results_GPT-4_projects_4a27402a71d58425733d47e7addee8937b391903/all_rounds/seatunnel/e3f8009564d22ccddbf1da1b47b3a64df8405150/seatunnel-api/org.apache.seatunnel.api.configuration.util.OptionUtilTest.test/5.patch,214.64065225305967,True
https://github.com/apache/cloudstack,64262d943f012c40deac3cd87c67d44fdc727b52,server,ID,com.cloud.server.StatsCollectorTest.persistVirtualMachineStatsTestPersistsSuccessfully,persistVirtualMachineStatsTestPersistsSuccessfully,Accepted,https://github.com/apache/cloudstack/pull/8183,,projects/64262d943f012c40deac3cd87c67d44fdc727b52/cloudstack/server/src/test/java/com/cloud/server/StatsCollectorTest.java,outputs/ID_Results_GPT-4_projects_4a27402a71d58425733d47e7addee8937b391903/GoodPatches/cloudstack/64262d943f012c40deac3cd87c67d44fdc727b52/server/com.cloud.server.StatsCollectorTest.persistVirtualMachineStatsTestPersistsSuccessfully/1.patch,"{0: 'test_failure', 1: 'test_pass'}",11,"{0: 'BUILD SUCCESS', 1: 'BUILD SUCCESS'}",{},outputs/ID_Results_GPT-4_projects_4a27402a71d58425733d47e7addee8937b391903/all_rounds/cloudstack/64262d943f012c40deac3cd87c67d44fdc727b52/server/com.cloud.server.StatsCollectorTest.persistVirtualMachineStatsTestPersistsSuccessfully/1.patch,51.67758865188807,True
https://github.com/apache/commons-lang,912ab7154d5280a2632f375b5efd97e1b70149a4,.,ID,org.apache.commons.lang3.EnumUtilsTest.test_getEnumMap_keyFunction,test_getEnumMap_keyFunction,Accepted,https://github.com/apache/commons-lang/pull/1131,,projects/912ab7154d5280a2632f375b5efd97e1b70149a4/commons-lang/src/test/java/org/apache/commons/lang3/EnumUtilsTest.java,outputs/ID_Results_GPT-4_projects_4a27402a71d58425733d47e7addee8937b391903/GoodPatches/commons-lang/912ab7154d5280a2632f375b5efd97e1b70149a4/./org.apache.commons.lang3.EnumUtilsTest.test_getEnumMap_keyFunction/1.patch,"{0: 'test_failure', 1: 'test_pass'}",8,"{0: 'BUILD SUCCESS', 1: 'BUILD SUCCESS'}",{},outputs/ID_Results_GPT-4_projects_4a27402a71d58425733d47e7addee8937b391903/all_rounds/commons-lang/912ab7154d5280a2632f375b5efd97e1b70149a4/./org.apache.commons.lang3.EnumUtilsTest.test_getEnumMap_keyFunction/1.patch,28.164885025005788,True
https://github.com/apache/druid,ad32f8458670339808a3136a9578a10a52b8394f,extensions-core/protobuf-extensions,ID,org.apache.druid.data.input.protobuf.ProtobufInputFormatTest.testParseNestedDataSchemaless,testParseNestedDataSchemaless,Accepted,https://github.com/apache/druid/pull/15376,,projects/ad32f8458670339808a3136a9578a10a52b8394f/druid/extensions-core/protobuf-extensions/src/test/java/org/apache/druid/data/input/protobuf/ProtobufInputFormatTest.java,outputs/ID_Results_GPT-4_projects_4a27402a71d58425733d47e7addee8937b391903/GoodPatches/druid/ad32f8458670339808a3136a9578a10a52b8394f/extensions-core/protobuf-extensions/org.apache.druid.data.input.protobuf.ProtobufInputFormatTest.testParseNestedDataSchemaless/3.patch,"{0: 'test_failure', 1: 'test_failure', 2: 'compilation_error;Stitched:compilation_error', 3: 'test_pass'}",8,"{0: 'BUILD SUCCESS', 1: 'BUILD SUCCESS', 2: 'BUILD FAILURE;Stitched:BUILD FAILURE', 3: 'BUILD SUCCESS'}",{},outputs/ID_Results_GPT-4_projects_4a27402a71d58425733d47e7addee8937b391903/all_rounds/druid/ad32f8458670339808a3136a9578a10a52b8394f/extensions-core/protobuf-extensions/org.apache.druid.data.input.protobuf.ProtobufInputFormatTest.testParseNestedDataSchemaless/3.patch,145.2595030781813,True
https://github.com/apache/druid,ad32f8458670339808a3136a9578a10a52b8394f,indexing-service,ID,org.apache.druid.indexing.common.task.batch.parallel.ParallelIndexSupervisorTaskResourceTest.testAPIs,testAPIs,Accepted,https://github.com/apache/druid/pull/15375,,projects/ad32f8458670339808a3136a9578a10a52b8394f/druid/indexing-service/src/test/java/org/apache/druid/indexing/common/task/batch/parallel/ParallelIndexSupervisorTaskResourceTest.java,,"{0: 'test_failure', 1: 'test_failure', 2: 'test_failure', 3: 'test_failure', 4: 'test_failure', 5: 'compilation_error'}",8,"{0: 'BUILD SUCCESS', 1: 'BUILD SUCCESS', 2: 'BUILD SUCCESS', 3: 'BUILD SUCCESS', 4: 'BUILD SUCCESS', 5: 'BUILD FAILURE'}",{},outputs/ID_Results_GPT-4_projects_4a27402a71d58425733d47e7addee8937b391903/all_rounds/druid/ad32f8458670339808a3136a9578a10a52b8394f/indexing-service/org.apache.druid.indexing.common.task.batch.parallel.ParallelIndexSupervisorTaskResourceTest.testAPIs/5.patch,546.0099408631213,True
https://github.com/apache/pinot,98c536ee80516effc6fe2df642a07c8b05962532,pinot-core,ID,org.apache.pinot.queries.ExplainPlanQueriesTest.testSelectAggregateUsingFilterOnTextIndexColumn,testSelectAggregateUsingFilterOnTextIndexColumn,Accepted,https://github.com/apache/pinot/pull/11941,https://github.com/TestingResearchIllinois/idoft/issues/741,projects/98c536ee80516effc6fe2df642a07c8b05962532/pinot/pinot-core/src/test/java/org/apache/pinot/queries/ExplainPlanQueriesTest.java,,"{0: 'test_failure', 1: 'test_failure', 2: 'compilation_error', 3: 'compilation_error', 4: 'compilation_error', 5: 'compilation_error'}",11,"{0: 'BUILD FAILURE', 1: 'BUILD FAILURE', 2: 'BUILD FAILURE', 3: 'BUILD FAILURE', 4: 'BUILD FAILURE', 5: 'BUILD FAILURE'}",{},outputs/ID_Results_GPT-4_projects_4a27402a71d58425733d47e7addee8937b391903/all_rounds/pinot/98c536ee80516effc6fe2df642a07c8b05962532/pinot-core/org.apache.pinot.queries.ExplainPlanQueriesTest.testSelectAggregateUsingFilterOnTextIndexColumn/5.patch,456.6228444420267,True
https://github.com/apache/pinot,85e413ebe8c80513a8a676fc090b1af0f50861f0,pinot-spi,ID,org.apache.pinot.spi.plugin.PluginManagerTest.testGetPluginsToLoad,testGetPluginsToLoad,Accepted,https://github.com/apache/pinot/pull/9925,,projects/85e413ebe8c80513a8a676fc090b1af0f50861f0/pinot/pinot-spi/src/test/java/org/apache/pinot/spi/plugin/PluginManagerTest.java,,"{0: 'test_failure', 1: 'test_failure', 2: 'Stitched:compilation_error;Stitched:compilation_error', 3: 'compilation_error', 4: 'Stitched:compilation_error', 5: 'Stitched:compilation_error'}",11,"{0: 'BUILD FAILURE', 1: 'BUILD FAILURE', 2: 'BUILD FAILURE;Stitched:BUILD FAILURE', 3: 'BUILD FAILURE', 4: 'BUILD FAILURE', 5: 'BUILD FAILURE'}",{},outputs/ID_Results_GPT-4_projects_4a27402a71d58425733d47e7addee8937b391903/all_rounds/pinot/85e413ebe8c80513a8a676fc090b1af0f50861f0/pinot-spi/org.apache.pinot.spi.plugin.PluginManagerTest.testGetPluginsToLoad/5.patch,117.99828895018436,True
https://github.com/classgraph/classgraph,d3b5aebd2d9bfc8b98539f7ce157775cc5af6e95,.,ID,io.github.classgraph.json.JSONSerializationTest.testJSON,testJSON,Accepted,https://github.com/classgraph/classgraph/pull/383,,projects/d3b5aebd2d9bfc8b98539f7ce157775cc5af6e95/classgraph/src/test/java/io/github/classgraph/json/JSONSerializationTest.java,,"{0: 'test_failure', 1: 'pom_error', 2: 'pom_error', 3: 'pom_error', 4: 'pom_error', 5: 'pom_error'}",8,"{0: 'BUILD SUCCESS', 1: 'BUILD FAILURE', 2: 'BUILD FAILURE', 3: 'BUILD FAILURE', 4: 'BUILD FAILURE', 5: 'BUILD FAILURE'}",{},outputs/ID_Results_GPT-4_projects_4a27402a71d58425733d47e7addee8937b391903/all_rounds/classgraph/d3b5aebd2d9bfc8b98539f7ce157775cc5af6e95/./io.github.classgraph.json.JSONSerializationTest.testJSON/5.patch,219.81819495093077,True
https://github.com/apolloconfig/apollo,24062ad9b314da0fb44ccb941dcfd3da46a91fb7,apollo-configservice,ID,com.ctrip.framework.apollo.configservice.service.ReleaseMessageServiceWithCacheTest.testWhenHasReleaseMsgAndHasRepeatMsg,testWhenHasReleaseMsgAndHasRepeatMsg,Accepted,https://github.com/apolloconfig/apollo/pull/2918,,projects/24062ad9b314da0fb44ccb941dcfd3da46a91fb7/apollo/apollo-configservice/src/test/java/com/ctrip/framework/apollo/configservice/service/ReleaseMessageServiceWithCacheTest.java,outputs/ID_Results_GPT-4_projects_4a27402a71d58425733d47e7addee8937b391903/GoodPatches/apollo/24062ad9b314da0fb44ccb941dcfd3da46a91fb7/apollo-configservice/com.ctrip.framework.apollo.configservice.service.ReleaseMessageServiceWithCacheTest.testWhenHasReleaseMsgAndHasRepeatMsg/1.patch,"{0: 'test_failure', 1: 'test_pass'}",8,"{0: 'BUILD SUCCESS', 1: 'BUILD SUCCESS'}",{},outputs/ID_Results_GPT-4_projects_4a27402a71d58425733d47e7addee8937b391903/all_rounds/apollo/24062ad9b314da0fb44ccb941dcfd3da46a91fb7/apollo-configservice/com.ctrip.framework.apollo.configservice.service.ReleaseMessageServiceWithCacheTest.testWhenHasReleaseMsgAndHasRepeatMsg/1.patch,40.715794096002355,True
https://github.com/apolloconfig/apollo,e35ce8c013327b91d034b62d53eece055fa64970,apollo-client,ID,com.ctrip.framework.apollo.internals.RemoteConfigLongPollServiceTest.testAssembleLongPollRefreshUrl,testAssembleLongPollRefreshUrl,Accepted,https://github.com/apolloconfig/apollo/pull/4095,,projects/e35ce8c013327b91d034b62d53eece055fa64970/apollo/apollo-client/src/test/java/com/ctrip/framework/apollo/internals/RemoteConfigLongPollServiceTest.java,outputs/ID_Results_GPT-4_projects_4a27402a71d58425733d47e7addee8937b391903/GoodPatches/apollo/e35ce8c013327b91d034b62d53eece055fa64970/apollo-client/com.ctrip.framework.apollo.internals.RemoteConfigLongPollServiceTest.testAssembleLongPollRefreshUrl/1.patch,"{0: 'test_failure', 1: 'test_pass'}",8,"{0: 'BUILD SUCCESS', 1: 'BUILD SUCCESS'}",{},outputs/ID_Results_GPT-4_projects_4a27402a71d58425733d47e7addee8937b391903/all_rounds/apollo/e35ce8c013327b91d034b62d53eece055fa64970/apollo-client/com.ctrip.framework.apollo.internals.RemoteConfigLongPollServiceTest.testAssembleLongPollRefreshUrl/1.patch,57.60745045193471,True
https://github.com/apolloconfig/apollo,75f9950d5e1675dbb0617555c4502685ef4d4618,apollo-adminservice,ID,com.ctrip.framework.apollo.adminservice.controller.ReleaseControllerTest.testReleaseBuild,testReleaseBuild,Accepted,https://github.com/apolloconfig/apollo/pull/4311,,projects/75f9950d5e1675dbb0617555c4502685ef4d4618/apollo/apollo-adminservice/src/test/java/com/ctrip/framework/apollo/adminservice/controller/ReleaseControllerTest.java,outputs/ID_Results_GPT-4_projects_4a27402a71d58425733d47e7addee8937b391903/GoodPatches/apollo/75f9950d5e1675dbb0617555c4502685ef4d4618/apollo-adminservice/com.ctrip.framework.apollo.adminservice.controller.ReleaseControllerTest.testReleaseBuild/1.patch,"{0: 'test_failure', 1: 'test_pass'}",8,"{0: 'BUILD SUCCESS', 1: 'BUILD SUCCESS'}",{},outputs/ID_Results_GPT-4_projects_4a27402a71d58425733d47e7addee8937b391903/all_rounds/apollo/75f9950d5e1675dbb0617555c4502685ef4d4618/apollo-adminservice/com.ctrip.framework.apollo.adminservice.controller.ReleaseControllerTest.testReleaseBuild/1.patch,126.39650223311037,True
https://github.com/apolloconfig/apollo,75f9950d5e1675dbb0617555c4502685ef4d4618,apollo-configservice,ID,com.ctrip.framework.apollo.configservice.service.ReleaseMessageServiceWithCacheTest.testWhenReleaseMsgSizeBiggerThan500,testWhenReleaseMsgSizeBiggerThan500,Accepted,https://github.com/apolloconfig/apollo/pull/4314,,projects/75f9950d5e1675dbb0617555c4502685ef4d4618/apollo/apollo-configservice/src/test/java/com/ctrip/framework/apollo/configservice/service/ReleaseMessageServiceWithCacheTest.java,outputs/ID_Results_GPT-4_projects_4a27402a71d58425733d47e7addee8937b391903/GoodPatches/apollo/75f9950d5e1675dbb0617555c4502685ef4d4618/apollo-configservice/com.ctrip.framework.apollo.configservice.service.ReleaseMessageServiceWithCacheTest.testWhenReleaseMsgSizeBiggerThan500/2.patch,"{0: 'test_failure', 1: 'test_failure', 2: 'test_pass'}",8,"{0: 'BUILD SUCCESS', 1: 'BUILD SUCCESS', 2: 'BUILD SUCCESS'}",{},outputs/ID_Results_GPT-4_projects_4a27402a71d58425733d47e7addee8937b391903/all_rounds/apollo/75f9950d5e1675dbb0617555c4502685ef4d4618/apollo-configservice/com.ctrip.framework.apollo.configservice.service.ReleaseMessageServiceWithCacheTest.testWhenReleaseMsgSizeBiggerThan500/2.patch,62.09435417596251,True
https://github.com/apolloconfig/apollo,75f9950d5e1675dbb0617555c4502685ef4d4618,apollo-biz,ID,com.ctrip.framework.apollo.biz.service.NamespaceBranchServiceTest.testUpdateBranchGrayRulesWithUpdateOnce,testUpdateBranchGrayRulesWithUpdateOnce,Accepted,https://github.com/apolloconfig/apollo/pull/4599,,projects/75f9950d5e1675dbb0617555c4502685ef4d4618/apollo/apollo-biz/src/test/java/com/ctrip/framework/apollo/biz/service/NamespaceBranchServiceTest.java,,"{0: 'test_failure', 1: 'compilation_error', 2: 'compilation_error', 3: 'compilation_error', 4: 'compilation_error', 5: 'compilation_error'}",8,"{0: 'BUILD SUCCESS', 1: 'BUILD FAILURE', 2: 'BUILD FAILURE', 3: 'BUILD FAILURE', 4: 'BUILD FAILURE', 5: 'BUILD FAILURE'}",{},outputs/ID_Results_GPT-4_projects_4a27402a71d58425733d47e7addee8937b391903/all_rounds/apollo/75f9950d5e1675dbb0617555c4502685ef4d4618/apollo-biz/com.ctrip.framework.apollo.biz.service.NamespaceBranchServiceTest.testUpdateBranchGrayRulesWithUpdateOnce/5.patch,123.99286640109494,True
https://github.com/apolloconfig/apollo-java,5344bc4f07288842bb850145bcf80a084bd94114,apollo-openapi,ID,com.ctrip.framework.apollo.openapi.client.service.ItemOpenApiServiceTest.testFindItemsByNamespace,testFindItemsByNamespace,Accepted,https://github.com/apolloconfig/apollo-java/pull/44,,projects/5344bc4f07288842bb850145bcf80a084bd94114/apollo-java/apollo-openapi/src/test/java/com/ctrip/framework/apollo/openapi/client/service/ItemOpenApiServiceTest.java,outputs/ID_Results_GPT-4_projects_4a27402a71d58425733d47e7addee8937b391903/GoodPatches/apollo-java/5344bc4f07288842bb850145bcf80a084bd94114/apollo-openapi/com.ctrip.framework.apollo.openapi.client.service.ItemOpenApiServiceTest.testFindItemsByNamespace/2.patch,"{0: 'test_failure', 1: 'compilation_error', 2: 'test_pass'}",8,"{0: 'BUILD SUCCESS', 1: 'BUILD FAILURE', 2: 'BUILD SUCCESS'}",{},outputs/ID_Results_GPT-4_projects_4a27402a71d58425733d47e7addee8937b391903/all_rounds/apollo-java/5344bc4f07288842bb850145bcf80a084bd94114/apollo-openapi/com.ctrip.framework.apollo.openapi.client.service.ItemOpenApiServiceTest.testFindItemsByNamespace/2.patch,36.480868791928515,True
https://github.com/OpenFeign/feign,744fd725ac60b534ff553ec96dcd6494631e677f,mock,ID,feign.mock.RequestHeadersTest.shouldPrintHeaders,shouldPrintHeaders,Accepted,https://github.com/OpenFeign/feign/pull/1165,,projects/744fd725ac60b534ff553ec96dcd6494631e677f/feign/mock/src/test/java/feign/mock/RequestHeadersTest.java,outputs/ID_Results_GPT-4_projects_4a27402a71d58425733d47e7addee8937b391903/GoodPatches/feign/744fd725ac60b534ff553ec96dcd6494631e677f/mock/feign.mock.RequestHeadersTest.shouldPrintHeaders/1.patch,"{0: 'test_failure', 1: 'test_pass'}",8,"{0: 'BUILD SUCCESS', 1: 'BUILD SUCCESS'}",{},outputs/ID_Results_GPT-4_projects_4a27402a71d58425733d47e7addee8937b391903/all_rounds/feign/744fd725ac60b534ff553ec96dcd6494631e677f/mock/feign.mock.RequestHeadersTest.shouldPrintHeaders/1.patch,17.53820122592151,True
https://github.com/OpenFeign/feign,5eb9905e58ecffce907ec3ee092ccee8383ca9ce,core,ID,feign.TypesResolveReturnTypeTest.overrideOverridingConcreteCollectionGenericFourthLevel,overrideOverridingConcreteCollectionGenericFourthLevel,Accepted,https://github.com/OpenFeign/feign/pull/1525,,projects/5eb9905e58ecffce907ec3ee092ccee8383ca9ce/feign/core/src/test/java/feign/TypesResolveReturnTypeTest.java,,"{0: 'test_failure', 1: 'test_failure', 2: 'compilation_error;Stitched:compilation_error', 3: 'build_failure', 4: 'build_failure', 5: 'build_failure'}",8,"{0: 'BUILD SUCCESS', 1: 'BUILD SUCCESS', 2: 'BUILD FAILURE;Stitched:BUILD FAILURE', 3: 'BUILD FAILURE', 4: 'BUILD FAILURE', 5: 'BUILD FAILURE'}",{},outputs/ID_Results_GPT-4_projects_4a27402a71d58425733d47e7addee8937b391903/all_rounds/feign/5eb9905e58ecffce907ec3ee092ccee8383ca9ce/core/feign.TypesResolveReturnTypeTest.overrideOverridingConcreteCollectionGenericFourthLevel/5.patch,94.03739991085604,True
https://github.com/OpenFeign/feign,3a351fa0716c51b5b4d7caa0c5f72cd61f80445f,json,ID,feign.json.JsonEncoderTest.encodesObject,encodesObject,Accepted,https://github.com/OpenFeign/feign/pull/1538,,projects/3a351fa0716c51b5b4d7caa0c5f72cd61f80445f/feign/json/src/test/java/feign/json/JsonEncoderTest.java,outputs/ID_Results_GPT-4_projects_4a27402a71d58425733d47e7addee8937b391903/GoodPatches/feign/3a351fa0716c51b5b4d7caa0c5f72cd61f80445f/json/feign.json.JsonEncoderTest.encodesObject/2.patch,"{0: 'test_failure', 1: 'compilation_error', 2: 'test_pass'}",8,"{0: 'BUILD SUCCESS', 1: 'BUILD FAILURE', 2: 'BUILD SUCCESS'}",{},outputs/ID_Results_GPT-4_projects_4a27402a71d58425733d47e7addee8937b391903/all_rounds/feign/3a351fa0716c51b5b4d7caa0c5f72cd61f80445f/json/feign.json.JsonEncoderTest.encodesObject/2.patch,35.276564951986074,True
https://github.com/pedrovgs/Algorithms,ed6f8a49948c09a21bfeb7bc38b4f24141795e38,.,ID,com.github.pedrovgs.problem45.FindNthMostRepeatedElementTest.shouldFindNthMostRepeatedElement,shouldFindNthMostRepeatedElement,Accepted,https://github.com/pedrovgs/Algorithms/pull/63,,projects/ed6f8a49948c09a21bfeb7bc38b4f24141795e38/Algorithms/src/test/java/com/github/pedrovgs/problem45/FindNthMostRepeatedElementTest.java,,"{0: 'test_failure', 1: 'compilation_error', 2: 'compilation_error', 3: 'compilation_error', 4: 'test_failure', 5: 'test_failure'}",8,"{0: 'BUILD SUCCESS', 1: 'BUILD FAILURE', 2: 'BUILD FAILURE', 3: 'BUILD FAILURE', 4: 'BUILD SUCCESS', 5: 'BUILD SUCCESS'}",{},outputs/ID_Results_GPT-4_projects_4a27402a71d58425733d47e7addee8937b391903/all_rounds/Algorithms/ed6f8a49948c09a21bfeb7bc38b4f24141795e38/./com.github.pedrovgs.problem45.FindNthMostRepeatedElementTest.shouldFindNthMostRepeatedElement/5.patch,70.6067915558815,True
https://github.com/stanfordnlp/CoreNLP,08f6dca23e5296d6affdc40895bf294d9b3144f6,.,ID,edu.stanford.nlp.graph.DirectedMultiGraphTest.testConnectedComponents,testConnectedComponents,Accepted,https://github.com/stanfordnlp/CoreNLP/pull/1215,,projects/08f6dca23e5296d6affdc40895bf294d9b3144f6/CoreNLP/test/src/edu/stanford/nlp/graph/DirectedMultiGraphTest.java,,"{0: 'test_failure', 1: 'compilation_error', 2: 'compilation_error', 3: 'compilation_error', 4: 'Stitched:compilation_error', 5: 'compilation_error'}",8,"{0: 'BUILD SUCCESS', 1: 'BUILD FAILURE', 2: 'BUILD FAILURE', 3: 'BUILD FAILURE', 4: 'BUILD FAILURE', 5: 'BUILD FAILURE'}",{},outputs/ID_Results_GPT-4_projects_4a27402a71d58425733d47e7addee8937b391903/all_rounds/CoreNLP/08f6dca23e5296d6affdc40895bf294d9b3144f6/./edu.stanford.nlp.graph.DirectedMultiGraphTest.testConnectedComponents/5.patch,118.31175340292975,True
https://github.com/vipshop/vjtools,60c743da35913d72f37f2d79afa90ad2bf73cb89,vjkit,ID,com.vip.vjtools.vjkit.mapper.JsonMapperTest.jsonp,jsonp,Accepted,https://github.com/vipshop/vjtools/pull/168,,projects/60c743da35913d72f37f2d79afa90ad2bf73cb89/vjtools/vjkit/src/test/java/com/vip/vjtools/vjkit/mapper/JsonMapperTest.java,outputs/ID_Results_GPT-4_projects_4a27402a71d58425733d47e7addee8937b391903/GoodPatches/vjtools/60c743da35913d72f37f2d79afa90ad2bf73cb89/vjkit/com.vip.vjtools.vjkit.mapper.JsonMapperTest.jsonp/3.patch,"{0: 'test_failure', 1: 'test_failure', 2: 'test_failure', 3: 'test_pass'}",8,"{0: 'BUILD SUCCESS', 1: 'BUILD SUCCESS', 2: 'BUILD SUCCESS', 3: 'BUILD SUCCESS'}",{},outputs/ID_Results_GPT-4_projects_4a27402a71d58425733d47e7addee8937b391903/all_rounds/vjtools/60c743da35913d72f37f2d79afa90ad2bf73cb89/vjkit/com.vip.vjtools.vjkit.mapper.JsonMapperTest.jsonp/3.patch,51.03085561003536,True
https://github.com/vipshop/vjtools,60c743da35913d72f37f2d79afa90ad2bf73cb89,vjkit,ID,com.vip.vjtools.vjkit.mapper.JsonMapperTest.threeTypeMappers,threeTypeMappers,Accepted,https://github.com/vipshop/vjtools/pull/168,,projects/60c743da35913d72f37f2d79afa90ad2bf73cb89/vjtools/vjkit/src/test/java/com/vip/vjtools/vjkit/mapper/JsonMapperTest.java,,"{0: 'test_failure', 1: 'test_failure', 2: 'compilation_error', 3: 'compilation_error', 4: 'compilation_error', 5: 'compilation_error'}",8,"{0: 'BUILD SUCCESS', 1: 'BUILD SUCCESS', 2: 'BUILD FAILURE', 3: 'BUILD FAILURE', 4: 'BUILD FAILURE', 5: 'BUILD FAILURE'}",{},outputs/ID_Results_GPT-4_projects_4a27402a71d58425733d47e7addee8937b391903/all_rounds/vjtools/60c743da35913d72f37f2d79afa90ad2bf73cb89/vjkit/com.vip.vjtools.vjkit.mapper.JsonMapperTest.threeTypeMappers/5.patch,108.74939611600712,True
https://github.com/vipshop/vjtools,60c743da35913d72f37f2d79afa90ad2bf73cb89,vjkit,ID,com.vip.vjtools.vjkit.mapper.JsonMapperTest.toJson,toJson,Accepted,https://github.com/vipshop/vjtools/pull/168,,projects/60c743da35913d72f37f2d79afa90ad2bf73cb89/vjtools/vjkit/src/test/java/com/vip/vjtools/vjkit/mapper/JsonMapperTest.java,,"{0: 'test_failure', 1: 'test_failure', 2: 'test_failure', 3: 'test_failure', 4: 'test_failure', 5: 'test_failure'}",8,"{0: 'BUILD SUCCESS', 1: 'BUILD SUCCESS', 2: 'BUILD SUCCESS', 3: 'BUILD SUCCESS', 4: 'BUILD SUCCESS', 5: 'BUILD SUCCESS'}",{},outputs/ID_Results_GPT-4_projects_4a27402a71d58425733d47e7addee8937b391903/all_rounds/vjtools/60c743da35913d72f37f2d79afa90ad2bf73cb89/vjkit/com.vip.vjtools.vjkit.mapper.JsonMapperTest.toJson/5.patch,212.68934736493975,True
https://github.com/dropwizard/dropwizard,df39fdeed1d14f7b014a22db59b06bfd4e562edd,dropwizard-health,ID,io.dropwizard.health.HealthCheckConfigValidatorTest.startValidationsShouldFailIfAHealthCheckConfiguredButNotRegistered,startValidationsShouldFailIfAHealthCheckConfiguredButNotRegistered,Accepted,https://github.com/dropwizard/dropwizard/pull/7629,,projects/df39fdeed1d14f7b014a22db59b06bfd4e562edd/dropwizard/dropwizard-health/src/test/java/io/dropwizard/health/HealthCheckConfigValidatorTest.java,outputs/ID_Results_GPT-4_projects_4a27402a71d58425733d47e7addee8937b391903/GoodPatches/dropwizard/df39fdeed1d14f7b014a22db59b06bfd4e562edd/dropwizard-health/io.dropwizard.health.HealthCheckConfigValidatorTest.startValidationsShouldFailIfAHealthCheckConfiguredButNotRegistered/1.patch,"{0: 'test_failure', 1: 'test_pass'}",8,"{0: 'BUILD SUCCESS', 1: 'BUILD SUCCESS'}",{},outputs/ID_Results_GPT-4_projects_4a27402a71d58425733d47e7addee8937b391903/all_rounds/dropwizard/df39fdeed1d14f7b014a22db59b06bfd4e562edd/dropwizard-health/io.dropwizard.health.HealthCheckConfigValidatorTest.startValidationsShouldFailIfAHealthCheckConfiguredButNotRegistered/1.patch,29.49910563812591,True
https://github.com/dropwizard/dropwizard,df39fdeed1d14f7b014a22db59b06bfd4e562edd,dropwizard-health,ID,io.dropwizard.health.response.JsonHealthResponseProviderTest.shouldHandleMultipleHealthStateViewsCorrectly,shouldHandleMultipleHealthStateViewsCorrectly,Accepted,https://github.com/dropwizard/dropwizard/pull/6134,,projects/df39fdeed1d14f7b014a22db59b06bfd4e562edd/dropwizard/dropwizard-health/src/test/java/io/dropwizard/health/response/JsonHealthResponseProviderTest.java,outputs/ID_Results_GPT-4_projects_4a27402a71d58425733d47e7addee8937b391903/GoodPatches/dropwizard/df39fdeed1d14f7b014a22db59b06bfd4e562edd/dropwizard-health/io.dropwizard.health.response.JsonHealthResponseProviderTest.shouldHandleMultipleHealthStateViewsCorrectly/1.patch,"{0: 'test_failure', 1: 'test_pass'}",8,"{0: 'BUILD SUCCESS', 1: 'BUILD SUCCESS'}",{},outputs/ID_Results_GPT-4_projects_4a27402a71d58425733d47e7addee8937b391903/all_rounds/dropwizard/df39fdeed1d14f7b014a22db59b06bfd4e562edd/dropwizard-health/io.dropwizard.health.response.JsonHealthResponseProviderTest.shouldHandleMultipleHealthStateViewsCorrectly/1.patch,111.36903763189912,True
https://github.com/jetty/jetty.project,9cede68b355515e1cf8802fd1fcf67aa7547aad1,jetty-server,ID,org.eclipse.jetty.server.ssl.SniSslConnectionFactoryTest.testSNIConnectNoWild,testSNIConnectNoWild,Accepted,https://github.com/jetty/jetty.project/pull/10885,,projects/9cede68b355515e1cf8802fd1fcf67aa7547aad1/jetty.project/jetty-server/src/test/java/org/eclipse/jetty/server/ssl/SniSslConnectionFactoryTest.java,,"{0: 'test_failure', 1: 'test_failure', 2: 'test_failure', 3: 'test_failure', 4: 'test_failure', 5: 'test_failure'}",8,"{0: 'BUILD SUCCESS', 1: 'BUILD SUCCESS', 2: 'BUILD SUCCESS', 3: 'BUILD SUCCESS', 4: 'BUILD SUCCESS', 5: 'BUILD SUCCESS'}",{},outputs/ID_Results_GPT-4_projects_4a27402a71d58425733d47e7addee8937b391903/all_rounds/jetty.project/9cede68b355515e1cf8802fd1fcf67aa7547aad1/jetty-server/org.eclipse.jetty.server.ssl.SniSslConnectionFactoryTest.testSNIConnectNoWild/5.patch,146.2461556349881,True
https://github.com/jetty/jetty.project,9cede68b355515e1cf8802fd1fcf67aa7547aad1,jetty-server,ID,org.eclipse.jetty.server.ssl.SslConnectionFactoryTest.testSNIConnect,testSNIConnect,Accepted,https://github.com/jetty/jetty.project/pull/10885,,projects/9cede68b355515e1cf8802fd1fcf67aa7547aad1/jetty.project/jetty-server/src/test/java/org/eclipse/jetty/server/ssl/SslConnectionFactoryTest.java,,"{0: 'test_failure', 1: 'test_failure', 2: 'compilation_error', 3: 'test_failure', 4: 'test_failure', 5: 'test_failure'}",8,"{0: 'BUILD SUCCESS', 1: 'BUILD SUCCESS', 2: 'BUILD FAILURE', 3: 'BUILD SUCCESS', 4: 'BUILD SUCCESS', 5: 'BUILD SUCCESS'}",{},outputs/ID_Results_GPT-4_projects_4a27402a71d58425733d47e7addee8937b391903/all_rounds/jetty.project/9cede68b355515e1cf8802fd1fcf67aa7547aad1/jetty-server/org.eclipse.jetty.server.ssl.SslConnectionFactoryTest.testSNIConnect/5.patch,134.2365424069576,True
https://github.com/flowable/flowable-engine,399ab58c5c29b2437c56f5418d8610bc3fb3381d,modules/flowable-engine,ID,org.flowable.engine.test.api.runtime.changestate.ChangeStateForGatewaysTest.testSetCurrentActivityToMultipleActivitiesForParallelGateway,testSetCurrentActivityToMultipleActivitiesForParallelGateway,Accepted,https://github.com/flowable/flowable-engine/pull/2197,,projects/399ab58c5c29b2437c56f5418d8610bc3fb3381d/flowable-engine/modules/flowable-engine/src/test/java/org/flowable/engine/test/api/runtime/changestate/ChangeStateForGatewaysTest.java,outputs/ID_Results_GPT-4_projects_4a27402a71d58425733d47e7addee8937b391903/GoodPatches/flowable-engine/399ab58c5c29b2437c56f5418d8610bc3fb3381d/modules/flowable-engine/org.flowable.engine.test.api.runtime.changestate.ChangeStateForGatewaysTest.testSetCurrentActivityToMultipleActivitiesForParallelGateway/1.patch,"{0: 'test_failure', 1: 'test_pass'}",8,"{0: 'BUILD SUCCESS', 1: 'BUILD SUCCESS'}",{},outputs/ID_Results_GPT-4_projects_4a27402a71d58425733d47e7addee8937b391903/all_rounds/flowable-engine/399ab58c5c29b2437c56f5418d8610bc3fb3381d/modules/flowable-engine/org.flowable.engine.test.api.runtime.changestate.ChangeStateForGatewaysTest.testSetCurrentActivityToMultipleActivitiesForParallelGateway/1.patch,63.17513688094914,True
https://github.com/flowable/flowable-engine,399ab58c5c29b2437c56f5418d8610bc3fb3381d,modules/flowable-engine,ID,org.flowable.engine.test.api.runtime.changestate.ChangeStateTest.testSetCurrentActivityForSubProcessWithVariables,testSetCurrentActivityForSubProcessWithVariables,Accepted,https://github.com/flowable/flowable-engine/pull/2147,,projects/399ab58c5c29b2437c56f5418d8610bc3fb3381d/flowable-engine/modules/flowable-engine/src/test/java/org/flowable/engine/test/api/runtime/changestate/ChangeStateTest.java,outputs/ID_Results_GPT-4_projects_4a27402a71d58425733d47e7addee8937b391903/GoodPatches/flowable-engine/399ab58c5c29b2437c56f5418d8610bc3fb3381d/modules/flowable-engine/org.flowable.engine.test.api.runtime.changestate.ChangeStateTest.testSetCurrentActivityForSubProcessWithVariables/2.patch,"{0: 'test_failure', 1: 'Stitched:compilation_error', 2: 'test_pass'}",8,"{0: 'BUILD SUCCESS', 1: 'BUILD FAILURE', 2: 'BUILD SUCCESS'}",{},outputs/ID_Results_GPT-4_projects_4a27402a71d58425733d47e7addee8937b391903/all_rounds/flowable-engine/399ab58c5c29b2437c56f5418d8610bc3fb3381d/modules/flowable-engine/org.flowable.engine.test.api.runtime.changestate.ChangeStateTest.testSetCurrentActivityForSubProcessWithVariables/2.patch,159.59211279195733,True
https://github.com/flowable/flowable-engine,399ab58c5c29b2437c56f5418d8610bc3fb3381d,modules/flowable-cmmn-engine,ID,org.flowable.cmmn.test.el.VariableFunctionDelegatesTest.testVariableEquals,testVariableEquals,Accepted,https://github.com/flowable/flowable-engine/pull/2204,,projects/399ab58c5c29b2437c56f5418d8610bc3fb3381d/flowable-engine/modules/flowable-cmmn-engine/src/test/java/org/flowable/cmmn/test/el/VariableFunctionDelegatesTest.java,,"{0: 'test_failure', 1: 'test_failure', 2: 'test_failure', 3: 'test_failure', 4: 'test_failure', 5: 'test_failure'}",8,"{0: 'BUILD SUCCESS', 1: 'BUILD SUCCESS', 2: 'BUILD SUCCESS', 3: 'BUILD SUCCESS', 4: 'BUILD SUCCESS', 5: 'BUILD SUCCESS'}",{},outputs/ID_Results_GPT-4_projects_4a27402a71d58425733d47e7addee8937b391903/all_rounds/flowable-engine/399ab58c5c29b2437c56f5418d8610bc3fb3381d/modules/flowable-cmmn-engine/org.flowable.cmmn.test.el.VariableFunctionDelegatesTest.testVariableEquals/5.patch,221.46151086618192,True
https://github.com/flowable/flowable-engine,399ab58c5c29b2437c56f5418d8610bc3fb3381d,modules/flowable-engine,ID,org.flowable.engine.test.api.runtime.migration.ProcessInstanceMigrationGatewaysTest.testMigrateActivityToExclusiveGatewayStartWithDefaultFlow,testMigrateActivityToExclusiveGatewayStartWithDefaultFlow,Accepted,https://github.com/flowable/flowable-engine/pull/2204,,projects/399ab58c5c29b2437c56f5418d8610bc3fb3381d/flowable-engine/modules/flowable-engine/src/test/java/org/flowable/engine/test/api/runtime/migration/ProcessInstanceMigrationGatewaysTest.java,,"{0: 'test_failure', 1: 'test_failure', 2: 'test_failure', 3: 'test_failure', 4: 'test_failure', 5: 'test_failure'}",8,"{0: 'BUILD SUCCESS', 1: 'BUILD SUCCESS', 2: 'BUILD SUCCESS', 3: 'BUILD SUCCESS', 4: 'BUILD SUCCESS', 5: 'BUILD SUCCESS'}",{},outputs/ID_Results_GPT-4_projects_4a27402a71d58425733d47e7addee8937b391903/all_rounds/flowable-engine/399ab58c5c29b2437c56f5418d8610bc3fb3381d/modules/flowable-engine/org.flowable.engine.test.api.runtime.migration.ProcessInstanceMigrationGatewaysTest.testMigrateActivityToExclusiveGatewayStartWithDefaultFlow/5.patch,318.7258478710428,True
https://github.com/flowable/flowable-engine,399ab58c5c29b2437c56f5418d8610bc3fb3381d,modules/flowable-cmmn-engine,ID,org.flowable.cmmn.test.el.VariableFunctionDelegatesTest.testVariableEqualsVariableNotQuoted,testVariableEqualsVariableNotQuoted,Accepted,https://github.com/flowable/flowable-engine/pull/2204,,projects/399ab58c5c29b2437c56f5418d8610bc3fb3381d/flowable-engine/modules/flowable-cmmn-engine/src/test/java/org/flowable/cmmn/test/el/VariableFunctionDelegatesTest.java,,"{0: 'test_failure', 1: 'test_failure', 2: 'Stitched:test_failure', 3: 'test_failure', 4: 'test_failure', 5: 'test_failure'}",8,"{0: 'BUILD SUCCESS', 1: 'BUILD SUCCESS', 2: 'BUILD SUCCESS', 3: 'BUILD SUCCESS', 4: 'BUILD SUCCESS', 5: 'BUILD SUCCESS'}",{},outputs/ID_Results_GPT-4_projects_4a27402a71d58425733d47e7addee8937b391903/all_rounds/flowable-engine/399ab58c5c29b2437c56f5418d8610bc3fb3381d/modules/flowable-cmmn-engine/org.flowable.cmmn.test.el.VariableFunctionDelegatesTest.testVariableEqualsVariableNotQuoted/5.patch,235.4283969081007,True
https://github.com/flowable/flowable-engine,399ab58c5c29b2437c56f5418d8610bc3fb3381d,modules/flowable-cmmn-engine,ID,org.flowable.cmmn.test.itemcontrol.RepetitionRuleTest.testRepeatingRuleUserEventListener,testRepeatingRuleUserEventListener,Accepted,https://github.com/flowable/flowable-engine/pull/2204,,projects/399ab58c5c29b2437c56f5418d8610bc3fb3381d/flowable-engine/modules/flowable-cmmn-engine/src/test/java/org/flowable/cmmn/test/itemcontrol/RepetitionRuleTest.java,,"{0: 'test_failure', 1: 'compilation_error', 2: 'test_failure', 3: 'compilation_error', 4: 'test_failure', 5: 'compilation_error'}",8,"{0: 'BUILD SUCCESS', 1: 'BUILD FAILURE', 2: 'BUILD SUCCESS', 3: 'BUILD FAILURE', 4: 'BUILD SUCCESS', 5: 'BUILD FAILURE'}",{},outputs/ID_Results_GPT-4_projects_4a27402a71d58425733d47e7addee8937b391903/all_rounds/flowable-engine/399ab58c5c29b2437c56f5418d8610bc3fb3381d/modules/flowable-cmmn-engine/org.flowable.cmmn.test.itemcontrol.RepetitionRuleTest.testRepeatingRuleUserEventListener/5.patch,202.59692856296897,True
https://github.com/flowable/flowable-engine,399ab58c5c29b2437c56f5418d8610bc3fb3381d,modules/flowable-cmmn-engine-configurator,ID,org.flowable.cmmn.test.ProcessTaskTest.testExitAvailableProcessTaskThroughExitSentryOnStage,testExitAvailableProcessTaskThroughExitSentryOnStage,Accepted,https://github.com/flowable/flowable-engine/pull/2204,,projects/399ab58c5c29b2437c56f5418d8610bc3fb3381d/flowable-engine/modules/flowable-cmmn-engine-configurator/src/test/java/org/flowable/cmmn/test/ProcessTaskTest.java,,"{0: 'test_failure', 1: 'Stitched:compilation_error', 2: 'Stitched:compilation_error', 3: 'Stitched:compilation_error', 4: 'Stitched:compilation_error', 5: 'Stitched:compilation_error'}",8,"{0: 'BUILD SUCCESS', 1: 'BUILD FAILURE', 2: 'BUILD FAILURE', 3: 'BUILD FAILURE', 4: 'BUILD FAILURE', 5: 'BUILD FAILURE'}",{},outputs/ID_Results_GPT-4_projects_4a27402a71d58425733d47e7addee8937b391903/all_rounds/flowable-engine/399ab58c5c29b2437c56f5418d8610bc3fb3381d/modules/flowable-cmmn-engine-configurator/org.flowable.cmmn.test.ProcessTaskTest.testExitAvailableProcessTaskThroughExitSentryOnStage/5.patch,114.30739196692593,True
https://github.com/flowable/flowable-engine,399ab58c5c29b2437c56f5418d8610bc3fb3381d,modules/flowable-cmmn-engine,ID,org.flowable.cmmn.test.runtime.CaseTaskTest.testTerminateAvailableCaseTask,testTerminateAvailableCaseTask,Accepted,https://github.com/flowable/flowable-engine/pull/2204,,projects/399ab58c5c29b2437c56f5418d8610bc3fb3381d/flowable-engine/modules/flowable-cmmn-engine/src/test/java/org/flowable/cmmn/test/runtime/CaseTaskTest.java,outputs/ID_Results_GPT-4_projects_4a27402a71d58425733d47e7addee8937b391903/GoodPatches/flowable-engine/399ab58c5c29b2437c56f5418d8610bc3fb3381d/modules/flowable-cmmn-engine/org.flowable.cmmn.test.runtime.CaseTaskTest.testTerminateAvailableCaseTask/1.patch,"{0: 'test_failure', 1: 'test_pass'}",8,"{0: 'BUILD SUCCESS', 1: 'BUILD SUCCESS'}",{},outputs/ID_Results_GPT-4_projects_4a27402a71d58425733d47e7addee8937b391903/all_rounds/flowable-engine/399ab58c5c29b2437c56f5418d8610bc3fb3381d/modules/flowable-cmmn-engine/org.flowable.cmmn.test.runtime.CaseTaskTest.testTerminateAvailableCaseTask/1.patch,40.92825723905116,True
https://github.com/flowable/flowable-engine,399ab58c5c29b2437c56f5418d8610bc3fb3381d,modules/flowable-cmmn-engine,ID,org.flowable.cmmn.test.runtime.ExitCriteriaTest.testExitPlanModelWithExpression,testExitPlanModelWithExpression,Accepted,https://github.com/flowable/flowable-engine/pull/2204,,projects/399ab58c5c29b2437c56f5418d8610bc3fb3381d/flowable-engine/modules/flowable-cmmn-engine/src/test/java/org/flowable/cmmn/test/runtime/ExitCriteriaTest.java,,"{0: 'test_failure', 1: 'test_failure', 2: 'compilation_error', 3: 'test_failure', 4: 'test_failure', 5: 'test_failure'}",8,"{0: 'BUILD SUCCESS', 1: 'BUILD SUCCESS', 2: 'BUILD FAILURE', 3: 'BUILD SUCCESS', 4: 'BUILD SUCCESS', 5: 'BUILD SUCCESS'}",{},outputs/ID_Results_GPT-4_projects_4a27402a71d58425733d47e7addee8937b391903/all_rounds/flowable-engine/399ab58c5c29b2437c56f5418d8610bc3fb3381d/modules/flowable-cmmn-engine/org.flowable.cmmn.test.runtime.ExitCriteriaTest.testExitPlanModelWithExpression/5.patch,205.5884930449538,True
https://github.com/flowable/flowable-engine,399ab58c5c29b2437c56f5418d8610bc3fb3381d,modules/flowable-engine,ID,org.flowable.engine.test.api.runtime.changestate.ChangeStateTest.testSetCurrentExecutionForSubProcessWithVariables,testSetCurrentExecutionForSubProcessWithVariables,Accepted,https://github.com/flowable/flowable-engine/pull/2147,,projects/399ab58c5c29b2437c56f5418d8610bc3fb3381d/flowable-engine/modules/flowable-engine/src/test/java/org/flowable/engine/test/api/runtime/changestate/ChangeStateTest.java,outputs/ID_Results_GPT-4_projects_4a27402a71d58425733d47e7addee8937b391903/GoodPatches/flowable-engine/399ab58c5c29b2437c56f5418d8610bc3fb3381d/modules/flowable-engine/org.flowable.engine.test.api.runtime.changestate.ChangeStateTest.testSetCurrentExecutionForSubProcessWithVariables/2.patch,"{0: 'test_failure', 1: 'Stitched:compilation_error', 2: 'test_pass'}",8,"{0: 'BUILD SUCCESS', 1: 'BUILD FAILURE', 2: 'BUILD SUCCESS'}",{},outputs/ID_Results_GPT-4_projects_4a27402a71d58425733d47e7addee8937b391903/all_rounds/flowable-engine/399ab58c5c29b2437c56f5418d8610bc3fb3381d/modules/flowable-engine/org.flowable.engine.test.api.runtime.changestate.ChangeStateTest.testSetCurrentExecutionForSubProcessWithVariables/2.patch,155.2865857379511,True
https://github.com/flowable/flowable-engine,399ab58c5c29b2437c56f5418d8610bc3fb3381d,modules/flowable-engine,ID,org.flowable.engine.test.api.runtime.migration.ProcessInstanceMigrationGatewaysTest.testMigrateActivityToExclusiveGatewayStartInsideEmbeddedSubProcessDefaultFlow,testMigrateActivityToExclusiveGatewayStartInsideEmbeddedSubProcessDefaultFlow,Accepted,https://github.com/flowable/flowable-engine/pull/2204,,projects/399ab58c5c29b2437c56f5418d8610bc3fb3381d/flowable-engine/modules/flowable-engine/src/test/java/org/flowable/engine/test/api/runtime/migration/ProcessInstanceMigrationGatewaysTest.java,,"{0: 'test_failure', 1: 'test_failure', 2: 'test_failure', 3: 'test_failure', 4: 'test_failure', 5: 'test_failure'}",8,"{0: 'BUILD SUCCESS', 1: 'BUILD SUCCESS', 2: 'BUILD SUCCESS', 3: 'BUILD SUCCESS', 4: 'BUILD SUCCESS', 5: 'BUILD SUCCESS'}",{},outputs/ID_Results_GPT-4_projects_4a27402a71d58425733d47e7addee8937b391903/all_rounds/flowable-engine/399ab58c5c29b2437c56f5418d8610bc3fb3381d/modules/flowable-engine/org.flowable.engine.test.api.runtime.migration.ProcessInstanceMigrationGatewaysTest.testMigrateActivityToExclusiveGatewayStartInsideEmbeddedSubProcessDefaultFlow/5.patch,363.0672986849677,True
https://github.com/flowable/flowable-engine,399ab58c5c29b2437c56f5418d8610bc3fb3381d,modules/flowable-engine,ID,org.flowable.engine.test.api.runtime.migration.ProcessInstanceMigrationGatewaysTest.testMigrateActivityToExclusiveGatewayStartWithConditionSpecifiedAsProcessVariableDuringMigration,testMigrateActivityToExclusiveGatewayStartWithConditionSpecifiedAsProcessVariableDuringMigration,Accepted,https://github.com/flowable/flowable-engine/pull/2204,,projects/399ab58c5c29b2437c56f5418d8610bc3fb3381d/flowable-engine/modules/flowable-engine/src/test/java/org/flowable/engine/test/api/runtime/migration/ProcessInstanceMigrationGatewaysTest.java,,"{0: 'test_failure', 1: 'test_failure', 2: 'test_failure', 3: 'test_failure', 4: 'test_failure', 5: 'test_failure'}",8,"{0: 'BUILD SUCCESS', 1: 'BUILD SUCCESS', 2: 'BUILD SUCCESS', 3: 'BUILD SUCCESS', 4: 'BUILD SUCCESS', 5: 'BUILD SUCCESS'}",{},outputs/ID_Results_GPT-4_projects_4a27402a71d58425733d47e7addee8937b391903/all_rounds/flowable-engine/399ab58c5c29b2437c56f5418d8610bc3fb3381d/modules/flowable-engine/org.flowable.engine.test.api.runtime.migration.ProcessInstanceMigrationGatewaysTest.testMigrateActivityToExclusiveGatewayStartWithConditionSpecifiedAsProcessVariableDuringMigration/5.patch,356.2192971778568,True
https://github.com/flowable/flowable-engine,399ab58c5c29b2437c56f5418d8610bc3fb3381d,modules/flowable-engine,ID,org.flowable.engine.test.api.runtime.migration.ProcessInstanceMigrationGatewaysTest.testMigrateActivityToExclusiveGatewayStartWithConditionSpecifiedBeforeMigration,testMigrateActivityToExclusiveGatewayStartWithConditionSpecifiedBeforeMigration,Accepted,https://github.com/flowable/flowable-engine/pull/2204,,projects/399ab58c5c29b2437c56f5418d8610bc3fb3381d/flowable-engine/modules/flowable-engine/src/test/java/org/flowable/engine/test/api/runtime/migration/ProcessInstanceMigrationGatewaysTest.java,,"{0: 'test_failure', 1: 'Stitched:test_failure', 2: 'test_failure', 3: 'test_failure', 4: 'test_failure', 5: 'test_failure'}",8,"{0: 'BUILD SUCCESS', 1: 'BUILD SUCCESS', 2: 'BUILD SUCCESS', 3: 'BUILD SUCCESS', 4: 'BUILD SUCCESS', 5: 'BUILD SUCCESS'}",{},outputs/ID_Results_GPT-4_projects_4a27402a71d58425733d47e7addee8937b391903/all_rounds/flowable-engine/399ab58c5c29b2437c56f5418d8610bc3fb3381d/modules/flowable-engine/org.flowable.engine.test.api.runtime.migration.ProcessInstanceMigrationGatewaysTest.testMigrateActivityToExclusiveGatewayStartWithConditionSpecifiedBeforeMigration/5.patch,368.65593245299533,True
https://github.com/flowable/flowable-engine,399ab58c5c29b2437c56f5418d8610bc3fb3381d,modules/flowable-engine,ID,org.flowable.engine.test.api.runtime.migration.ProcessInstanceMigrationGatewaysTest.testMigrateActivityToExclusiveGatewayStartWithConditionSpecifiedDuringMigration,testMigrateActivityToExclusiveGatewayStartWithConditionSpecifiedDuringMigration,Accepted,https://github.com/flowable/flowable-engine/pull/2204,,projects/399ab58c5c29b2437c56f5418d8610bc3fb3381d/flowable-engine/modules/flowable-engine/src/test/java/org/flowable/engine/test/api/runtime/migration/ProcessInstanceMigrationGatewaysTest.java,,"{0: 'test_failure', 1: 'test_failure', 2: 'test_failure', 3: 'test_failure', 4: 'test_failure', 5: 'test_failure'}",8,"{0: 'BUILD SUCCESS', 1: 'BUILD SUCCESS', 2: 'BUILD SUCCESS', 3: 'BUILD SUCCESS', 4: 'BUILD SUCCESS', 5: 'BUILD SUCCESS'}",{},outputs/ID_Results_GPT-4_projects_4a27402a71d58425733d47e7addee8937b391903/all_rounds/flowable-engine/399ab58c5c29b2437c56f5418d8610bc3fb3381d/modules/flowable-engine/org.flowable.engine.test.api.runtime.migration.ProcessInstanceMigrationGatewaysTest.testMigrateActivityToExclusiveGatewayStartWithConditionSpecifiedDuringMigration/5.patch,389.47324257786386,True
https://github.com/flowable/flowable-engine,399ab58c5c29b2437c56f5418d8610bc3fb3381d,modules/flowable-engine,ID,org.flowable.engine.test.el.function.VariableExpressionFunctionsTest.testGetVariableEquals,testGetVariableEquals,Accepted,https://github.com/flowable/flowable-engine/pull/2204,,projects/399ab58c5c29b2437c56f5418d8610bc3fb3381d/flowable-engine/modules/flowable-engine/src/test/java/org/flowable/engine/test/el/function/VariableExpressionFunctionsTest.java,,"{0: 'test_failure', 1: 'compilation_error', 2: 'test_failure', 3: 'test_failure', 4: 'test_failure', 5: 'test_failure'}",8,"{0: 'BUILD SUCCESS', 1: 'BUILD FAILURE', 2: 'BUILD SUCCESS', 3: 'BUILD SUCCESS', 4: 'BUILD SUCCESS', 5: 'BUILD SUCCESS'}",{},outputs/ID_Results_GPT-4_projects_4a27402a71d58425733d47e7addee8937b391903/all_rounds/flowable-engine/399ab58c5c29b2437c56f5418d8610bc3fb3381d/modules/flowable-engine/org.flowable.engine.test.el.function.VariableExpressionFunctionsTest.testGetVariableEquals/5.patch,212.7919223359786,True
https://github.com/Graylog2/graylog2-server,87d63f677759336987fbb21fd9c688235618e7bb,graylog2-server,ID,org.graylog.plugins.views.search.rest.ViewSharingResourceTest.summarizeUsersReturnsListOfUsersIfCurrentUserIsNull,summarizeUsersReturnsListOfUsersIfCurrentUserIsNull,Accepted,https://github.com/Graylog2/graylog2-server/pull/7473,,projects/87d63f677759336987fbb21fd9c688235618e7bb/graylog2-server/graylog2-server/src/test/java/org/graylog/plugins/views/search/rest/ViewSharingResourceTest.java,outputs/ID_Results_GPT-4_projects_4a27402a71d58425733d47e7addee8937b391903/GoodPatches/graylog2-server/87d63f677759336987fbb21fd9c688235618e7bb/graylog2-server/org.graylog.plugins.views.search.rest.ViewSharingResourceTest.summarizeUsersReturnsListOfUsersIfCurrentUserIsNull/1.patch,"{0: 'test_failure', 1: 'test_pass'}",8,"{0: 'BUILD SUCCESS', 1: 'BUILD SUCCESS'}",{},outputs/ID_Results_GPT-4_projects_4a27402a71d58425733d47e7addee8937b391903/all_rounds/graylog2-server/87d63f677759336987fbb21fd9c688235618e7bb/graylog2-server/org.graylog.plugins.views.search.rest.ViewSharingResourceTest.summarizeUsersReturnsListOfUsersIfCurrentUserIsNull/1.patch,44.020975871011615,True
https://github.com/Graylog2/graylog2-server,87d63f677759336987fbb21fd9c688235618e7bb,graylog2-server,ID,org.graylog.plugins.views.search.rest.ViewSharingResourceTest.summarizeUsersReturnsListOfUsersWithoutTheCurrent,summarizeUsersReturnsListOfUsersWithoutTheCurrent,Accepted,https://github.com/Graylog2/graylog2-server/pull/7473,,projects/87d63f677759336987fbb21fd9c688235618e7bb/graylog2-server/graylog2-server/src/test/java/org/graylog/plugins/views/search/rest/ViewSharingResourceTest.java,outputs/ID_Results_GPT-4_projects_4a27402a71d58425733d47e7addee8937b391903/GoodPatches/graylog2-server/87d63f677759336987fbb21fd9c688235618e7bb/graylog2-server/org.graylog.plugins.views.search.rest.ViewSharingResourceTest.summarizeUsersReturnsListOfUsersWithoutTheCurrent/1.patch,"{0: 'test_failure', 1: 'test_pass'}",8,"{0: 'BUILD SUCCESS', 1: 'BUILD SUCCESS'}",{},outputs/ID_Results_GPT-4_projects_4a27402a71d58425733d47e7addee8937b391903/all_rounds/graylog2-server/87d63f677759336987fbb21fd9c688235618e7bb/graylog2-server/org.graylog.plugins.views.search.rest.ViewSharingResourceTest.summarizeUsersReturnsListOfUsersWithoutTheCurrent/1.patch,31.723891834029928,True
https://github.com/Graylog2/graylog2-server,87d63f677759336987fbb21fd9c688235618e7bb,graylog2-server,ID,org.graylog.plugins.views.search.views.ViewRequirementsTest.mergesMultipleResultsFromMultipleChecksWithConflictingKeys,mergesMultipleResultsFromMultipleChecksWithConflictingKeys,Accepted,https://github.com/Graylog2/graylog2-server/pull/6562,,projects/87d63f677759336987fbb21fd9c688235618e7bb/graylog2-server/graylog2-server/src/test/java/org/graylog/plugins/views/search/views/ViewRequirementsTest.java,outputs/ID_Results_GPT-4_projects_4a27402a71d58425733d47e7addee8937b391903/GoodPatches/graylog2-server/87d63f677759336987fbb21fd9c688235618e7bb/graylog2-server/org.graylog.plugins.views.search.views.ViewRequirementsTest.mergesMultipleResultsFromMultipleChecksWithConflictingKeys/1.patch,"{0: 'test_failure', 1: 'test_pass'}",8,"{0: 'BUILD SUCCESS', 1: 'BUILD SUCCESS'}",{},outputs/ID_Results_GPT-4_projects_4a27402a71d58425733d47e7addee8937b391903/all_rounds/graylog2-server/87d63f677759336987fbb21fd9c688235618e7bb/graylog2-server/org.graylog.plugins.views.search.views.ViewRequirementsTest.mergesMultipleResultsFromMultipleChecksWithConflictingKeys/1.patch,26.064998342189938,True
https://github.com/Graylog2/graylog2-server,87d63f677759336987fbb21fd9c688235618e7bb,graylog2-server,ID,org.graylog.plugins.views.search.views.ViewRequirementsTest.mergesResultsFromMultipleChecks,mergesResultsFromMultipleChecks,Accepted,https://github.com/Graylog2/graylog2-server/pull/6562,,projects/87d63f677759336987fbb21fd9c688235618e7bb/graylog2-server/graylog2-server/src/test/java/org/graylog/plugins/views/search/views/ViewRequirementsTest.java,outputs/ID_Results_GPT-4_projects_4a27402a71d58425733d47e7addee8937b391903/GoodPatches/graylog2-server/87d63f677759336987fbb21fd9c688235618e7bb/graylog2-server/org.graylog.plugins.views.search.views.ViewRequirementsTest.mergesResultsFromMultipleChecks/2.patch,"{0: 'test_failure', 1: 'compilation_error', 2: 'test_pass'}",8,"{0: 'BUILD SUCCESS', 1: 'BUILD FAILURE', 2: 'BUILD SUCCESS'}",{},outputs/ID_Results_GPT-4_projects_4a27402a71d58425733d47e7addee8937b391903/all_rounds/graylog2-server/87d63f677759336987fbb21fd9c688235618e7bb/graylog2-server/org.graylog.plugins.views.search.views.ViewRequirementsTest.mergesResultsFromMultipleChecks/2.patch,58.288674294017255,True
https://github.com/Graylog2/graylog2-server,87d63f677759336987fbb21fd9c688235618e7bb,graylog2-server,ID,org.graylog2.contentpacks.model.entities.references.ValueReferenceTest.serializeBoolean,serializeBoolean,Accepted,https://github.com/Graylog2/graylog2-server/pull/6908,,projects/87d63f677759336987fbb21fd9c688235618e7bb/graylog2-server/graylog2-server/src/test/java/org/graylog2/contentpacks/model/entities/references/ValueReferenceTest.java,outputs/ID_Results_GPT-4_projects_4a27402a71d58425733d47e7addee8937b391903/GoodPatches/graylog2-server/87d63f677759336987fbb21fd9c688235618e7bb/graylog2-server/org.graylog2.contentpacks.model.entities.references.ValueReferenceTest.serializeBoolean/2.patch,"{0: 'test_failure', 1: 'compilation_error', 2: 'test_pass'}",8,"{0: 'BUILD SUCCESS', 1: 'BUILD FAILURE', 2: 'BUILD SUCCESS'}",{},outputs/ID_Results_GPT-4_projects_4a27402a71d58425733d47e7addee8937b391903/all_rounds/graylog2-server/87d63f677759336987fbb21fd9c688235618e7bb/graylog2-server/org.graylog2.contentpacks.model.entities.references.ValueReferenceTest.serializeBoolean/2.patch,46.36483574495651,True
https://github.com/Graylog2/graylog2-server,87d63f677759336987fbb21fd9c688235618e7bb,graylog2-server,ID,org.graylog2.contentpacks.model.entities.references.ValueReferenceTest.serializeEnum,serializeEnum,Accepted,https://github.com/Graylog2/graylog2-server/pull/6908,,projects/87d63f677759336987fbb21fd9c688235618e7bb/graylog2-server/graylog2-server/src/test/java/org/graylog2/contentpacks/model/entities/references/ValueReferenceTest.java,outputs/ID_Results_GPT-4_projects_4a27402a71d58425733d47e7addee8937b391903/GoodPatches/graylog2-server/87d63f677759336987fbb21fd9c688235618e7bb/graylog2-server/org.graylog2.contentpacks.model.entities.references.ValueReferenceTest.serializeEnum/2.patch,"{0: 'test_failure', 1: 'compilation_error', 2: 'test_pass'}",8,"{0: 'BUILD SUCCESS', 1: 'BUILD FAILURE', 2: 'BUILD SUCCESS'}",{},outputs/ID_Results_GPT-4_projects_4a27402a71d58425733d47e7addee8937b391903/all_rounds/graylog2-server/87d63f677759336987fbb21fd9c688235618e7bb/graylog2-server/org.graylog2.contentpacks.model.entities.references.ValueReferenceTest.serializeEnum/2.patch,67.32075712294318,True
https://github.com/Graylog2/graylog2-server,87d63f677759336987fbb21fd9c688235618e7bb,graylog2-server,ID,org.graylog2.contentpacks.model.entities.references.ValueReferenceTest.serializeFloat,serializeFloat,Accepted,https://github.com/Graylog2/graylog2-server/pull/6908,,projects/87d63f677759336987fbb21fd9c688235618e7bb/graylog2-server/graylog2-server/src/test/java/org/graylog2/contentpacks/model/entities/references/ValueReferenceTest.java,outputs/ID_Results_GPT-4_projects_4a27402a71d58425733d47e7addee8937b391903/GoodPatches/graylog2-server/87d63f677759336987fbb21fd9c688235618e7bb/graylog2-server/org.graylog2.contentpacks.model.entities.references.ValueReferenceTest.serializeFloat/2.patch,"{0: 'test_failure', 1: 'compilation_error', 2: 'test_pass'}",8,"{0: 'BUILD SUCCESS', 1: 'BUILD FAILURE', 2: 'BUILD SUCCESS'}",{},outputs/ID_Results_GPT-4_projects_4a27402a71d58425733d47e7addee8937b391903/all_rounds/graylog2-server/87d63f677759336987fbb21fd9c688235618e7bb/graylog2-server/org.graylog2.contentpacks.model.entities.references.ValueReferenceTest.serializeFloat/2.patch,46.66994792805053,True
https://github.com/Graylog2/graylog2-server,87d63f677759336987fbb21fd9c688235618e7bb,graylog2-server,ID,org.graylog2.contentpacks.model.entities.references.ValueReferenceTest.serializeInteger,serializeInteger,Accepted,https://github.com/Graylog2/graylog2-server/pull/6908,,projects/87d63f677759336987fbb21fd9c688235618e7bb/graylog2-server/graylog2-server/src/test/java/org/graylog2/contentpacks/model/entities/references/ValueReferenceTest.java,outputs/ID_Results_GPT-4_projects_4a27402a71d58425733d47e7addee8937b391903/GoodPatches/graylog2-server/87d63f677759336987fbb21fd9c688235618e7bb/graylog2-server/org.graylog2.contentpacks.model.entities.references.ValueReferenceTest.serializeInteger/2.patch,"{0: 'test_failure', 1: 'compilation_error', 2: 'test_pass'}",8,"{0: 'BUILD SUCCESS', 1: 'BUILD FAILURE', 2: 'BUILD SUCCESS'}",{},outputs/ID_Results_GPT-4_projects_4a27402a71d58425733d47e7addee8937b391903/all_rounds/graylog2-server/87d63f677759336987fbb21fd9c688235618e7bb/graylog2-server/org.graylog2.contentpacks.model.entities.references.ValueReferenceTest.serializeInteger/2.patch,54.2255621929653,True
https://github.com/Graylog2/graylog2-server,87d63f677759336987fbb21fd9c688235618e7bb,graylog2-server,ID,org.graylog2.contentpacks.model.entities.references.ValueReferenceTest.serializeParameter,serializeParameter,Accepted,https://github.com/Graylog2/graylog2-server/pull/6908,,projects/87d63f677759336987fbb21fd9c688235618e7bb/graylog2-server/graylog2-server/src/test/java/org/graylog2/contentpacks/model/entities/references/ValueReferenceTest.java,outputs/ID_Results_GPT-4_projects_4a27402a71d58425733d47e7addee8937b391903/GoodPatches/graylog2-server/87d63f677759336987fbb21fd9c688235618e7bb/graylog2-server/org.graylog2.contentpacks.model.entities.references.ValueReferenceTest.serializeParameter/1.patch,"{0: 'test_failure', 1: 'test_pass'}",8,"{0: 'BUILD SUCCESS', 1: 'BUILD SUCCESS'}",{},outputs/ID_Results_GPT-4_projects_4a27402a71d58425733d47e7addee8937b391903/all_rounds/graylog2-server/87d63f677759336987fbb21fd9c688235618e7bb/graylog2-server/org.graylog2.contentpacks.model.entities.references.ValueReferenceTest.serializeParameter/1.patch,30.360445022117347,True
https://github.com/Graylog2/graylog2-server,87d63f677759336987fbb21fd9c688235618e7bb,graylog2-server,ID,org.graylog2.contentpacks.model.entities.references.ValueReferenceTest.serializeString,serializeString,Accepted,https://github.com/Graylog2/graylog2-server/pull/6908,,projects/87d63f677759336987fbb21fd9c688235618e7bb/graylog2-server/graylog2-server/src/test/java/org/graylog2/contentpacks/model/entities/references/ValueReferenceTest.java,,"{0: 'test_failure', 1: 'test_failure', 2: 'test_failure', 3: 'compilation_error', 4: 'compilation_error', 5: 'compilation_error'}",8,"{0: 'BUILD SUCCESS', 1: 'BUILD SUCCESS', 2: 'BUILD SUCCESS', 3: 'BUILD FAILURE', 4: 'BUILD FAILURE', 5: 'BUILD FAILURE'}",{},outputs/ID_Results_GPT-4_projects_4a27402a71d58425733d47e7addee8937b391903/all_rounds/graylog2-server/87d63f677759336987fbb21fd9c688235618e7bb/graylog2-server/org.graylog2.contentpacks.model.entities.references.ValueReferenceTest.serializeString/5.patch,144.27252458990552,True
https://github.com/Graylog2/graylog2-server,87d63f677759336987fbb21fd9c688235618e7bb,graylog2-server,ID,org.graylog2.plugin.lookup.LookupCacheKeyTest.serialize,serialize,Accepted,https://github.com/Graylog2/graylog2-server/pull/7595,,projects/87d63f677759336987fbb21fd9c688235618e7bb/graylog2-server/graylog2-server/src/test/java/org/graylog2/plugin/lookup/LookupCacheKeyTest.java,outputs/ID_Results_GPT-4_projects_4a27402a71d58425733d47e7addee8937b391903/GoodPatches/graylog2-server/87d63f677759336987fbb21fd9c688235618e7bb/graylog2-server/org.graylog2.plugin.lookup.LookupCacheKeyTest.serialize/1.patch,"{0: 'test_failure', 1: 'test_pass'}",8,"{0: 'BUILD SUCCESS', 1: 'BUILD SUCCESS'}",{},outputs/ID_Results_GPT-4_projects_4a27402a71d58425733d47e7addee8937b391903/all_rounds/graylog2-server/87d63f677759336987fbb21fd9c688235618e7bb/graylog2-server/org.graylog2.plugin.lookup.LookupCacheKeyTest.serialize/1.patch,24.426732587860897,True
https://github.com/Graylog2/graylog2-server,87d63f677759336987fbb21fd9c688235618e7bb,graylog2-server,ID,org.graylog2.plugin.lookup.LookupCacheKeyTest.serializePrefixOnly,serializePrefixOnly,Accepted,https://github.com/Graylog2/graylog2-server/pull/7595,,projects/87d63f677759336987fbb21fd9c688235618e7bb/graylog2-server/graylog2-server/src/test/java/org/graylog2/plugin/lookup/LookupCacheKeyTest.java,outputs/ID_Results_GPT-4_projects_4a27402a71d58425733d47e7addee8937b391903/GoodPatches/graylog2-server/87d63f677759336987fbb21fd9c688235618e7bb/graylog2-server/org.graylog2.plugin.lookup.LookupCacheKeyTest.serializePrefixOnly/1.patch,"{0: 'test_failure', 1: 'test_pass'}",8,"{0: 'BUILD SUCCESS', 1: 'BUILD SUCCESS'}",{},outputs/ID_Results_GPT-4_projects_4a27402a71d58425733d47e7addee8937b391903/all_rounds/graylog2-server/87d63f677759336987fbb21fd9c688235618e7bb/graylog2-server/org.graylog2.plugin.lookup.LookupCacheKeyTest.serializePrefixOnly/1.patch,41.289307272061706,True
https://github.com/Graylog2/graylog2-server,87d63f677759336987fbb21fd9c688235618e7bb,graylog2-server,ID,org.graylog2.utilities.IPSubnetConverterTest.testDefault,testDefault,Accepted,https://github.com/Graylog2/graylog2-server/pull/7543,,projects/87d63f677759336987fbb21fd9c688235618e7bb/graylog2-server/graylog2-server/src/test/java/org/graylog2/utilities/IPSubnetConverterTest.java,outputs/ID_Results_GPT-4_projects_4a27402a71d58425733d47e7addee8937b391903/GoodPatches/graylog2-server/87d63f677759336987fbb21fd9c688235618e7bb/graylog2-server/org.graylog2.utilities.IPSubnetConverterTest.testDefault/2.patch,"{0: 'test_failure', 1: 'test_failure', 2: 'test_pass'}",8,"{0: 'BUILD SUCCESS', 1: 'BUILD SUCCESS', 2: 'BUILD SUCCESS'}",{},outputs/ID_Results_GPT-4_projects_4a27402a71d58425733d47e7addee8937b391903/all_rounds/graylog2-server/87d63f677759336987fbb21fd9c688235618e7bb/graylog2-server/org.graylog2.utilities.IPSubnetConverterTest.testDefault/2.patch,61.891989775933325,True
