project,sha,module,test_type,test,method_name,status,PR_link,notes,file_path,patch_file,test_results,jdk,build_results,Exceptions,all_round_logs,time,if_flaky
https://github.com/apache/flink,23c9b5ac50d04d28a34a87c78eb2d3331c06b74b,flink-libraries/flink-cep,ID,org.apache.flink.cep.operator.CEPOperatorTest.testCEPOperatorCleanupProcessingTime,testCEPOperatorCleanupProcessingTime,DeveloperWontFix,,https://issues.apache.org/jira/browse/FLINK-33443,projects/23c9b5ac50d04d28a34a87c78eb2d3331c06b74b/flink/flink-libraries/flink-cep/src/test/java/org/apache/flink/cep/operator/CEPOperatorTest.java,,"{0: 'test_failure', 1: 'test_failure', 2: 'compilation_error;Stitched:compilation_error', 3: 'build_failure', 4: 'Stitched:build_failure', 5: 'build_failure'}",8,"{0: 'BUILD SUCCESS', 1: 'BUILD SUCCESS', 2: 'BUILD FAILURE;Stitched:BUILD FAILURE', 3: 'BUILD FAILURE', 4: 'BUILD FAILURE', 5: 'BUILD FAILURE'}",{},outputs/ID_Results_MagicCoder_projects_f2d66308f4c1db153f889ede330de32f2e2817af/all_rounds/flink/23c9b5ac50d04d28a34a87c78eb2d3331c06b74b/flink-libraries/flink-cep/org.apache.flink.cep.operator.CEPOperatorTest.testCEPOperatorCleanupProcessingTime/5.patch,489.53485088201705,TRUE
https://github.com/apache/flink,23c9b5ac50d04d28a34a87c78eb2d3331c06b74b,flink-libraries/flink-cep,ID,org.apache.flink.cep.operator.CEPOperatorTest.testCEPOperatorComparatorProcessTime,testCEPOperatorComparatorProcessTime,DeveloperWontFix,,https://issues.apache.org/jira/browse/FLINK-33443,projects/23c9b5ac50d04d28a34a87c78eb2d3331c06b74b/flink/flink-libraries/flink-cep/src/test/java/org/apache/flink/cep/operator/CEPOperatorTest.java,,"{0: 'test_failure', 1: 'build_failure', 2: 'build_failure', 3: 'build_failure', 4: 'build_failure', 5: 'build_failure'}",8,"{0: 'BUILD SUCCESS', 1: 'BUILD FAILURE', 2: 'BUILD FAILURE', 3: 'BUILD FAILURE', 4: 'BUILD FAILURE', 5: 'BUILD FAILURE'}",{},outputs/ID_Results_MagicCoder_projects_f2d66308f4c1db153f889ede330de32f2e2817af/all_rounds/flink/23c9b5ac50d04d28a34a87c78eb2d3331c06b74b/flink-libraries/flink-cep/org.apache.flink.cep.operator.CEPOperatorTest.testCEPOperatorComparatorProcessTime/5.patch,760.9431321,TRUE
https://github.com/apache/flink,23c9b5ac50d04d28a34a87c78eb2d3331c06b74b,flink-libraries/flink-cep,ID,org.apache.flink.cep.operator.CEPOperatorTest.testCEPOperatorComparatorEventTime,testCEPOperatorComparatorEventTime,,,,projects/23c9b5ac50d04d28a34a87c78eb2d3331c06b74b/flink/flink-libraries/flink-cep/src/test/java/org/apache/flink/cep/operator/CEPOperatorTest.java,,"{0: 'test_failure', 1: 'test_failure', 2: 'test_failure', 3: 'test_failure', 4: 'test_failure', 5: 'build_failure'}",8,"{0: 'BUILD SUCCESS', 1: 'BUILD SUCCESS', 2: 'BUILD SUCCESS', 3: 'BUILD SUCCESS', 4: 'BUILD SUCCESS', 5: 'BUILD FAILURE'}",{},outputs/ID_Results_MagicCoder_projects_f2d66308f4c1db153f889ede330de32f2e2817af/all_rounds/flink/23c9b5ac50d04d28a34a87c78eb2d3331c06b74b/flink-libraries/flink-cep/org.apache.flink.cep.operator.CEPOperatorTest.testCEPOperatorComparatorEventTime/5.patch,787.3761612320086,TRUE
https://github.com/apache/flink,23c9b5ac50d04d28a34a87c78eb2d3331c06b74b,flink-table/flink-table-runtime-blink,ID,org.apache.flink.table.runtime.operators.join.RowTimeBoundedStreamJoinTest.testRowTimeLeftOuterJoin,testRowTimeLeftOuterJoin,,,https://github.com/TestingResearchIllinois/idoft/issues/20,projects/23c9b5ac50d04d28a34a87c78eb2d3331c06b74b/flink/flink-table/flink-table-runtime-blink/src/test/java/org/apache/flink/table/runtime/operators/join/RowTimeBoundedStreamJoinTest.java,,"{0: 'test_failure', 1: 'test_failure', 2: 'build_failure;Stitched:build_failure', 3: 'build_failure', 4: 'build_failure;Stitched:build_failure', 5: 'build_failure'}",8,"{0: 'BUILD SUCCESS', 1: 'BUILD SUCCESS', 2: 'BUILD FAILURE;Stitched:BUILD FAILURE', 3: 'BUILD FAILURE', 4: 'BUILD FAILURE;Stitched:BUILD FAILURE', 5: 'BUILD FAILURE'}",{},outputs/ID_Results_MagicCoder_projects_f2d66308f4c1db153f889ede330de32f2e2817af/all_rounds/flink/23c9b5ac50d04d28a34a87c78eb2d3331c06b74b/flink-table/flink-table-runtime-blink/org.apache.flink.table.runtime.operators.join.RowTimeBoundedStreamJoinTest.testRowTimeLeftOuterJoin/5.patch,914.2825957760215,TRUE
https://github.com/apache/flink,23c9b5ac50d04d28a34a87c78eb2d3331c06b74b,flink-table/flink-table-runtime-blink,ID,org.apache.flink.table.runtime.operators.join.RowTimeBoundedStreamJoinTest.testRowTimeRightOuterJoin,testRowTimeRightOuterJoin,MovedOrRenamed,,https://github.com/apache/flink/commit/ab70dcfa19827febd2c3cdc5cb81e942caa5b2f0;https://github.com/TestingResearchIllinois/idoft/issues/20,projects/23c9b5ac50d04d28a34a87c78eb2d3331c06b74b/flink/flink-table/flink-table-runtime-blink/src/test/java/org/apache/flink/table/runtime/operators/join/RowTimeBoundedStreamJoinTest.java,,"{0: 'test_failure', 1: 'Stitched:build_failure', 2: 'build_failure;Stitched:build_failure', 3: 'build_failure', 4: 'build_failure', 5: 'build_failure'}",8,"{0: 'BUILD SUCCESS', 1: 'BUILD FAILURE', 2: 'BUILD FAILURE;Stitched:BUILD FAILURE', 3: 'BUILD FAILURE', 4: 'BUILD FAILURE', 5: 'BUILD FAILURE'}",{},outputs/ID_Results_MagicCoder_projects_f2d66308f4c1db153f889ede330de32f2e2817af/all_rounds/flink/23c9b5ac50d04d28a34a87c78eb2d3331c06b74b/flink-table/flink-table-runtime-blink/org.apache.flink.table.runtime.operators.join.RowTimeBoundedStreamJoinTest.testRowTimeRightOuterJoin/5.patch,616.0497573160101,TRUE
https://github.com/apache/flink,23c9b5ac50d04d28a34a87c78eb2d3331c06b74b,flink-tests,ID,org.apache.flink.test.misc.GenericTypeInfoTest.testSerializerTree,testSerializerTree,,,,projects/23c9b5ac50d04d28a34a87c78eb2d3331c06b74b/flink/flink-tests/src/test/java/org/apache/flink/test/misc/GenericTypeInfoTest.java,,"{0: 'test_failure', 1: 'test_failure', 2: 'Stitched:build_failure', 3: 'build_failure', 4: 'build_failure', 5: 'build_failure'}",8,"{0: 'BUILD SUCCESS', 1: 'BUILD SUCCESS', 2: 'BUILD FAILURE', 3: 'BUILD FAILURE', 4: 'BUILD FAILURE', 5: 'BUILD FAILURE'}",{},outputs/ID_Results_MagicCoder_projects_f2d66308f4c1db153f889ede330de32f2e2817af/all_rounds/flink/23c9b5ac50d04d28a34a87c78eb2d3331c06b74b/flink-tests/org.apache.flink.test.misc.GenericTypeInfoTest.testSerializerTree/5.patch,477.35045026789885,TRUE
https://github.com/apache/hive,90fa9064f2c6907fbe6237cb46d5937eebd8ea31,standalone-metastore/metastore-server,ID,org.apache.hadoop.hive.metastore.TestFilterHooks.testHMSClientWithoutFilter,testHMSClientWithoutFilter,,,,projects/90fa9064f2c6907fbe6237cb46d5937eebd8ea31/hive/standalone-metastore/metastore-server/src/test/java/org/apache/hadoop/hive/metastore/TestFilterHooks.java,,"{0: 'test_failure', 1: 'compilation_error', 2: 'compilation_error', 3: 'Stitched:compilation_error', 4: 'build_failure', 5: 'Stitched:build_failure'}",8,"{0: 'BUILD SUCCESS', 1: 'BUILD FAILURE', 2: 'BUILD FAILURE', 3: 'BUILD FAILURE', 4: 'BUILD FAILURE', 5: 'BUILD FAILURE'}",{},outputs/ID_Results_MagicCoder_projects_f2d66308f4c1db153f889ede330de32f2e2817af/all_rounds/hive/90fa9064f2c6907fbe6237cb46d5937eebd8ea31/standalone-metastore/metastore-server/org.apache.hadoop.hive.metastore.TestFilterHooks.testHMSClientWithoutFilter/5.patch,3556.1817543510115,TRUE
https://github.com/apache/hive,90fa9064f2c6907fbe6237cb46d5937eebd8ea31,standalone-metastore/metastore-server,ID,org.apache.hadoop.hive.metastore.TestFilterHooks.testHMSServerWithoutFilter,testHMSServerWithoutFilter,,,,projects/90fa9064f2c6907fbe6237cb46d5937eebd8ea31/hive/standalone-metastore/metastore-server/src/test/java/org/apache/hadoop/hive/metastore/TestFilterHooks.java,,"{0: 'test_failure', 1: 'compilation_error', 2: 'compilation_error', 3: 'compilation_error', 4: 'compilation_error', 5: 'compilation_error'}",8,"{0: 'BUILD SUCCESS', 1: 'BUILD FAILURE', 2: 'BUILD FAILURE', 3: 'BUILD FAILURE', 4: 'BUILD FAILURE', 5: 'BUILD FAILURE'}",{},outputs/ID_Results_MagicCoder_projects_f2d66308f4c1db153f889ede330de32f2e2817af/all_rounds/hive/90fa9064f2c6907fbe6237cb46d5937eebd8ea31/standalone-metastore/metastore-server/org.apache.hadoop.hive.metastore.TestFilterHooks.testHMSServerWithoutFilter/5.patch,804.0976394159952,TRUE
https://github.com/apache/hive,90fa9064f2c6907fbe6237cb46d5937eebd8ea31,standalone-metastore/metastore-server,ID,org.apache.hadoop.hive.metastore.TestObjectStore.testTableOps,testTableOps,,,,projects/90fa9064f2c6907fbe6237cb46d5937eebd8ea31/hive/standalone-metastore/metastore-server/src/test/java/org/apache/hadoop/hive/metastore/TestObjectStore.java,,{0: 'test_failure'},8,{0: 'BUILD SUCCESS'},{1: 'TimesUpError'},outputs/ID_Results_MagicCoder_projects_f2d66308f4c1db153f889ede330de32f2e2817af/all_rounds/hive/90fa9064f2c6907fbe6237cb46d5937eebd8ea31/standalone-metastore/metastore-server/org.apache.hadoop.hive.metastore.TestObjectStore.testTableOps/0.patch,300.0301407050574,TRUE
https://github.com/apache/hive,90fa9064f2c6907fbe6237cb46d5937eebd8ea31,standalone-metastore/metastore-server,ID,org.apache.hadoop.hive.metastore.TestPartitionManagement.testPartitionDiscoveryDBPattern,testPartitionDiscoveryDBPattern,,,,projects/90fa9064f2c6907fbe6237cb46d5937eebd8ea31/hive/standalone-metastore/metastore-server/src/test/java/org/apache/hadoop/hive/metastore/TestPartitionManagement.java,,"{0: 'test_failure', 1: 'test_failure', 2: 'test_failure', 3: 'compilation_error', 4: 'test_failure'}",8,"{0: 'BUILD SUCCESS', 1: 'BUILD SUCCESS', 2: 'BUILD SUCCESS', 3: 'BUILD FAILURE', 4: 'BUILD SUCCESS'}","{5: 'CUDA out of memory. Tried to allocate 3.30 GiB. GPU 0 has a total capacity of 23.69 GiB of which 447.19 MiB is free. Process 28475 has 4.91 GiB memory in use. Including non-PyTorch memory, this process has 18.33 GiB memory in use. Of the allocated memory 16.61 GiB is allocated by PyTorch, and 736.69 MiB is reserved by PyTorch but unallocated. If reserved but unallocated memory is large try setting PYTORCH_CUDA_ALLOC_CONF=expandable_segments:True to avoid fragmentation.  See documentation for Memory Management  (https://pytorch.org/docs/stable/notes/cuda.html#environment-variables)'}",outputs/ID_Results_MagicCoder_projects_f2d66308f4c1db153f889ede330de32f2e2817af/all_rounds/hive/90fa9064f2c6907fbe6237cb46d5937eebd8ea31/standalone-metastore/metastore-server/org.apache.hadoop.hive.metastore.TestPartitionManagement.testPartitionDiscoveryDBPattern/4.patch,577.3554223910905,TRUE
https://github.com/apache/hive,90fa9064f2c6907fbe6237cb46d5937eebd8ea31,standalone-metastore/metastore-server,ID,org.apache.hadoop.hive.metastore.TestPartitionManagement.testPartitionDiscoveryEnabledBothTableTypes,testPartitionDiscoveryEnabledBothTableTypes,,,,projects/90fa9064f2c6907fbe6237cb46d5937eebd8ea31/hive/standalone-metastore/metastore-server/src/test/java/org/apache/hadoop/hive/metastore/TestPartitionManagement.java,,"{0: 'test_failure', 1: 'Stitched:pom_error', 2: 'pom_error', 3: 'Stitched:pom_error', 4: 'pom_error', 5: 'pom_error'}",8,"{0: 'BUILD SUCCESS', 1: 'BUILD FAILURE', 2: 'BUILD FAILURE', 3: 'BUILD FAILURE', 4: 'BUILD FAILURE', 5: 'BUILD FAILURE'}",{},outputs/ID_Results_MagicCoder_projects_f2d66308f4c1db153f889ede330de32f2e2817af/all_rounds/hive/90fa9064f2c6907fbe6237cb46d5937eebd8ea31/standalone-metastore/metastore-server/org.apache.hadoop.hive.metastore.TestPartitionManagement.testPartitionDiscoveryEnabledBothTableTypes/5.patch,989.9228148630355,TRUE
https://github.com/apache/hive,90fa9064f2c6907fbe6237cb46d5937eebd8ea31,standalone-metastore/metastore-server,ID,org.apache.hadoop.hive.metastore.TestPartitionManagement.testPartitionDiscoveryNonDefaultCatalog,testPartitionDiscoveryNonDefaultCatalog,,,,projects/90fa9064f2c6907fbe6237cb46d5937eebd8ea31/hive/standalone-metastore/metastore-server/src/test/java/org/apache/hadoop/hive/metastore/TestPartitionManagement.java,,"{0: 'test_failure', 1: 'test_failure', 2: 'test_failure', 3: 'Stitched:compilation_error', 4: 'Stitched:compilation_error', 5: 'compilation_error;Stitched:compilation_error'}",8,"{0: 'BUILD SUCCESS', 1: 'BUILD SUCCESS', 2: 'BUILD SUCCESS', 3: 'BUILD FAILURE', 4: 'BUILD FAILURE', 5: 'BUILD FAILURE;Stitched:BUILD FAILURE'}",{},outputs/ID_Results_MagicCoder_projects_f2d66308f4c1db153f889ede330de32f2e2817af/all_rounds/hive/90fa9064f2c6907fbe6237cb46d5937eebd8ea31/standalone-metastore/metastore-server/org.apache.hadoop.hive.metastore.TestPartitionManagement.testPartitionDiscoveryNonDefaultCatalog/5.patch,1384.9295683590462,TRUE
https://github.com/apache/hive,90fa9064f2c6907fbe6237cb46d5937eebd8ea31,standalone-metastore/metastore-server,ID,org.apache.hadoop.hive.metastore.TestPartitionManagement.testPartitionDiscoverySkipInvalidPath,testPartitionDiscoverySkipInvalidPath,,,,projects/90fa9064f2c6907fbe6237cb46d5937eebd8ea31/hive/standalone-metastore/metastore-server/src/test/java/org/apache/hadoop/hive/metastore/TestPartitionManagement.java,,"{0: 'test_failure', 1: 'test_failure', 2: 'test_failure', 3: 'test_failure', 4: 'Stitched:compilation_error', 5: 'build_failure;Stitched:build_failure'}",8,"{0: 'BUILD SUCCESS', 1: 'BUILD SUCCESS', 2: 'BUILD SUCCESS', 3: 'BUILD SUCCESS', 4: 'BUILD FAILURE', 5: 'BUILD FAILURE;Stitched:BUILD FAILURE'}",{},outputs/ID_Results_MagicCoder_projects_f2d66308f4c1db153f889ede330de32f2e2817af/all_rounds/hive/90fa9064f2c6907fbe6237cb46d5937eebd8ea31/standalone-metastore/metastore-server/org.apache.hadoop.hive.metastore.TestPartitionManagement.testPartitionDiscoverySkipInvalidPath/5.patch,972.8178304199828,TRUE
https://github.com/apache/hive,90fa9064f2c6907fbe6237cb46d5937eebd8ea31,standalone-metastore/metastore-server,ID,org.apache.hadoop.hive.metastore.TestPartitionManagement.testPartitionDiscoveryTablePattern,testPartitionDiscoveryTablePattern,,,,projects/90fa9064f2c6907fbe6237cb46d5937eebd8ea31/hive/standalone-metastore/metastore-server/src/test/java/org/apache/hadoop/hive/metastore/TestPartitionManagement.java,,"{0: 'test_failure', 1: 'test_failure', 2: 'test_failure', 3: 'Stitched:compilation_error', 4: 'build_failure', 5: 'build_failure;Stitched:build_failure'}",8,"{0: 'BUILD SUCCESS', 1: 'BUILD SUCCESS', 2: 'BUILD SUCCESS', 3: 'BUILD FAILURE', 4: 'BUILD FAILURE', 5: 'BUILD FAILURE;Stitched:BUILD FAILURE'}",{},outputs/ID_Results_MagicCoder_projects_f2d66308f4c1db153f889ede330de32f2e2817af/all_rounds/hive/90fa9064f2c6907fbe6237cb46d5937eebd8ea31/standalone-metastore/metastore-server/org.apache.hadoop.hive.metastore.TestPartitionManagement.testPartitionDiscoveryTablePattern/5.patch,612.6330096839229,TRUE
https://github.com/apache/hive,90fa9064f2c6907fbe6237cb46d5937eebd8ea31,standalone-metastore/metastore-server,ID,org.apache.hadoop.hive.metastore.TestPartitionManagement.testPartitionDiscoveryTransactionalTable,testPartitionDiscoveryTransactionalTable,,,,projects/90fa9064f2c6907fbe6237cb46d5937eebd8ea31/hive/standalone-metastore/metastore-server/src/test/java/org/apache/hadoop/hive/metastore/TestPartitionManagement.java,,"{0: 'test_failure', 1: 'test_failure', 2: 'test_failure', 3: 'test_failure', 4: 'test_failure', 5: 'test_failure'}",8,"{0: 'BUILD SUCCESS', 1: 'BUILD SUCCESS', 2: 'BUILD SUCCESS', 3: 'BUILD SUCCESS', 4: 'BUILD SUCCESS', 5: 'BUILD SUCCESS'}",{},outputs/ID_Results_MagicCoder_projects_f2d66308f4c1db153f889ede330de32f2e2817af/all_rounds/hive/90fa9064f2c6907fbe6237cb46d5937eebd8ea31/standalone-metastore/metastore-server/org.apache.hadoop.hive.metastore.TestPartitionManagement.testPartitionDiscoveryTransactionalTable/5.patch,475.3635879419744,TRUE
https://github.com/apache/hive,90fa9064f2c6907fbe6237cb46d5937eebd8ea31,serde,ID,org.apache.hadoop.hive.serde2.objectinspector.TestProtocolBuffersObjectInspectors.testProtocolBuffersObjectInspectors,testProtocolBuffersObjectInspectors,,,,projects/90fa9064f2c6907fbe6237cb46d5937eebd8ea31/hive/serde/src/test/org/apache/hadoop/hive/serde2/objectinspector/TestProtocolBuffersObjectInspectors.java,,"{0: 'test_failure', 1: 'build_failure', 2: 'build_failure', 3: 'build_failure', 4: 'build_failure', 5: 'build_failure;Stitched:build_failure'}",8,"{0: 'BUILD SUCCESS', 1: 'BUILD FAILURE', 2: 'BUILD FAILURE', 3: 'BUILD FAILURE', 4: 'BUILD FAILURE', 5: 'BUILD FAILURE;Stitched:BUILD FAILURE'}",{},outputs/ID_Results_MagicCoder_projects_f2d66308f4c1db153f889ede330de32f2e2817af/all_rounds/hive/90fa9064f2c6907fbe6237cb46d5937eebd8ea31/serde/org.apache.hadoop.hive.serde2.objectinspector.TestProtocolBuffersObjectInspectors.testProtocolBuffersObjectInspectors/5.patch,889.2180346080568,TRUE
https://github.com/apache/hive,90fa9064f2c6907fbe6237cb46d5937eebd8ea31,serde,ID,org.apache.hadoop.hive.serde2.objectinspector.TestReflectionObjectInspectors.testReflectionObjectInspectors,testReflectionObjectInspectors,,,,projects/90fa9064f2c6907fbe6237cb46d5937eebd8ea31/hive/serde/src/test/org/apache/hadoop/hive/serde2/objectinspector/TestReflectionObjectInspectors.java,,"{0: 'test_failure', 1: 'Stitched:test_failure', 2: 'Stitched:build_failure', 3: 'build_failure;Stitched:build_failure', 4: 'Stitched:build_failure', 5: 'build_failure'}",8,"{0: 'BUILD SUCCESS', 1: 'BUILD SUCCESS', 2: 'BUILD FAILURE', 3: 'BUILD FAILURE;Stitched:BUILD FAILURE', 4: 'BUILD FAILURE', 5: 'BUILD FAILURE'}",{},outputs/ID_Results_MagicCoder_projects_f2d66308f4c1db153f889ede330de32f2e2817af/all_rounds/hive/90fa9064f2c6907fbe6237cb46d5937eebd8ea31/serde/org.apache.hadoop.hive.serde2.objectinspector.TestReflectionObjectInspectors.testReflectionObjectInspectors/5.patch,505.88849908905104,TRUE
https://github.com/apache/hive,90fa9064f2c6907fbe6237cb46d5937eebd8ea31,serde,ID,org.apache.hadoop.hive.serde2.objectinspector.TestThriftObjectInspectors.testThriftObjectInspectors,testThriftObjectInspectors,,,,projects/90fa9064f2c6907fbe6237cb46d5937eebd8ea31/hive/serde/src/test/org/apache/hadoop/hive/serde2/objectinspector/TestThriftObjectInspectors.java,,"{0: 'test_failure', 1: 'test_failure', 2: 'test_failure', 3: 'test_failure', 4: 'test_failure', 5: 'test_failure'}",8,"{0: 'BUILD SUCCESS', 1: 'BUILD SUCCESS', 2: 'BUILD SUCCESS', 3: 'BUILD SUCCESS', 4: 'BUILD SUCCESS', 5: 'BUILD SUCCESS'}",{},outputs/ID_Results_MagicCoder_projects_f2d66308f4c1db153f889ede330de32f2e2817af/all_rounds/hive/90fa9064f2c6907fbe6237cb46d5937eebd8ea31/serde/org.apache.hadoop.hive.serde2.objectinspector.TestThriftObjectInspectors.testThriftObjectInspectors/5.patch,889.4630810809322,TRUE
https://github.com/apache/shardingsphere-elasticjob,b022898ef1b8c984e17efb2a422ee45f6b13e46e,elastic-job-lite-core,ID,io.elasticjob.lite.executor.type.SimpleJobExecutorTest.assertExecuteWhenRunOnceAndThrowExceptionForMultipleShardingItems,assertExecuteWhenRunOnceAndThrowExceptionForMultipleShardingItems,,,,projects/b022898ef1b8c984e17efb2a422ee45f6b13e46e/shardingsphere-elasticjob/elastic-job-lite-core/src/test/java/io/elasticjob/lite/executor/type/SimpleJobExecutorTest.java,,"{0: 'test_failure', 1: 'Stitched:build_failure', 2: 'Stitched:build_failure', 3: 'build_failure;Stitched:build_failure', 4: 'build_failure', 5: 'build_failure'}",8,"{0: 'BUILD SUCCESS', 1: 'BUILD FAILURE', 2: 'BUILD FAILURE', 3: 'BUILD FAILURE;Stitched:BUILD FAILURE', 4: 'BUILD FAILURE', 5: 'BUILD FAILURE'}",{},outputs/ID_Results_MagicCoder_projects_f2d66308f4c1db153f889ede330de32f2e2817af/all_rounds/shardingsphere-elasticjob/b022898ef1b8c984e17efb2a422ee45f6b13e46e/elastic-job-lite-core/io.elasticjob.lite.executor.type.SimpleJobExecutorTest.assertExecuteWhenRunOnceAndThrowExceptionForMultipleShardingItems/5.patch,211.14218245598022,TRUE
https://github.com/apache/hive,90fa9064f2c6907fbe6237cb46d5937eebd8ea31,serde,ID,org.apache.hadoop.hive.serde2.lazy.TestLazySimpleSerDe.testSerDeParameters,testSerDeParameters,,,,projects/90fa9064f2c6907fbe6237cb46d5937eebd8ea31/hive/serde/src/test/org/apache/hadoop/hive/serde2/lazy/TestLazySimpleSerDe.java,,"{0: 'test_failure', 1: 'test_failure', 2: 'test_failure', 3: 'test_failure', 4: 'compilation_error;Stitched:compilation_error', 5: 'compilation_error;Stitched:compilation_error'}",8,"{0: 'BUILD SUCCESS', 1: 'BUILD SUCCESS', 2: 'BUILD SUCCESS', 3: 'BUILD SUCCESS', 4: 'BUILD FAILURE;Stitched:BUILD FAILURE', 5: 'BUILD FAILURE;Stitched:BUILD FAILURE'}",{},outputs/ID_Results_MagicCoder_projects_f2d66308f4c1db153f889ede330de32f2e2817af/all_rounds/hive/90fa9064f2c6907fbe6237cb46d5937eebd8ea31/serde/org.apache.hadoop.hive.serde2.lazy.TestLazySimpleSerDe.testSerDeParameters/5.patch,681.1525524350582,TRUE
https://github.com/apache/flink,23c9b5ac50d04d28a34a87c78eb2d3331c06b74b,flink-table/flink-table-runtime-blink,ID,org.apache.flink.table.runtime.operators.join.RowTimeBoundedStreamJoinTest.testRowTimeFullOuterJoin,testRowTimeFullOuterJoin,MovedOrRenamed,,https://github.com/apache/flink/commit/ab70dcfa19827febd2c3cdc5cb81e942caa5b2f0;https://github.com/TestingResearchIllinois/idoft/issues/20,projects/23c9b5ac50d04d28a34a87c78eb2d3331c06b74b/flink/flink-table/flink-table-runtime-blink/src/test/java/org/apache/flink/table/runtime/operators/join/RowTimeBoundedStreamJoinTest.java,,"{0: 'test_failure', 1: 'test_failure', 2: 'test_failure', 3: 'Stitched:build_failure', 4: 'build_failure', 5: 'build_failure'}",8,"{0: 'BUILD SUCCESS', 1: 'BUILD SUCCESS', 2: 'BUILD SUCCESS', 3: 'BUILD FAILURE', 4: 'BUILD FAILURE', 5: 'BUILD FAILURE'}",{},outputs/ID_Results_MagicCoder_projects_f2d66308f4c1db153f889ede330de32f2e2817af/all_rounds/flink/23c9b5ac50d04d28a34a87c78eb2d3331c06b74b/flink-table/flink-table-runtime-blink/org.apache.flink.table.runtime.operators.join.RowTimeBoundedStreamJoinTest.testRowTimeFullOuterJoin/5.patch,1590.4152832489926,TRUE
https://github.com/apache/flink,23c9b5ac50d04d28a34a87c78eb2d3331c06b74b,flink-libraries/flink-cep,ID,org.apache.flink.cep.nfa.NFATest.testNFASerialization,testNFASerialization,DeveloperWontFix,,https://github.com/NDR0216/flink/pull/1;https://issues.apache.org/jira/browse/FLINK-33443,projects/23c9b5ac50d04d28a34a87c78eb2d3331c06b74b/flink/flink-libraries/flink-cep/src/test/java/org/apache/flink/cep/nfa/NFATest.java,,{0: 'test_failure'},8,{0: 'BUILD SUCCESS'},"{1: 'CUDA out of memory. Tried to allocate 1.07 GiB. GPU 0 has a total capacity of 23.69 GiB of which 1.01 GiB is free. Process 28475 has 4.91 GiB memory in use. Including non-PyTorch memory, this process has 17.76 GiB memory in use. Of the allocated memory 16.54 GiB is allocated by PyTorch, and 225.47 MiB is reserved by PyTorch but unallocated. If reserved but unallocated memory is large try setting PYTORCH_CUDA_ALLOC_CONF=expandable_segments:True to avoid fragmentation.  See documentation for Memory Management  (https://pytorch.org/docs/stable/notes/cuda.html#environment-variables)'}",outputs/ID_Results_MagicCoder_projects_f2d66308f4c1db153f889ede330de32f2e2817af/all_rounds/flink/23c9b5ac50d04d28a34a87c78eb2d3331c06b74b/flink-libraries/flink-cep/org.apache.flink.cep.nfa.NFATest.testNFASerialization/0.patch,0.14971177303232253,TRUE
https://github.com/apache/hive,90fa9064f2c6907fbe6237cb46d5937eebd8ea31,serde,ID,org.apache.hadoop.hive.serde2.lazybinary.TestLazyBinarySerDe.testLazyBinarySerDe,testLazyBinarySerDe,,,,projects/90fa9064f2c6907fbe6237cb46d5937eebd8ea31/hive/serde/src/test/org/apache/hadoop/hive/serde2/lazybinary/TestLazyBinarySerDe.java,,"{0: 'test_failure', 1: 'test_failure', 2: 'compilation_error;Stitched:compilation_error', 3: 'compilation_error', 4: 'compilation_error;Stitched:compilation_error', 5: 'compilation_error;Stitched:compilation_error'}",8,"{0: 'BUILD SUCCESS', 1: 'BUILD SUCCESS', 2: 'BUILD FAILURE;Stitched:BUILD FAILURE', 3: 'BUILD FAILURE', 4: 'BUILD FAILURE;Stitched:BUILD FAILURE', 5: 'BUILD FAILURE;Stitched:BUILD FAILURE'}",{},outputs/ID_Results_MagicCoder_projects_f2d66308f4c1db153f889ede330de32f2e2817af/all_rounds/hive/90fa9064f2c6907fbe6237cb46d5937eebd8ea31/serde/org.apache.hadoop.hive.serde2.lazybinary.TestLazyBinarySerDe.testLazyBinarySerDe/5.patch,313.8657862750115,TRUE
https://github.com/apache/openwebbeans,424af4bb7285b806d3e3efe5020cd3e440e0a4ff,webbeans-jetty9,ID,org.apache.webbeans.web.jetty9.test.JettyNormalScopeProxyFactoryTest.checkDeserialisation,checkDeserialisation,,,https://github.com/TestingResearchIllinois/idoft/issues/561,projects/424af4bb7285b806d3e3efe5020cd3e440e0a4ff/openwebbeans/webbeans-jetty9/src/test/java/org/apache/webbeans/web/jetty9/test/JettyNormalScopeProxyFactoryTest.java,,"{0: 'test_failure', 1: 'test_failure', 2: 'test_failure', 3: 'pom_error', 4: 'Stitched:pom_error', 5: 'Stitched:pom_error'}",8,"{0: 'BUILD SUCCESS', 1: 'BUILD SUCCESS', 2: 'BUILD SUCCESS', 3: 'BUILD FAILURE', 4: 'BUILD FAILURE', 5: 'BUILD FAILURE'}",{},outputs/ID_Results_MagicCoder_projects_f2d66308f4c1db153f889ede330de32f2e2817af/all_rounds/openwebbeans/424af4bb7285b806d3e3efe5020cd3e440e0a4ff/webbeans-jetty9/org.apache.webbeans.web.jetty9.test.JettyNormalScopeProxyFactoryTest.checkDeserialisation/5.patch,381.6757253499236,TRUE
https://github.com/apache/nifi,2bd752d868a8f3e36113b078bb576cf054e945e8,nifi-nar-bundles/nifi-standard-bundle/nifi-standard-processors,ID,org.apache.nifi.processors.standard.TestConvertRecord.testDateConversionWithUTCMinusTimezone,testDateConversionWithUTCMinusTimezone,,,,projects/2bd752d868a8f3e36113b078bb576cf054e945e8/nifi/nifi-nar-bundles/nifi-standard-bundle/nifi-standard-processors/src/test/java/org/apache/nifi/processors/standard/TestConvertRecord.java,,"{0: 'test_failure', 1: 'compilation_error', 2: 'compilation_error;Stitched:compilation_error', 3: 'compilation_error', 4: 'compilation_error', 5: 'compilation_error'}",8,"{0: 'BUILD SUCCESS', 1: 'BUILD FAILURE', 2: 'BUILD FAILURE;Stitched:BUILD FAILURE', 3: 'BUILD FAILURE', 4: 'BUILD FAILURE', 5: 'BUILD FAILURE'}",{},outputs/ID_Results_MagicCoder_projects_f2d66308f4c1db153f889ede330de32f2e2817af/all_rounds/nifi/2bd752d868a8f3e36113b078bb576cf054e945e8/nifi-nar-bundles/nifi-standard-bundle/nifi-standard-processors/org.apache.nifi.processors.standard.TestConvertRecord.testDateConversionWithUTCMinusTimezone/5.patch,471.6381949549541,TRUE
https://github.com/apache/nifi,2bd752d868a8f3e36113b078bb576cf054e945e8,nifi-nar-bundles/nifi-framework-bundle/nifi-framework/nifi-framework-core,ID,org.apache.nifi.controller.status.history.EmbeddedQuestDbStatusHistoryRepositoryForComponentsTest.testReadingEmptyRepository,testReadingEmptyRepository,,,,projects/2bd752d868a8f3e36113b078bb576cf054e945e8/nifi/nifi-nar-bundles/nifi-framework-bundle/nifi-framework/nifi-framework-core/src/test/java/org/apache/nifi/controller/status/history/EmbeddedQuestDbStatusHistoryRepositoryForComponentsTest.java,,"{0: 'test_failure', 1: 'test_failure', 2: 'test_failure', 3: 'compilation_error', 4: 'build_failure', 5: 'build_failure'}",8,"{0: 'BUILD SUCCESS', 1: 'BUILD SUCCESS', 2: 'BUILD SUCCESS', 3: 'BUILD FAILURE', 4: 'BUILD FAILURE', 5: 'BUILD FAILURE'}",{},outputs/ID_Results_MagicCoder_projects_f2d66308f4c1db153f889ede330de32f2e2817af/all_rounds/nifi/2bd752d868a8f3e36113b078bb576cf054e945e8/nifi-nar-bundles/nifi-framework-bundle/nifi-framework/nifi-framework-core/org.apache.nifi.controller.status.history.EmbeddedQuestDbStatusHistoryRepositoryForComponentsTest.testReadingEmptyRepository/5.patch,274.4185537219746,TRUE
https://github.com/apache/nifi,2bd752d868a8f3e36113b078bb576cf054e945e8,nifi-nar-bundles/nifi-ldap-iaa-providers-bundle/nifi-ldap-iaa-providers,ID,org.apache.nifi.ldap.tenants.LdapUserGroupProviderTest.testGetGroupByName,testGetGroupByName,,,,projects/2bd752d868a8f3e36113b078bb576cf054e945e8/nifi/nifi-nar-bundles/nifi-ldap-iaa-providers-bundle/nifi-ldap-iaa-providers/src/test/java/org/apache/nifi/ldap/tenants/LdapUserGroupProviderTest.java,,"{0: 'test_failure', 1: 'test_failure', 2: 'test_failure', 3: 'test_failure', 4: 'test_failure', 5: 'test_failure'}",8,"{0: 'BUILD SUCCESS', 1: 'BUILD SUCCESS', 2: 'BUILD SUCCESS', 3: 'BUILD SUCCESS', 4: 'BUILD SUCCESS', 5: 'BUILD SUCCESS'}",{},outputs/ID_Results_MagicCoder_projects_f2d66308f4c1db153f889ede330de32f2e2817af/all_rounds/nifi/2bd752d868a8f3e36113b078bb576cf054e945e8/nifi-nar-bundles/nifi-ldap-iaa-providers-bundle/nifi-ldap-iaa-providers/org.apache.nifi.ldap.tenants.LdapUserGroupProviderTest.testGetGroupByName/5.patch,398.6690491649788,TRUE
https://github.com/apache/nifi,2bd752d868a8f3e36113b078bb576cf054e945e8,nifi-nar-bundles/nifi-stateless-processor-bundle/nifi-stateless-processor-tests,ID,org.apache.nifi.processors.stateless.TestExecuteStateless.testSplitWithParameters,testSplitWithParameters,,,,projects/2bd752d868a8f3e36113b078bb576cf054e945e8/nifi/nifi-nar-bundles/nifi-stateless-processor-bundle/nifi-stateless-processor-tests/src/test/java/org/apache/nifi/processors/stateless/TestExecuteStateless.java,,"{0: 'test_failure', 1: 'test_failure', 2: 'test_failure', 3: 'test_failure', 4: 'test_failure', 5: 'test_failure'}",8,"{0: 'BUILD SUCCESS', 1: 'BUILD SUCCESS', 2: 'BUILD SUCCESS', 3: 'BUILD SUCCESS', 4: 'BUILD SUCCESS', 5: 'BUILD SUCCESS'}",{},outputs/ID_Results_MagicCoder_projects_f2d66308f4c1db153f889ede330de32f2e2817af/all_rounds/nifi/2bd752d868a8f3e36113b078bb576cf054e945e8/nifi-nar-bundles/nifi-stateless-processor-bundle/nifi-stateless-processor-tests/org.apache.nifi.processors.stateless.TestExecuteStateless.testSplitWithParameters/5.patch,328.49134336505085,TRUE
https://github.com/apache/druid,ad32f8458670339808a3136a9578a10a52b8394f,extensions-contrib/moving-average-query,ID,org.apache.druid.query.movingaverage.MovingAverageIterableTest.testMissingDataAtMiddle,testMissingDataAtMiddle,,,,projects/ad32f8458670339808a3136a9578a10a52b8394f/druid/extensions-contrib/moving-average-query/src/test/java/org/apache/druid/query/movingaverage/MovingAverageIterableTest.java,,"{0: 'test_failure', 1: 'compilation_error', 2: 'build_failure', 3: 'build_failure', 4: 'build_failure', 5: 'Stitched:build_failure'}",8,"{0: 'BUILD SUCCESS', 1: 'BUILD FAILURE', 2: 'BUILD FAILURE', 3: 'BUILD FAILURE', 4: 'BUILD FAILURE', 5: 'BUILD FAILURE'}",{},outputs/ID_Results_MagicCoder_projects_f2d66308f4c1db153f889ede330de32f2e2817af/all_rounds/druid/ad32f8458670339808a3136a9578a10a52b8394f/extensions-contrib/moving-average-query/org.apache.druid.query.movingaverage.MovingAverageIterableTest.testMissingDataAtMiddle/5.patch,359.5758240480209,TRUE
https://github.com/apache/flink,549d4327cf4ae9646f74a1da561dcebecd3d47ff,flink-kubernetes,ID,org.apache.flink.kubernetes.kubeclient.decorators.InitTaskManagerDecoratorTest.testNodeAffinity,testNodeAffinity,DeveloperWontFix,,https://issues.apache.org/jira/browse/FLINK-33499,projects/549d4327cf4ae9646f74a1da561dcebecd3d47ff/flink/flink-kubernetes/src/test/java/org/apache/flink/kubernetes/kubeclient/decorators/InitTaskManagerDecoratorTest.java,outputs/ID_Results_MagicCoder_projects_f2d66308f4c1db153f889ede330de32f2e2817af/GoodPatches/flink/549d4327cf4ae9646f74a1da561dcebecd3d47ff/flink-kubernetes/org.apache.flink.kubernetes.kubeclient.decorators.InitTaskManagerDecoratorTest.testNodeAffinity/2.patch,"{0: 'test_failure', 1: 'test_failure', 2: 'test_pass'}",8,"{0: 'BUILD SUCCESS', 1: 'BUILD SUCCESS', 2: 'BUILD SUCCESS'}",{},outputs/ID_Results_MagicCoder_projects_f2d66308f4c1db153f889ede330de32f2e2817af/all_rounds/flink/549d4327cf4ae9646f74a1da561dcebecd3d47ff/flink-kubernetes/org.apache.flink.kubernetes.kubeclient.decorators.InitTaskManagerDecoratorTest.testNodeAffinity/2.patch,120.44391757098492,TRUE
https://github.com/apache/flink,521e742bfc034d66168e151e15e65e29a23b56c9,flink-runtime,ID,org.apache.flink.runtime.checkpoint.metadata.MetadataV3SerializerTest.testCheckpointWithMasterAndTaskStateForSavepoint,testCheckpointWithMasterAndTaskStateForSavepoint,DeveloperWontFix,,https://github.com/MyEnthusiastic/flink/pull/3;https://issues.apache.org/jira/browse/FLINK-33499,projects/521e742bfc034d66168e151e15e65e29a23b56c9/flink/flink-runtime/src/test/java/org/apache/flink/runtime/checkpoint/metadata/MetadataV3SerializerTest.java,,"{0: 'test_failure', 1: 'build_failure', 2: 'build_failure', 3: 'build_failure', 4: 'Stitched:build_failure;Stitched:build_failure', 5: 'build_failure'}",8,"{0: 'BUILD SUCCESS', 1: 'BUILD FAILURE', 2: 'BUILD FAILURE', 3: 'BUILD FAILURE', 4: 'BUILD FAILURE;Stitched:BUILD FAILURE', 5: 'BUILD FAILURE'}",{},outputs/ID_Results_MagicCoder_projects_f2d66308f4c1db153f889ede330de32f2e2817af/all_rounds/flink/521e742bfc034d66168e151e15e65e29a23b56c9/flink-runtime/org.apache.flink.runtime.checkpoint.metadata.MetadataV3SerializerTest.testCheckpointWithMasterAndTaskStateForSavepoint/5.patch,138.6349693479715,TRUE
https://github.com/apache/flink,ab70dcfa19827febd2c3cdc5cb81e942caa5b2f0,flink-table/flink-table-runtime,ID,org.apache.flink.table.runtime.operators.join.interval.RowTimeIntervalJoinTest.testRowTimeRightOuterJoin,testRowTimeRightOuterJoin,DeveloperWontFix,,https://issues.apache.org/jira/browse/FLINK-33443,projects/ab70dcfa19827febd2c3cdc5cb81e942caa5b2f0/flink/flink-table/flink-table-runtime/src/test/java/org/apache/flink/table/runtime/operators/join/interval/RowTimeIntervalJoinTest.java,,"{0: 'test_failure', 1: 'test_failure', 2: 'test_failure', 3: 'test_failure', 4: 'compilation_error', 5: 'Stitched:compilation_error'}",8,"{0: 'BUILD SUCCESS', 1: 'BUILD SUCCESS', 2: 'BUILD SUCCESS', 3: 'BUILD SUCCESS', 4: 'BUILD FAILURE', 5: 'BUILD FAILURE'}",{},outputs/ID_Results_MagicCoder_projects_f2d66308f4c1db153f889ede330de32f2e2817af/all_rounds/flink/ab70dcfa19827febd2c3cdc5cb81e942caa5b2f0/flink-table/flink-table-runtime/org.apache.flink.table.runtime.operators.join.interval.RowTimeIntervalJoinTest.testRowTimeRightOuterJoin/5.patch,681.5482545739505,TRUE
https://github.com/apache/gora,6c6b06c916b969352a6757ba7025cc78055fa87a,gora-mongodb,ID,org.apache.gora.mongodb.filters.DefaultFactoryTest.testCreateFilter_list_2,testCreateFilter_list_2,,,,projects/6c6b06c916b969352a6757ba7025cc78055fa87a/gora/gora-mongodb/src/test/java/org/apache/gora/mongodb/filters/DefaultFactoryTest.java,outputs/ID_Results_MagicCoder_projects_f2d66308f4c1db153f889ede330de32f2e2817af/GoodPatches/gora/6c6b06c916b969352a6757ba7025cc78055fa87a/gora-mongodb/org.apache.gora.mongodb.filters.DefaultFactoryTest.testCreateFilter_list_2/5.patch,"{0: 'test_failure', 1: 'test_failure', 2: 'test_failure', 3: 'test_failure', 4: 'Stitched:test_failure', 5: 'test_pass'}",8,"{0: 'BUILD FAILURE', 1: 'BUILD FAILURE', 2: 'BUILD FAILURE', 3: 'BUILD FAILURE', 4: 'BUILD FAILURE', 5: 'BUILD SUCCESS'}",{},outputs/ID_Results_MagicCoder_projects_f2d66308f4c1db153f889ede330de32f2e2817af/all_rounds/gora/6c6b06c916b969352a6757ba7025cc78055fa87a/gora-mongodb/org.apache.gora.mongodb.filters.DefaultFactoryTest.testCreateFilter_list_2/5.patch,282.6946992169833,TRUE
https://github.com/apache/hive,ecdac363e042200d85bb8b894aa20d91a1642a18,serde,ID,org.apache.hadoop.hive.serde2.columnar.TestLazyBinaryColumnarSerDe.testSerDeInnerNulls,testSerDeInnerNulls,,,,projects/ecdac363e042200d85bb8b894aa20d91a1642a18/hive/serde/src/test/org/apache/hadoop/hive/serde2/columnar/TestLazyBinaryColumnarSerDe.java,outputs/ID_Results_MagicCoder_projects_f2d66308f4c1db153f889ede330de32f2e2817af/GoodPatches/hive/ecdac363e042200d85bb8b894aa20d91a1642a18/serde/org.apache.hadoop.hive.serde2.columnar.TestLazyBinaryColumnarSerDe.testSerDeInnerNulls/2.patch,"{0: 'test_failure', 1: 'test_failure', 2: 'test_pass'}",8,"{0: 'BUILD SUCCESS', 1: 'BUILD SUCCESS', 2: 'BUILD SUCCESS'}",{},outputs/ID_Results_MagicCoder_projects_f2d66308f4c1db153f889ede330de32f2e2817af/all_rounds/hive/ecdac363e042200d85bb8b894aa20d91a1642a18/serde/org.apache.hadoop.hive.serde2.columnar.TestLazyBinaryColumnarSerDe.testSerDeInnerNulls/2.patch,132.70901860005688,TRUE
https://github.com/apache/nifi,2bd752d868a8f3e36113b078bb576cf054e945e8,nifi-registry/nifi-registry-core/nifi-registry-framework,ID,org.apache.nifi.registry.security.ldap.tenants.LdapUserGroupProviderTest.testSearchUsersWithFilter,testSearchUsersWithFilter,,,,projects/2bd752d868a8f3e36113b078bb576cf054e945e8/nifi/nifi-registry/nifi-registry-core/nifi-registry-framework/src/test/java/org/apache/nifi/registry/security/ldap/tenants/LdapUserGroupProviderTest.java,,"{0: 'test_failure', 1: 'build_failure', 2: 'build_failure', 3: 'build_failure', 4: 'build_failure', 5: 'build_failure'}",8,"{0: 'BUILD SUCCESS', 1: 'BUILD FAILURE', 2: 'BUILD FAILURE', 3: 'BUILD FAILURE', 4: 'BUILD FAILURE', 5: 'BUILD FAILURE'}",{},outputs/ID_Results_MagicCoder_projects_f2d66308f4c1db153f889ede330de32f2e2817af/all_rounds/nifi/2bd752d868a8f3e36113b078bb576cf054e945e8/nifi-registry/nifi-registry-core/nifi-registry-framework/org.apache.nifi.registry.security.ldap.tenants.LdapUserGroupProviderTest.testSearchUsersWithFilter/5.patch,214.7578985230066,TRUE
https://github.com/square/retrofit,8c93b59dbc57841959f5237cb141ce0b3c18b778,retrofit,ID,retrofit2.CompletableFutureAndroidTest.completableFutureApi24,completableFutureApi24,MovedToGradle,,https://github.com/square/retrofit/commit/14b9b8c88ff80789a48dfdfad2c91463cc4333ad,projects/8c93b59dbc57841959f5237cb141ce0b3c18b778/retrofit/retrofit/src/test/java/retrofit2/CompletableFutureAndroidTest.java,,"{0: 'test_failure', 1: 'test_failure', 2: 'test_failure', 3: 'test_failure', 4: 'test_failure', 5: 'test_failure'}",8,"{0: 'BUILD SUCCESS', 1: 'BUILD SUCCESS', 2: 'BUILD SUCCESS', 3: 'BUILD SUCCESS', 4: 'BUILD SUCCESS', 5: 'BUILD SUCCESS'}",{},outputs/ID_Results_MagicCoder_projects_f2d66308f4c1db153f889ede330de32f2e2817af/all_rounds/retrofit/8c93b59dbc57841959f5237cb141ce0b3c18b778/retrofit/retrofit2.CompletableFutureAndroidTest.completableFutureApi24/5.patch,210.83441628701985,TRUE
https://github.com/square/retrofit,8c93b59dbc57841959f5237cb141ce0b3c18b778,retrofit,ID,retrofit2.CompletableFutureAndroidTest.completableFuturePreApi24,completableFuturePreApi24,MovedToGradle,,https://github.com/square/retrofit/commit/14b9b8c88ff80789a48dfdfad2c91463cc4333ad,projects/8c93b59dbc57841959f5237cb141ce0b3c18b778/retrofit/retrofit/src/test/java/retrofit2/CompletableFutureAndroidTest.java,,"{0: 'test_failure', 1: 'build_failure;Stitched:build_failure', 2: 'build_failure;Stitched:build_failure', 3: 'build_failure;Stitched:build_failure', 4: 'build_failure', 5: 'build_failure'}",8,"{0: 'BUILD SUCCESS', 1: 'BUILD FAILURE;Stitched:BUILD FAILURE', 2: 'BUILD FAILURE;Stitched:BUILD FAILURE', 3: 'BUILD FAILURE;Stitched:BUILD FAILURE', 4: 'BUILD FAILURE', 5: 'BUILD FAILURE'}",{},outputs/ID_Results_MagicCoder_projects_f2d66308f4c1db153f889ede330de32f2e2817af/all_rounds/retrofit/8c93b59dbc57841959f5237cb141ce0b3c18b778/retrofit/retrofit2.CompletableFutureAndroidTest.completableFuturePreApi24/5.patch,222.41584983700886,TRUE
https://github.com/square/retrofit,8c93b59dbc57841959f5237cb141ce0b3c18b778,retrofit,ID,retrofit2.OptionalConverterFactoryAndroidTest.onlyMatchesOptional,onlyMatchesOptional,MovedToGradle,,https://github.com/square/retrofit/commit/14b9b8c88ff80789a48dfdfad2c91463cc4333ad,projects/8c93b59dbc57841959f5237cb141ce0b3c18b778/retrofit/retrofit/src/test/java/retrofit2/OptionalConverterFactoryAndroidTest.java,,"{0: 'test_failure', 1: 'build_failure', 2: 'build_failure', 3: 'build_failure;Stitched:build_failure', 4: 'build_failure', 5: 'build_failure'}",8,"{0: 'BUILD SUCCESS', 1: 'BUILD FAILURE', 2: 'BUILD FAILURE', 3: 'BUILD FAILURE;Stitched:BUILD FAILURE', 4: 'BUILD FAILURE', 5: 'BUILD FAILURE'}",{},outputs/ID_Results_MagicCoder_projects_f2d66308f4c1db153f889ede330de32f2e2817af/all_rounds/retrofit/8c93b59dbc57841959f5237cb141ce0b3c18b778/retrofit/retrofit2.OptionalConverterFactoryAndroidTest.onlyMatchesOptional/5.patch,297.18668883899227,TRUE
https://github.com/square/retrofit,8c93b59dbc57841959f5237cb141ce0b3c18b778,retrofit,ID,retrofit2.OptionalConverterFactoryAndroidTest.optionalApi24,optionalApi24,MovedToGradle,,https://github.com/square/retrofit/commit/14b9b8c88ff80789a48dfdfad2c91463cc4333ad,projects/8c93b59dbc57841959f5237cb141ce0b3c18b778/retrofit/retrofit/src/test/java/retrofit2/OptionalConverterFactoryAndroidTest.java,,"{0: 'test_failure', 1: 'test_failure', 2: 'test_failure', 3: 'test_failure', 4: 'test_failure', 5: 'build_failure;Stitched:build_failure'}",8,"{0: 'BUILD SUCCESS', 1: 'BUILD SUCCESS', 2: 'BUILD SUCCESS', 3: 'BUILD SUCCESS', 4: 'BUILD SUCCESS', 5: 'BUILD FAILURE;Stitched:BUILD FAILURE'}",{},outputs/ID_Results_MagicCoder_projects_f2d66308f4c1db153f889ede330de32f2e2817af/all_rounds/retrofit/8c93b59dbc57841959f5237cb141ce0b3c18b778/retrofit/retrofit2.OptionalConverterFactoryAndroidTest.optionalApi24/5.patch,471.39550017297734,TRUE
https://github.com/square/retrofit,8c93b59dbc57841959f5237cb141ce0b3c18b778,retrofit,ID,retrofit2.OptionalConverterFactoryAndroidTest.optionalPreApi24,optionalPreApi24,MovedToGradle,,https://github.com/square/retrofit/commit/14b9b8c88ff80789a48dfdfad2c91463cc4333ad,projects/8c93b59dbc57841959f5237cb141ce0b3c18b778/retrofit/retrofit/src/test/java/retrofit2/OptionalConverterFactoryAndroidTest.java,,"{0: 'test_failure', 1: 'test_failure', 2: 'build_failure', 3: 'build_failure', 4: 'build_failure', 5: 'build_failure'}",8,"{0: 'BUILD SUCCESS', 1: 'BUILD SUCCESS', 2: 'BUILD FAILURE', 3: 'BUILD FAILURE', 4: 'BUILD FAILURE', 5: 'BUILD FAILURE'}",{},outputs/ID_Results_MagicCoder_projects_f2d66308f4c1db153f889ede330de32f2e2817af/all_rounds/retrofit/8c93b59dbc57841959f5237cb141ce0b3c18b778/retrofit/retrofit2.OptionalConverterFactoryAndroidTest.optionalPreApi24/5.patch,240.66738914197776,TRUE
https://github.com/square/retrofit,8c93b59dbc57841959f5237cb141ce0b3c18b778,retrofit,ID,retrofit2.RequestFactoryAndroidTest.getWithAndroidUriUrlAbsolute,getWithAndroidUriUrlAbsolute,Deleted,,https://github.com/square/retrofit/commit/34f6a7fdc2f359d05a32f3262825563fc10929b4,projects/8c93b59dbc57841959f5237cb141ce0b3c18b778/retrofit/retrofit/src/test/java/retrofit2/RequestFactoryAndroidTest.java,,"{0: 'test_failure', 1: 'test_failure', 2: 'test_failure', 3: 'test_failure', 4: 'test_failure', 5: 'test_failure'}",8,"{0: 'BUILD SUCCESS', 1: 'BUILD SUCCESS', 2: 'BUILD SUCCESS', 3: 'BUILD SUCCESS', 4: 'BUILD SUCCESS', 5: 'BUILD SUCCESS'}",{},outputs/ID_Results_MagicCoder_projects_f2d66308f4c1db153f889ede330de32f2e2817af/all_rounds/retrofit/8c93b59dbc57841959f5237cb141ce0b3c18b778/retrofit/retrofit2.RequestFactoryAndroidTest.getWithAndroidUriUrlAbsolute/5.patch,225.9464856769191,TRUE
https://github.com/square/retrofit,8c93b59dbc57841959f5237cb141ce0b3c18b778,retrofit,ID,retrofit2.RequestFactoryAndroidTest.getWithAndroidUriUrl,getWithAndroidUriUrl,Deleted,,https://github.com/square/retrofit/commit/34f6a7fdc2f359d05a32f3262825563fc10929b4,projects/8c93b59dbc57841959f5237cb141ce0b3c18b778/retrofit/retrofit/src/test/java/retrofit2/RequestFactoryAndroidTest.java,,"{0: 'test_failure', 1: 'test_failure', 2: 'test_failure', 3: 'test_failure', 4: 'test_failure', 5: 'test_failure'}",8,"{0: 'BUILD SUCCESS', 1: 'BUILD SUCCESS', 2: 'BUILD SUCCESS', 3: 'BUILD SUCCESS', 4: 'BUILD SUCCESS', 5: 'BUILD SUCCESS'}",{},outputs/ID_Results_MagicCoder_projects_f2d66308f4c1db153f889ede330de32f2e2817af/all_rounds/retrofit/8c93b59dbc57841959f5237cb141ce0b3c18b778/retrofit/retrofit2.RequestFactoryAndroidTest.getWithAndroidUriUrl/5.patch,229.93841632606927,TRUE
https://github.com/square/catalog-api-demo,79e7a447aa0c0c3ca5512c826e6654119bde4988,.,ID,com.squareup.catalog.demo.example.DeduplicateTaxesExampleTest.mergeDuplicate_neitherPresentAtAllLocations,mergeDuplicate_neitherPresentAtAllLocations,RepoArchived,,,projects/79e7a447aa0c0c3ca5512c826e6654119bde4988/catalog-api-demo/src/test/java/com/squareup/catalog/demo/example/DeduplicateTaxesExampleTest.java,outputs/ID_Results_MagicCoder_projects_f2d66308f4c1db153f889ede330de32f2e2817af/GoodPatches/catalog-api-demo/79e7a447aa0c0c3ca5512c826e6654119bde4988/./com.squareup.catalog.demo.example.DeduplicateTaxesExampleTest.mergeDuplicate_neitherPresentAtAllLocations/3.patch,"{0: 'test_failure', 1: 'compilation_error', 2: 'test_failure', 3: 'test_pass'}",8,"{0: 'BUILD SUCCESS', 1: 'BUILD FAILURE', 2: 'BUILD SUCCESS', 3: 'BUILD SUCCESS'}",{},outputs/ID_Results_MagicCoder_projects_f2d66308f4c1db153f889ede330de32f2e2817af/all_rounds/catalog-api-demo/79e7a447aa0c0c3ca5512c826e6654119bde4988/./com.squareup.catalog.demo.example.DeduplicateTaxesExampleTest.mergeDuplicate_neitherPresentAtAllLocations/3.patch,140.59705950599164,TRUE
https://github.com/square/burst,e6af132e6b9badab699999cfd1764f11636ca00a,burst-junit4,ID,com.squareup.burst.BurstJUnit4Test.multipleFields,multipleFields,Deprecated,,https://github.com/TestingResearchIllinois/idoft/issues/569,projects/e6af132e6b9badab699999cfd1764f11636ca00a/burst/burst-junit4/src/test/java/com/squareup/burst/BurstJUnit4Test.java,,{0: 'test_failure'},8,{0: 'BUILD SUCCESS'},"{1: 'CUDA out of memory. Tried to allocate 2.94 GiB. GPU 0 has a total capacity of 23.69 GiB of which 1.01 GiB is free. Process 28475 has 4.92 GiB memory in use. Including non-PyTorch memory, this process has 17.76 GiB memory in use. Of the allocated memory 16.22 GiB is allocated by PyTorch, and 546.74 MiB is reserved by PyTorch but unallocated. If reserved but unallocated memory is large try setting PYTORCH_CUDA_ALLOC_CONF=expandable_segments:True to avoid fragmentation.  See documentation for Memory Management  (https://pytorch.org/docs/stable/notes/cuda.html#environment-variables)'}",outputs/ID_Results_MagicCoder_projects_f2d66308f4c1db153f889ede330de32f2e2817af/all_rounds/burst/e6af132e6b9badab699999cfd1764f11636ca00a/burst-junit4/com.squareup.burst.BurstJUnit4Test.multipleFields/0.patch,0.14847619598731399,TRUE
https://github.com/graphhopper/graphhopper,e4eddf940bcd0383864d9176741941b9341c8fda,isochrone,ID,com.graphhopper.isochrone.algorithm.ShortestPathTreeTest.testSearch,testSearch,MovedOrRenamed,,https://github.com/graphhopper/graphhopper/commit/97b5d802465b82feef8e52d1e5cb3d90e8d374e7,projects/e4eddf940bcd0383864d9176741941b9341c8fda/graphhopper/isochrone/src/test/java/com/graphhopper/isochrone/algorithm/ShortestPathTreeTest.java,,"{0: 'test_failure', 1: 'build_failure', 2: 'build_failure', 3: 'build_failure', 4: 'build_failure', 5: 'build_failure'}",8,"{0: 'BUILD SUCCESS', 1: 'BUILD FAILURE', 2: 'BUILD FAILURE', 3: 'BUILD FAILURE', 4: 'BUILD FAILURE', 5: 'BUILD FAILURE'}",{},outputs/ID_Results_MagicCoder_projects_f2d66308f4c1db153f889ede330de32f2e2817af/all_rounds/graphhopper/e4eddf940bcd0383864d9176741941b9341c8fda/isochrone/com.graphhopper.isochrone.algorithm.ShortestPathTreeTest.testSearch/5.patch,409.9297095449874,TRUE
https://github.com/graphhopper/graphhopper,b65d9413e2dc29b662a1bb2db146b536471167a9,core,ID,com.graphhopper.routing.DirectionResolverOnQueryGraphTest.duplicateCoordinatesAtBaseOrAdjNode,duplicateCoordinatesAtBaseOrAdjNode,DeveloperWontFix,,https://github.com/graphhopper/graphhopper/pull/2887,projects/b65d9413e2dc29b662a1bb2db146b536471167a9/graphhopper/core/src/test/java/com/graphhopper/routing/DirectionResolverOnQueryGraphTest.java,,"{0: 'test_failure', 1: 'build_failure', 2: 'build_failure', 3: 'build_failure', 4: 'Stitched:build_failure', 5: 'Stitched:build_failure'}",8,"{0: 'BUILD SUCCESS', 1: 'BUILD FAILURE', 2: 'BUILD FAILURE', 3: 'BUILD FAILURE', 4: 'BUILD FAILURE', 5: 'BUILD FAILURE'}",{},outputs/ID_Results_MagicCoder_projects_f2d66308f4c1db153f889ede330de32f2e2817af/all_rounds/graphhopper/b65d9413e2dc29b662a1bb2db146b536471167a9/core/com.graphhopper.routing.DirectionResolverOnQueryGraphTest.duplicateCoordinatesAtBaseOrAdjNode/5.patch,288.64011760102585,TRUE
https://github.com/graphhopper/graphhopper,97b5d802465b82feef8e52d1e5cb3d90e8d374e7,isochrone,ID,com.graphhopper.isochrone.algorithm.ShortestPathTreeTest.testSearch30Seconds,testSearch30Seconds,Deleted,,https://github.com/graphhopper/graphhopper/commit/8eed548df0edf9524157e666665d33ce3e01ea11,projects/97b5d802465b82feef8e52d1e5cb3d90e8d374e7/graphhopper/isochrone/src/test/java/com/graphhopper/isochrone/algorithm/ShortestPathTreeTest.java,,"{0: 'test_failure', 1: 'compilation_error', 2: 'compilation_error', 3: 'Stitched:compilation_error', 4: 'compilation_error', 5: 'compilation_error'}",8,"{0: 'BUILD SUCCESS', 1: 'BUILD FAILURE', 2: 'BUILD FAILURE', 3: 'BUILD FAILURE', 4: 'BUILD FAILURE', 5: 'BUILD FAILURE'}",{},outputs/ID_Results_MagicCoder_projects_f2d66308f4c1db153f889ede330de32f2e2817af/all_rounds/graphhopper/97b5d802465b82feef8e52d1e5cb3d90e8d374e7/isochrone/com.graphhopper.isochrone.algorithm.ShortestPathTreeTest.testSearch30Seconds/5.patch,467.6436963189626,TRUE
https://github.com/Graylog2/graylog2-server,87d63f677759336987fbb21fd9c688235618e7bb,graylog2-server,ID,org.graylog2.alarmcallbacks.AlarmCallbackHistoryServiceImplTest.testSaveForDummyError,testSaveForDummyError,Deleted,,https://github.com/Graylog2/graylog2-server/commit/a3655e7076c92474cdec3eb46f9765c794be8d96,projects/87d63f677759336987fbb21fd9c688235618e7bb/graylog2-server/graylog2-server/src/test/java/org/graylog2/alarmcallbacks/AlarmCallbackHistoryServiceImplTest.java,,"{0: 'test_failure', 1: 'test_failure', 2: 'Stitched:build_failure', 3: 'build_failure', 4: 'build_failure', 5: 'build_failure'}",8,"{0: 'BUILD SUCCESS', 1: 'BUILD SUCCESS', 2: 'BUILD FAILURE', 3: 'BUILD FAILURE', 4: 'BUILD FAILURE', 5: 'BUILD FAILURE'}",{},outputs/ID_Results_MagicCoder_projects_f2d66308f4c1db153f889ede330de32f2e2817af/all_rounds/graylog2-server/87d63f677759336987fbb21fd9c688235618e7bb/graylog2-server/org.graylog2.alarmcallbacks.AlarmCallbackHistoryServiceImplTest.testSaveForDummyError/5.patch,463.49202547303867,TRUE
https://github.com/Graylog2/graylog2-server,87d63f677759336987fbb21fd9c688235618e7bb,graylog2-server,ID,org.graylog2.alarmcallbacks.AlarmCallbackHistoryServiceImplTest.testSaveForDummySuccess,testSaveForDummySuccess,Deleted,,https://github.com/Graylog2/graylog2-server/commit/a3655e7076c92474cdec3eb46f9765c794be8d96,projects/87d63f677759336987fbb21fd9c688235618e7bb/graylog2-server/graylog2-server/src/test/java/org/graylog2/alarmcallbacks/AlarmCallbackHistoryServiceImplTest.java,,"{0: 'test_failure', 1: 'build_failure', 2: 'build_failure', 3: 'build_failure', 4: 'build_failure', 5: 'build_failure'}",8,"{0: 'BUILD SUCCESS', 1: 'BUILD FAILURE', 2: 'BUILD FAILURE', 3: 'BUILD FAILURE', 4: 'BUILD FAILURE', 5: 'BUILD FAILURE'}",{},outputs/ID_Results_MagicCoder_projects_f2d66308f4c1db153f889ede330de32f2e2817af/all_rounds/graylog2-server/87d63f677759336987fbb21fd9c688235618e7bb/graylog2-server/org.graylog2.alarmcallbacks.AlarmCallbackHistoryServiceImplTest.testSaveForDummySuccess/5.patch,173.46850488800555,TRUE
https://github.com/hs-web/hsweb-framework,9eb96c4c7e6912253de3783673a922c216b5eec7,hsweb-commons/hsweb-commons-dao/hsweb-commons-dao-mybatis,ID,org.hswebframework.web.dao.mybatis.builder.SqlParamParserTest.testParseQueryParam,testParseQueryParam,Deleted,,,projects/9eb96c4c7e6912253de3783673a922c216b5eec7/hsweb-framework/hsweb-commons/hsweb-commons-dao/hsweb-commons-dao-mybatis/src/test/java/org/hswebframework/web/dao/mybatis/builder/SqlParamParserTest.java,,"{0: 'test_failure', 1: 'test_failure', 2: 'test_failure', 3: 'test_failure', 4: 'test_failure', 5: 'test_failure'}",8,"{0: 'BUILD SUCCESS', 1: 'BUILD SUCCESS', 2: 'BUILD SUCCESS', 3: 'BUILD SUCCESS', 4: 'BUILD SUCCESS', 5: 'BUILD SUCCESS'}",{},outputs/ID_Results_MagicCoder_projects_f2d66308f4c1db153f889ede330de32f2e2817af/all_rounds/hsweb-framework/9eb96c4c7e6912253de3783673a922c216b5eec7/hsweb-commons/hsweb-commons-dao/hsweb-commons-dao-mybatis/org.hswebframework.web.dao.mybatis.builder.SqlParamParserTest.testParseQueryParam/5.patch,501.3851621,TRUE
https://github.com/kiegroup/optaplanner,dff7457cb5ba1557727deddef5b675dd00fbf8a8,optaplanner-core,ID,org.optaplanner.core.config.solver.SolverConfigTest.xmlConfigFileRemainsSameAfterReadWrite,xmlConfigFileRemainsSameAfterReadWrite,MovedOrRenamed,,https://github.com/kiegroup/optaplanner/commits/main/optaplanner-benchmark/src/test/java/org/optaplanner/benchmark/config/PlannerBenchmarkConfigTest.java,projects/dff7457cb5ba1557727deddef5b675dd00fbf8a8/optaplanner/optaplanner-core/src/test/java/org/optaplanner/core/config/solver/SolverConfigTest.java,,"{0: 'test_failure', 1: 'test_failure', 2: 'Stitched:compilation_error', 3: 'Stitched:compilation_error', 4: 'test_failure', 5: 'test_failure'}",8,"{0: 'BUILD SUCCESS', 1: 'BUILD SUCCESS', 2: 'BUILD FAILURE', 3: 'BUILD FAILURE', 4: 'BUILD SUCCESS', 5: 'BUILD SUCCESS'}",{},outputs/ID_Results_MagicCoder_projects_f2d66308f4c1db153f889ede330de32f2e2817af/all_rounds/optaplanner/dff7457cb5ba1557727deddef5b675dd00fbf8a8/optaplanner-core/org.optaplanner.core.config.solver.SolverConfigTest.xmlConfigFileRemainsSameAfterReadWrite/5.patch,330.3564782610629,TRUE
https://github.com/intuit/karate,09bc49eb6fcfc029a09dbdb385137ff71985c89b,karate-core,ID,com.intuit.karate.JsonUtilsTest.testPojoConversion,testPojoConversion,MovedOrRenamed,,https://github.com/karatelabs/karate,projects/09bc49eb6fcfc029a09dbdb385137ff71985c89b/karate/karate-core/src/test/java/com/intuit/karate/JsonUtilsTest.java,,"{0: 'test_failure', 1: 'Stitched:test_failure', 2: 'compilation_error', 3: 'Stitched:compilation_error;Stitched:compilation_error', 4: 'Stitched:compilation_error', 5: 'Stitched:test_failure'}",8,"{0: 'BUILD SUCCESS', 1: 'BUILD SUCCESS', 2: 'BUILD FAILURE', 3: 'BUILD FAILURE;Stitched:BUILD FAILURE', 4: 'BUILD FAILURE', 5: 'BUILD SUCCESS'}",{},outputs/ID_Results_MagicCoder_projects_f2d66308f4c1db153f889ede330de32f2e2817af/all_rounds/karate/09bc49eb6fcfc029a09dbdb385137ff71985c89b/karate-core/com.intuit.karate.JsonUtilsTest.testPojoConversion/5.patch,421.79758563102223,TRUE
https://github.com/intuit/karate,2ca51aca126d691d87c09f3b476cbbaef58881ca,karate-core,ID,com.intuit.karate.ScriptTest.testKarateToJson,testKarateToJson,Deleted,,https://github.com/karatelabs/karate/commit/f40112e33891b11ba6188d5677053aed77136b04,projects/2ca51aca126d691d87c09f3b476cbbaef58881ca/karate/karate-core/src/test/java/com/intuit/karate/ScriptTest.java,,"{0: 'test_failure', 1: 'test_failure', 2: 'build_failure', 3: 'Stitched:build_failure', 4: 'build_failure', 5: 'build_failure'}",8,"{0: 'BUILD SUCCESS', 1: 'BUILD SUCCESS', 2: 'BUILD FAILURE', 3: 'BUILD FAILURE', 4: 'BUILD FAILURE', 5: 'BUILD FAILURE'}",{},outputs/ID_Results_MagicCoder_projects_f2d66308f4c1db153f889ede330de32f2e2817af/all_rounds/karate/2ca51aca126d691d87c09f3b476cbbaef58881ca/karate-core/com.intuit.karate.ScriptTest.testKarateToJson/5.patch,232.3009610850131,TRUE
https://github.com/Alluxio/alluxio,e6d76803f27133d7700811585f5310470e50e487,core/server/worker,ID,alluxio.worker.block.BlockLockManagerTest.lockAlreadyWriteLockedBlock,lockAlreadyWriteLockedBlock,,,,projects/e6d76803f27133d7700811585f5310470e50e487/alluxio/core/server/worker/src/test/java/alluxio/worker/block/BlockLockManagerTest.java,outputs/ID_Results_MagicCoder_projects_f2d66308f4c1db153f889ede330de32f2e2817af/GoodPatches/alluxio/e6d76803f27133d7700811585f5310470e50e487/core/server/worker/alluxio.worker.block.BlockLockManagerTest.lockAlreadyWriteLockedBlock/3.patch,"{0: 'test_failure', 1: 'compilation_error', 2: 'test_failure', 3: 'test_pass'}",8,"{0: 'BUILD SUCCESS', 1: 'BUILD FAILURE', 2: 'BUILD SUCCESS', 3: 'BUILD SUCCESS'}",{},outputs/ID_Results_MagicCoder_projects_f2d66308f4c1db153f889ede330de32f2e2817af/all_rounds/alluxio/e6d76803f27133d7700811585f5310470e50e487/core/server/worker/alluxio.worker.block.BlockLockManagerTest.lockAlreadyWriteLockedBlock/3.patch,135.7899371,TRUE
https://github.com/zhangxd1989/spring-boot-cloud,e3966d7cefa4fa429d13bbc8de7f4dafbae0de35,registry,ID,cn.zhangxd.registry.ApplicationTests.catalogLoads,catalogLoads,,,,projects/e3966d7cefa4fa429d13bbc8de7f4dafbae0de35/spring-boot-cloud/registry/src/test/java/cn/zhangxd/registry/ApplicationTests.java,,"{0: 'test_failure', 1: 'test_failure', 2: 'test_failure', 3: 'test_failure', 4: 'test_failure', 5: 'compilation_error;Stitched:compilation_error'}",8,"{0: 'BUILD SUCCESS', 1: 'BUILD SUCCESS', 2: 'BUILD SUCCESS', 3: 'BUILD SUCCESS', 4: 'BUILD SUCCESS', 5: 'BUILD FAILURE;Stitched:BUILD FAILURE'}",{},outputs/ID_Results_MagicCoder_projects_f2d66308f4c1db153f889ede330de32f2e2817af/all_rounds/spring-boot-cloud/e3966d7cefa4fa429d13bbc8de7f4dafbae0de35/registry/cn.zhangxd.registry.ApplicationTests.catalogLoads/5.patch,452.2652574379463,TRUE
https://github.com/adobe/aem-core-wcm-components,5f29cc86b17b6db36cc617805295eb951b6504a1,bundles/core,ID,com.adobe.cq.wcm.core.components.internal.link.DefaultPathProcessorTest.testVanityConfig,testVanityConfig,,,,projects/5f29cc86b17b6db36cc617805295eb951b6504a1/aem-core-wcm-components/bundles/core/src/test/java/com/adobe/cq/wcm/core/components/internal/link/DefaultPathProcessorTest.java,,"{0: 'test_failure', 1: 'compilation_error'}",8,"{0: 'BUILD SUCCESS', 1: 'BUILD FAILURE'}",{2: 'TimesUpError'},outputs/ID_Results_MagicCoder_projects_f2d66308f4c1db153f889ede330de32f2e2817af/all_rounds/aem-core-wcm-components/5f29cc86b17b6db36cc617805295eb951b6504a1/bundles/core/com.adobe.cq.wcm.core.components.internal.link.DefaultPathProcessorTest.testVanityConfig/1.patch,594.9491193280555,TRUE
https://github.com/DataDog/jmxfetch,15e72e2342dc29d71243308cdad8c525b4d34317,.,ID,org.datadog.jmxfetch.TestApp.testApp,testApp,,,,projects/15e72e2342dc29d71243308cdad8c525b4d34317/jmxfetch/src/test/java/org/datadog/jmxfetch/TestApp.java,,{0: 'test_failure'},8,{0: 'BUILD SUCCESS'},"{1: 'CUDA out of memory. Tried to allocate 74.00 MiB. GPU 1 has a total capacity of 23.69 GiB of which 69.19 MiB is free. Process 28475 has 4.92 GiB memory in use. Including non-PyTorch memory, this process has 18.69 GiB memory in use. Of the allocated memory 17.24 GiB is allocated by PyTorch, and 462.79 MiB is reserved by PyTorch but unallocated. If reserved but unallocated memory is large try setting PYTORCH_CUDA_ALLOC_CONF=expandable_segments:True to avoid fragmentation.  See documentation for Memory Management  (https://pytorch.org/docs/stable/notes/cuda.html#environment-variables)'}",outputs/ID_Results_MagicCoder_projects_f2d66308f4c1db153f889ede330de32f2e2817af/all_rounds/jmxfetch/15e72e2342dc29d71243308cdad8c525b4d34317/./org.datadog.jmxfetch.TestApp.testApp/0.patch,268.3693109109299,TRUE
https://github.com/SAP/fosstars-rating-core,6f37921610ee0d8438b9ec8adc8b02f88a17f992,.,ID,com.sap.oss.phosphor.fosstars.model.tuning.TuningWithCMAESTest.testWithSimpleTestVectors,testWithSimpleTestVectors,,,,projects/6f37921610ee0d8438b9ec8adc8b02f88a17f992/fosstars-rating-core/src/test/java/com/sap/oss/phosphor/fosstars/model/tuning/TuningWithCMAESTest.java,,"{0: 'test_failure', 1: 'build_failure', 2: 'build_failure', 3: 'build_failure', 4: 'build_failure;Stitched:build_failure', 5: 'build_failure'}",8,"{0: 'BUILD SUCCESS', 1: 'BUILD FAILURE', 2: 'BUILD FAILURE', 3: 'BUILD FAILURE', 4: 'BUILD FAILURE;Stitched:BUILD FAILURE', 5: 'BUILD FAILURE'}",{},outputs/ID_Results_MagicCoder_projects_f2d66308f4c1db153f889ede330de32f2e2817af/all_rounds/fosstars-rating-core/6f37921610ee0d8438b9ec8adc8b02f88a17f992/./com.sap.oss.phosphor.fosstars.model.tuning.TuningWithCMAESTest.testWithSimpleTestVectors/5.patch,219.70532982901204,TRUE
https://github.com/FasterXML/jackson-module-afterburner,bbe4e76330dee1c03d9cda576b9c37becb1f23a8,.,ID,com.fasterxml.jackson.module.afterburner.ser.TestInclusionAnnotations.testIncludeUsingAnnotation,testIncludeUsingAnnotation,RepoArchived,,,projects/bbe4e76330dee1c03d9cda576b9c37becb1f23a8/jackson-module-afterburner/src/test/java/com/fasterxml/jackson/module/afterburner/ser/TestInclusionAnnotations.java,,"{0: 'test_failure', 1: 'test_failure', 2: 'compilation_error;Stitched:compilation_error', 3: 'Stitched:compilation_error', 4: 'compilation_error', 5: 'Stitched:compilation_error'}",8,"{0: 'BUILD SUCCESS', 1: 'BUILD SUCCESS', 2: 'BUILD FAILURE;Stitched:BUILD FAILURE', 3: 'BUILD FAILURE', 4: 'BUILD FAILURE', 5: 'BUILD FAILURE'}",{},outputs/ID_Results_MagicCoder_projects_f2d66308f4c1db153f889ede330de32f2e2817af/all_rounds/jackson-module-afterburner/bbe4e76330dee1c03d9cda576b9c37becb1f23a8/./com.fasterxml.jackson.module.afterburner.ser.TestInclusionAnnotations.testIncludeUsingAnnotation/5.patch,217.62900215596892,TRUE
https://github.com/intel/graphbuilder,ca510a155398c32134ccc9dbe88cfbaef0254088,.,ID,com.intel.hadoop.graphbuilder.test.graph.SimpleGraphTest.testGraphFormatter,testGraphFormatter,RepoArchived,,,projects/ca510a155398c32134ccc9dbe88cfbaef0254088/graphbuilder/test/com/intel/hadoop/graphbuilder/test/graph/SimpleGraphTest.java,,"{0: 'test_failure', 1: 'test_failure', 2: 'Stitched:compilation_error', 3: 'compilation_error', 4: 'compilation_error', 5: 'compilation_error'}",8,"{0: 'BUILD SUCCESS', 1: 'BUILD SUCCESS', 2: 'BUILD FAILURE', 3: 'BUILD FAILURE', 4: 'BUILD FAILURE', 5: 'BUILD FAILURE'}",{},outputs/ID_Results_MagicCoder_projects_f2d66308f4c1db153f889ede330de32f2e2817af/all_rounds/graphbuilder/ca510a155398c32134ccc9dbe88cfbaef0254088/./com.intel.hadoop.graphbuilder.test.graph.SimpleGraphTest.testGraphFormatter/5.patch,325.7551716209855,TRUE
https://github.com/LinShunKang/MyPerf4J,4c0a98d8f0f93733b0fddbb2b4b3dd4edd32470d,MyPerf4J-Base,ID,cn.myperf4j.base.influxdb.InfluxDbV2ClientTest.testWrite,testWrite,,,,projects/4c0a98d8f0f93733b0fddbb2b4b3dd4edd32470d/MyPerf4J/MyPerf4J-Base/src/test/java/cn/myperf4j/base/influxdb/InfluxDbV2ClientTest.java,,"{0: 'test_failure', 1: 'test_failure', 2: 'test_failure', 3: 'test_failure', 4: 'Stitched:test_failure', 5: 'test_failure'}",8,"{0: 'BUILD SUCCESS', 1: 'BUILD SUCCESS', 2: 'BUILD SUCCESS', 3: 'BUILD SUCCESS', 4: 'BUILD SUCCESS', 5: 'BUILD SUCCESS'}",{},outputs/ID_Results_MagicCoder_projects_f2d66308f4c1db153f889ede330de32f2e2817af/all_rounds/MyPerf4J/4c0a98d8f0f93733b0fddbb2b4b3dd4edd32470d/MyPerf4J-Base/cn.myperf4j.base.influxdb.InfluxDbV2ClientTest.testWrite/5.patch,216.4047426910838,TRUE
https://github.com/karatelabs/karate,16452ef4d17ed76b079c6f1eba07a4749fa08d02,karate-core,ID,com.intuit.karate.core.FeatureResultTest.testJsonConversion,testJsonConversion,DeveloperWontFix,,,projects/16452ef4d17ed76b079c6f1eba07a4749fa08d02/karate/karate-core/src/test/java/com/intuit/karate/core/FeatureResultTest.java,,{0: 'test_failure'},8,{0: 'BUILD SUCCESS'},"{1: 'CUDA out of memory. Tried to allocate 2.31 GiB. GPU 0 has a total capacity of 23.69 GiB of which 1.01 GiB is free. Process 28475 has 4.92 GiB memory in use. Including non-PyTorch memory, this process has 17.76 GiB memory in use. Of the allocated memory 15.51 GiB is allocated by PyTorch, and 1.25 GiB is reserved by PyTorch but unallocated. If reserved but unallocated memory is large try setting PYTORCH_CUDA_ALLOC_CONF=expandable_segments:True to avoid fragmentation.  See documentation for Memory Management  (https://pytorch.org/docs/stable/notes/cuda.html#environment-variables)'}",outputs/ID_Results_MagicCoder_projects_f2d66308f4c1db153f889ede330de32f2e2817af/all_rounds/karate/16452ef4d17ed76b079c6f1eba07a4749fa08d02/karate-core/com.intuit.karate.core.FeatureResultTest.testJsonConversion/0.patch,0.17072619404643774,TRUE
https://github.com/gchq/koryphe,36c63c3e24145e04405d7620524b23cf9b5b5849,core,ID,uk.gov.gchq.koryphe.impl.predicate.IsInTest.shouldJsonSerialiseAndDeserialise,shouldJsonSerialiseAndDeserialise,,,,projects/36c63c3e24145e04405d7620524b23cf9b5b5849/koryphe/core/src/test/java/uk/gov/gchq/koryphe/impl/predicate/IsInTest.java,,"{0: 'test_failure', 1: 'test_failure', 2: 'compilation_error;Stitched:compilation_error', 3: 'compilation_error', 4: 'Stitched:compilation_error', 5: 'Stitched:compilation_error'}",11,"{0: 'BUILD SUCCESS', 1: 'BUILD SUCCESS', 2: 'BUILD FAILURE;Stitched:BUILD FAILURE', 3: 'BUILD FAILURE', 4: 'BUILD FAILURE', 5: 'BUILD FAILURE'}",{},outputs/ID_Results_MagicCoder_projects_f2d66308f4c1db153f889ede330de32f2e2817af/all_rounds/koryphe/36c63c3e24145e04405d7620524b23cf9b5b5849/core/uk.gov.gchq.koryphe.impl.predicate.IsInTest.shouldJsonSerialiseAndDeserialise/5.patch,323.74816820502747,TRUE
https://github.com/gchq/Gaffer,f11dbd900273f3928372955266731f8623681f89,core/data,ID,uk.gov.gchq.gaffer.data.elementdefinition.view.ViewUtilTest.shouldCreateAnIdenticalObjectWhenCloned,shouldCreateAnIdenticalObjectWhenCloned,,,,projects/f11dbd900273f3928372955266731f8623681f89/Gaffer/core/data/src/test/java/uk/gov/gchq/gaffer/data/elementdefinition/view/ViewUtilTest.java,,"{0: 'test_failure', 1: 'test_failure'}",8,"{0: 'BUILD SUCCESS', 1: 'BUILD SUCCESS'}","{2: 'CUDA out of memory. Tried to allocate 70.00 MiB. GPU 1 has a total capacity of 23.69 GiB of which 69.19 MiB is free. Process 28475 has 4.92 GiB memory in use. Including non-PyTorch memory, this process has 18.69 GiB memory in use. Of the allocated memory 17.04 GiB is allocated by PyTorch, and 671.38 MiB is reserved by PyTorch but unallocated. If reserved but unallocated memory is large try setting PYTORCH_CUDA_ALLOC_CONF=expandable_segments:True to avoid fragmentation.  See documentation for Memory Management  (https://pytorch.org/docs/stable/notes/cuda.html#environment-variables)'}",outputs/ID_Results_MagicCoder_projects_f2d66308f4c1db153f889ede330de32f2e2817af/all_rounds/Gaffer/f11dbd900273f3928372955266731f8623681f89/core/data/uk.gov.gchq.gaffer.data.elementdefinition.view.ViewUtilTest.shouldCreateAnIdenticalObjectWhenCloned/1.patch,595.5746852570446,TRUE
https://github.com/spring-attic/spring-security-oauth,0344de8cc75055742f638b1e476a646a6f5891d9,spring-security-oauth2,ID,org.springframework.security.oauth2.provider.client.JdbcClientDetailsServiceTests.testUpdateClientRedirectURI,testUpdateClientRedirectURI,RepoArchived,,,projects/0344de8cc75055742f638b1e476a646a6f5891d9/spring-security-oauth/spring-security-oauth2/src/test/java/org/springframework/security/oauth2/provider/client/JdbcClientDetailsServiceTests.java,,"{0: 'test_failure', 1: 'compilation_error', 2: 'compilation_error', 3: 'compilation_error', 4: 'compilation_error', 5: 'compilation_error'}",8,"{0: 'BUILD SUCCESS', 1: 'BUILD FAILURE', 2: 'BUILD FAILURE', 3: 'BUILD FAILURE', 4: 'BUILD FAILURE', 5: 'BUILD FAILURE'}",{},outputs/ID_Results_MagicCoder_projects_f2d66308f4c1db153f889ede330de32f2e2817af/all_rounds/spring-security-oauth/0344de8cc75055742f638b1e476a646a6f5891d9/spring-security-oauth2/org.springframework.security.oauth2.provider.client.JdbcClientDetailsServiceTests.testUpdateClientRedirectURI/5.patch,212.11201607401017,TRUE
https://github.com/codingXiaxw/seckill,fd24d99d232424cd141e64600b277fb8cf3950e2,.,ID,cn.codingxiaxw.dao.cache.RedisDaoTest.getFromRedisOrDb,getFromRedisOrDb,Unmaintained,,last commit on 2020-05-21,projects/fd24d99d232424cd141e64600b277fb8cf3950e2/seckill/src/test/java/cn/codingxiaxw/dao/cache/RedisDaoTest.java,,"{0: 'test_failure', 1: 'build_failure', 2: 'build_failure', 3: 'build_failure', 4: 'build_failure;Stitched:build_failure', 5: 'build_failure'}",8,"{0: 'BUILD SUCCESS', 1: 'BUILD FAILURE', 2: 'BUILD FAILURE', 3: 'BUILD FAILURE', 4: 'BUILD FAILURE;Stitched:BUILD FAILURE', 5: 'BUILD FAILURE'}",{},outputs/ID_Results_MagicCoder_projects_f2d66308f4c1db153f889ede330de32f2e2817af/all_rounds/seckill/fd24d99d232424cd141e64600b277fb8cf3950e2/./cn.codingxiaxw.dao.cache.RedisDaoTest.getFromRedisOrDb/5.patch,173.11102876008954,TRUE
https://github.com/cerner/common-kafka,d7873514c1705575c642ed99d2fa501f9b319790,common-kafka,ID,com.cerner.common.kafka.consumer.ProcessingKafkaConsumerTest.nextRecord_fairProcessing,nextRecord_fairProcessing,,,,projects/d7873514c1705575c642ed99d2fa501f9b319790/common-kafka/common-kafka/src/test/java/com/cerner/common/kafka/consumer/ProcessingKafkaConsumerTest.java,,"{0: 'test_failure', 1: 'Stitched:test_failure', 2: 'Stitched:compilation_error', 3: 'Stitched:compilation_error', 4: 'compilation_error', 5: 'Stitched:compilation_error'}",8,"{0: 'BUILD SUCCESS', 1: 'BUILD SUCCESS', 2: 'BUILD FAILURE', 3: 'BUILD FAILURE', 4: 'BUILD FAILURE', 5: 'BUILD FAILURE'}",{},outputs/ID_Results_MagicCoder_projects_f2d66308f4c1db153f889ede330de32f2e2817af/all_rounds/common-kafka/d7873514c1705575c642ed99d2fa501f9b319790/common-kafka/com.cerner.common.kafka.consumer.ProcessingKafkaConsumerTest.nextRecord_fairProcessing/5.patch,819.5465814030031,TRUE
https://github.com/jenkinsci/jenkins,d2fa87606246e1f1dc1450d7199778343945197e,test,ID,lib.layout.IconTest.testBallColorTd,testBallColorTd,,,,projects/d2fa87606246e1f1dc1450d7199778343945197e/jenkins/test/src/test/java/lib/layout/IconTest.java,,"{0: 'test_failure', 1: 'test_failure', 2: 'build_failure', 3: 'build_failure', 4: 'build_failure', 5: 'build_failure'}",8,"{0: 'BUILD SUCCESS', 1: 'BUILD SUCCESS', 2: 'BUILD FAILURE', 3: 'BUILD FAILURE', 4: 'BUILD FAILURE', 5: 'BUILD FAILURE'}",{},outputs/ID_Results_MagicCoder_projects_f2d66308f4c1db153f889ede330de32f2e2817af/all_rounds/jenkins/d2fa87606246e1f1dc1450d7199778343945197e/test/lib.layout.IconTest.testBallColorTd/5.patch,333.94789256399963,TRUE
https://github.com/eclipse-ee4j/jersey,8105415f9a6356de774c8ffe6ab5dfa77934b69f,inject/cdi2-se,ID,org.glassfish.jersey.inject.cdi.se.DisposableSupplierTest.testDisposeComposedObjectWithPerLookupFields,testDisposeComposedObjectWithPerLookupFields,,,,projects/8105415f9a6356de774c8ffe6ab5dfa77934b69f/jersey/inject/cdi2-se/src/test/java/org/glassfish/jersey/inject/cdi/se/DisposableSupplierTest.java,,"{0: 'test_failure', 1: 'test_failure', 2: 'test_failure', 3: 'test_failure', 4: 'test_failure', 5: 'test_failure'}",8,"{0: 'BUILD SUCCESS', 1: 'BUILD SUCCESS', 2: 'BUILD SUCCESS', 3: 'BUILD SUCCESS', 4: 'BUILD SUCCESS', 5: 'BUILD SUCCESS'}",{},outputs/ID_Results_MagicCoder_projects_f2d66308f4c1db153f889ede330de32f2e2817af/all_rounds/jersey/8105415f9a6356de774c8ffe6ab5dfa77934b69f/inject/cdi2-se/org.glassfish.jersey.inject.cdi.se.DisposableSupplierTest.testDisposeComposedObjectWithPerLookupFields/5.patch,308.4585244660266,TRUE
https://github.com/eclipse-ee4j/jersey,8105415f9a6356de774c8ffe6ab5dfa77934b69f,inject/hk2,ID,org.glassfish.jersey.inject.hk2.DisposableSupplierTest.testDisposeComposedObjectWithPerLookupFields,testDisposeComposedObjectWithPerLookupFields,,,,projects/8105415f9a6356de774c8ffe6ab5dfa77934b69f/jersey/inject/hk2/src/test/java/org/glassfish/jersey/inject/hk2/DisposableSupplierTest.java,,"{0: 'test_failure', 1: 'test_failure', 2: 'test_failure', 3: 'test_failure', 4: 'test_failure', 5: 'test_failure'}",8,"{0: 'BUILD SUCCESS', 1: 'BUILD SUCCESS', 2: 'BUILD SUCCESS', 3: 'BUILD SUCCESS', 4: 'BUILD SUCCESS', 5: 'BUILD SUCCESS'}",{},outputs/ID_Results_MagicCoder_projects_f2d66308f4c1db153f889ede330de32f2e2817af/all_rounds/jersey/8105415f9a6356de774c8ffe6ab5dfa77934b69f/inject/hk2/org.glassfish.jersey.inject.hk2.DisposableSupplierTest.testDisposeComposedObjectWithPerLookupFields/5.patch,310.3002600030741,TRUE
https://github.com/eclipse-ee4j/jersey,8105415f9a6356de774c8ffe6ab5dfa77934b69f,incubator/cdi-inject-weld,ID,org.glassfish.jersey.inject.weld.internal.injector.CachedConstructorAnalyzerTest.testBothAnnotatedConstructor,testBothAnnotatedConstructor,,,,projects/8105415f9a6356de774c8ffe6ab5dfa77934b69f/jersey/incubator/cdi-inject-weld/src/test/java/org/glassfish/jersey/inject/weld/internal/injector/CachedConstructorAnalyzerTest.java,,"{0: 'test_failure', 1: 'compilation_error', 2: 'compilation_error', 3: 'Stitched:compilation_error', 4: 'Stitched:compilation_error', 5: 'compilation_error'}",8,"{0: 'BUILD SUCCESS', 1: 'BUILD FAILURE', 2: 'BUILD FAILURE', 3: 'BUILD FAILURE', 4: 'BUILD FAILURE', 5: 'BUILD FAILURE'}",{},outputs/ID_Results_MagicCoder_projects_f2d66308f4c1db153f889ede330de32f2e2817af/all_rounds/jersey/8105415f9a6356de774c8ffe6ab5dfa77934b69f/incubator/cdi-inject-weld/org.glassfish.jersey.inject.weld.internal.injector.CachedConstructorAnalyzerTest.testBothAnnotatedConstructor/5.patch,193.5713928740006,TRUE
https://github.com/eclipse-ee4j/jersey,8105415f9a6356de774c8ffe6ab5dfa77934b69f,incubator/declarative-linking,ID,org.glassfish.jersey.linking.integration.LinkingTest.orderContainsProvidedLinks,orderContainsProvidedLinks,,,,projects/8105415f9a6356de774c8ffe6ab5dfa77934b69f/jersey/incubator/declarative-linking/src/test/java/org/glassfish/jersey/linking/integration/LinkingTest.java,,"{0: 'test_failure', 1: 'test_failure', 2: 'test_failure', 3: 'test_failure', 4: 'Stitched:compilation_error', 5: 'compilation_error'}",8,"{0: 'BUILD SUCCESS', 1: 'BUILD SUCCESS', 2: 'BUILD SUCCESS', 3: 'BUILD SUCCESS', 4: 'BUILD FAILURE', 5: 'BUILD FAILURE'}",{},outputs/ID_Results_MagicCoder_projects_f2d66308f4c1db153f889ede330de32f2e2817af/all_rounds/jersey/8105415f9a6356de774c8ffe6ab5dfa77934b69f/incubator/declarative-linking/org.glassfish.jersey.linking.integration.LinkingTest.orderContainsProvidedLinks/5.patch,305.5860619120067,TRUE
https://github.com/eclipse-ee4j/jersey,8105415f9a6356de774c8ffe6ab5dfa77934b69f,tests/e2e,ID,org.glassfish.jersey.tests.e2e.server.wadl.NoJAXBNoWadlTest.testOptionsNoWadl,testOptionsNoWadl,,,,projects/8105415f9a6356de774c8ffe6ab5dfa77934b69f/jersey/tests/e2e/src/test/java/org/glassfish/jersey/tests/e2e/server/wadl/NoJAXBNoWadlTest.java,,"{0: 'test_failure', 1: 'test_failure', 2: 'test_failure', 3: 'test_failure', 4: 'Stitched:test_failure', 5: 'test_failure'}",8,"{0: 'BUILD SUCCESS', 1: 'BUILD SUCCESS', 2: 'BUILD SUCCESS', 3: 'BUILD SUCCESS', 4: 'BUILD SUCCESS', 5: 'BUILD SUCCESS'}",{},outputs/ID_Results_MagicCoder_projects_f2d66308f4c1db153f889ede330de32f2e2817af/all_rounds/jersey/8105415f9a6356de774c8ffe6ab5dfa77934b69f/tests/e2e/org.glassfish.jersey.tests.e2e.server.wadl.NoJAXBNoWadlTest.testOptionsNoWadl/5.patch,523.8243481949903,TRUE
https://github.com/sonatype-nexus-community/nexus-repository-helm,60a9e8de0d97bfa4e3f7ee6bb87d518e398f03f2,.,ID,org.sonatype.repository.helm.internal.util.YamlParserTest.testWriteIndexYaml,testWriteIndexYaml,RepoArchived,,,projects/60a9e8de0d97bfa4e3f7ee6bb87d518e398f03f2/nexus-repository-helm/src/test/java/org/sonatype/repository/helm/internal/util/YamlParserTest.java,,"{0: 'test_failure', 1: 'Stitched:test_failure', 2: 'test_failure', 3: 'test_failure', 4: 'test_failure', 5: 'Stitched:test_failure'}",8,"{0: 'BUILD SUCCESS', 1: 'BUILD SUCCESS', 2: 'BUILD SUCCESS', 3: 'BUILD SUCCESS', 4: 'BUILD SUCCESS', 5: 'BUILD SUCCESS'}",{},outputs/ID_Results_MagicCoder_projects_f2d66308f4c1db153f889ede330de32f2e2817af/all_rounds/nexus-repository-helm/60a9e8de0d97bfa4e3f7ee6bb87d518e398f03f2/./org.sonatype.repository.helm.internal.util.YamlParserTest.testWriteIndexYaml/5.patch,311.01756341196597,TRUE
https://github.com/Huawei/vCenter_Plugin_DME,fa077ef3c8ee052afc01084bc5aaae7c3b4518a4,dmestore-service,ID,com.huawei.dmestore.services.VmfsAccessServiceTest.unmountVmfs,unmountVmfs,,,,projects/fa077ef3c8ee052afc01084bc5aaae7c3b4518a4/vCenter_Plugin_DME/dmestore-service/src/test/java/com/huawei/dmestore/services/VmfsAccessServiceTest.java,,"{0: 'test_failure', 1: 'test_failure', 2: 'compilation_error', 3: 'Stitched:compilation_error', 4: 'compilation_error', 5: 'Stitched:compilation_error'}",8,"{0: 'BUILD SUCCESS', 1: 'BUILD SUCCESS', 2: 'BUILD FAILURE', 3: 'BUILD FAILURE', 4: 'BUILD FAILURE', 5: 'BUILD FAILURE'}",{},outputs/ID_Results_MagicCoder_projects_f2d66308f4c1db153f889ede330de32f2e2817af/all_rounds/vCenter_Plugin_DME/fa077ef3c8ee052afc01084bc5aaae7c3b4518a4/dmestore-service/com.huawei.dmestore.services.VmfsAccessServiceTest.unmountVmfs/5.patch,220.20155362703372,TRUE
https://github.com/thinkaurelius/titan,ee226e52415b8bf43b700afac75fa5b9767993a5,titan-test,ID,com.thinkaurelius.titan.graphdb.attribute.GeoshapeTest.testGeoJsonSerialization,testGeoJsonSerialization,,,,projects/ee226e52415b8bf43b700afac75fa5b9767993a5/titan/titan-test/src/test/java/com/thinkaurelius/titan/graphdb/attribute/GeoshapeTest.java,,"{0: 'test_failure', 1: 'Stitched:compilation_error;Stitched:compilation_error', 2: 'Stitched:compilation_error;Stitched:compilation_error', 3: 'compilation_error', 4: 'Stitched:compilation_error;Stitched:compilation_error', 5: 'Stitched:compilation_error;Stitched:compilation_error'}",8,"{0: 'BUILD SUCCESS', 1: 'BUILD FAILURE;Stitched:BUILD FAILURE', 2: 'BUILD FAILURE;Stitched:BUILD FAILURE', 3: 'BUILD FAILURE', 4: 'BUILD FAILURE;Stitched:BUILD FAILURE', 5: 'BUILD FAILURE;Stitched:BUILD FAILURE'}",{},outputs/ID_Results_MagicCoder_projects_f2d66308f4c1db153f889ede330de32f2e2817af/all_rounds/titan/ee226e52415b8bf43b700afac75fa5b9767993a5/titan-test/com.thinkaurelius.titan.graphdb.attribute.GeoshapeTest.testGeoJsonSerialization/5.patch,339.4568603649968,TRUE
https://github.com/c2mon/c2mon,d80687b119c713dd177a58cf53a997d8cc5ca264,c2mon-server/c2mon-server-elasticsearch,ID,cern.c2mon.server.elasticsearch.ElasticsearchModuleIntegrationTest.testModuleStartup,testModuleStartup,Deleted,,https://github.com/c2mon/c2mon/commit/1b5dcd2a49aef3aa06d86ea2fee441448bd3c85b,projects/d80687b119c713dd177a58cf53a997d8cc5ca264/c2mon/c2mon-server/c2mon-server-elasticsearch/src/test/java/cern/c2mon/server/elasticsearch/ElasticsearchModuleIntegrationTest.java,,"{0: 'test_failure', 1: 'build_failure', 2: 'build_failure', 3: 'build_failure', 4: 'build_failure', 5: 'build_failure'}",8,"{0: 'BUILD SUCCESS', 1: 'BUILD FAILURE', 2: 'BUILD FAILURE', 3: 'BUILD FAILURE', 4: 'BUILD FAILURE', 5: 'BUILD FAILURE'}",{},outputs/ID_Results_MagicCoder_projects_f2d66308f4c1db153f889ede330de32f2e2817af/all_rounds/c2mon/d80687b119c713dd177a58cf53a997d8cc5ca264/c2mon-server/c2mon-server-elasticsearch/cern.c2mon.server.elasticsearch.ElasticsearchModuleIntegrationTest.testModuleStartup/5.patch,133.98613633203786,TRUE
https://github.com/vmware/admiral,e4b02936cc7d4ff2714e7231db0c4373ba5d48a2,adapter/kubernetes,ID,com.vmware.admiral.adapter.pks.service.KubeConfigContentServiceTest.testGetKubeConfigWithBearerToken,testGetKubeConfigWithBearerToken,RepoArchived,,,projects/e4b02936cc7d4ff2714e7231db0c4373ba5d48a2/admiral/adapter/kubernetes/src/test/java/com/vmware/admiral/adapter/pks/service/KubeConfigContentServiceTest.java,,"{0: 'test_failure', 1: 'Stitched:test_failure', 2: 'test_failure', 3: 'test_failure', 4: 'test_failure', 5: 'test_failure'}",8,"{0: 'BUILD SUCCESS', 1: 'BUILD SUCCESS', 2: 'BUILD SUCCESS', 3: 'BUILD SUCCESS', 4: 'BUILD SUCCESS', 5: 'BUILD SUCCESS'}",{},outputs/ID_Results_MagicCoder_projects_f2d66308f4c1db153f889ede330de32f2e2817af/all_rounds/admiral/e4b02936cc7d4ff2714e7231db0c4373ba5d48a2/adapter/kubernetes/com.vmware.admiral.adapter.pks.service.KubeConfigContentServiceTest.testGetKubeConfigWithBearerToken/5.patch,349.4728971120203,TRUE
https://github.com/vmware/admiral,e4b02936cc7d4ff2714e7231db0c4373ba5d48a2,compute,ID,com.vmware.admiral.compute.content.kubernetes.KubernetesUtilTest.testMapApplicationSuffix,testMapApplicationSuffix,RepoArchived,,,projects/e4b02936cc7d4ff2714e7231db0c4373ba5d48a2/admiral/compute/src/test/java/com/vmware/admiral/compute/content/kubernetes/KubernetesUtilTest.java,,"{0: 'test_failure', 1: 'test_failure', 2: 'Stitched:test_failure', 3: 'test_failure', 4: 'test_failure', 5: 'test_failure'}",8,"{0: 'BUILD SUCCESS', 1: 'BUILD SUCCESS', 2: 'BUILD SUCCESS', 3: 'BUILD SUCCESS', 4: 'BUILD SUCCESS', 5: 'BUILD SUCCESS'}",{},outputs/ID_Results_MagicCoder_projects_f2d66308f4c1db153f889ede330de32f2e2817af/all_rounds/admiral/e4b02936cc7d4ff2714e7231db0c4373ba5d48a2/compute/com.vmware.admiral.compute.content.kubernetes.KubernetesUtilTest.testMapApplicationSuffix/5.patch,218.4942642,TRUE
https://github.com/vmware/admiral,e4b02936cc7d4ff2714e7231db0c4373ba5d48a2,request,ID,com.vmware.admiral.request.util.LongURIGetServiceTest.testBadRequest,testBadRequest,RepoArchived,,,projects/e4b02936cc7d4ff2714e7231db0c4373ba5d48a2/admiral/request/src/test/java/com/vmware/admiral/request/util/LongURIGetServiceTest.java,,"{0: 'test_failure', 1: 'test_failure', 2: 'compilation_error', 3: 'compilation_error', 4: 'compilation_error', 5: 'compilation_error'}",8,"{0: 'BUILD SUCCESS', 1: 'BUILD SUCCESS', 2: 'BUILD FAILURE', 3: 'BUILD FAILURE', 4: 'BUILD FAILURE', 5: 'BUILD FAILURE'}",{},outputs/ID_Results_MagicCoder_projects_f2d66308f4c1db153f889ede330de32f2e2817af/all_rounds/admiral/e4b02936cc7d4ff2714e7231db0c4373ba5d48a2/request/com.vmware.admiral.request.util.LongURIGetServiceTest.testBadRequest/5.patch,234.25613531307317,TRUE
https://github.com/orbit/orbit,c4904af2f3745fea93871493edd7e09348e77768,actors/test/actor-tests,ID,cloud.orbit.actors.test.GenericActorStateTest.testGenericStateActor,testGenericStateActor,Deleted,,,projects/c4904af2f3745fea93871493edd7e09348e77768/orbit/actors/test/actor-tests/src/test/java/cloud/orbit/actors/test/GenericActorStateTest.java,,"{0: 'test_failure', 1: 'test_failure', 2: 'compilation_error;Stitched:compilation_error', 3: 'Stitched:test_failure', 4: 'test_failure', 5: 'test_failure'}",8,"{0: 'BUILD SUCCESS', 1: 'BUILD SUCCESS', 2: 'BUILD FAILURE;Stitched:BUILD FAILURE', 3: 'BUILD SUCCESS', 4: 'BUILD SUCCESS', 5: 'BUILD SUCCESS'}",{},outputs/ID_Results_MagicCoder_projects_f2d66308f4c1db153f889ede330de32f2e2817af/all_rounds/orbit/c4904af2f3745fea93871493edd7e09348e77768/actors/test/actor-tests/cloud.orbit.actors.test.GenericActorStateTest.testGenericStateActor/5.patch,229.62311471591238,TRUE
https://github.com/authorjapps/zerocode,6ef5f20eaff6a8bad3713b4aee6a482cdbd6e256,core,ID,org.jsmart.zerocode.core.httpclient.BasicHttpClientTest.createRequestBuilder,createRequestBuilder,,,,projects/6ef5f20eaff6a8bad3713b4aee6a482cdbd6e256/zerocode/core/src/test/java/org/jsmart/zerocode/core/httpclient/BasicHttpClientTest.java,,"{0: 'test_failure', 1: 'test_failure', 2: 'Stitched:compilation_error', 3: 'Stitched:compilation_error', 4: 'compilation_error', 5: 'compilation_error;Stitched:compilation_error'}",8,"{0: 'BUILD SUCCESS', 1: 'BUILD SUCCESS', 2: 'BUILD FAILURE', 3: 'BUILD FAILURE', 4: 'BUILD FAILURE', 5: 'BUILD FAILURE;Stitched:BUILD FAILURE'}",{},outputs/ID_Results_MagicCoder_projects_f2d66308f4c1db153f889ede330de32f2e2817af/all_rounds/zerocode/6ef5f20eaff6a8bad3713b4aee6a482cdbd6e256/core/org.jsmart.zerocode.core.httpclient.BasicHttpClientTest.createRequestBuilder/5.patch,290.60927713499404,TRUE
https://github.com/AxonFramework/AxonFramework,e9809cbd5bb1f32b39d9e7408de1c8c395411350,messaging,ID,org.axonframework.messaging.annotation.AnnotatedMessageHandlingMemberTest.attributeReturnsNonEmptyOptionalForMatchingAttributeKey,attributeReturnsNonEmptyOptionalForMatchingAttributeKey,,,,projects/e9809cbd5bb1f32b39d9e7408de1c8c395411350/AxonFramework/messaging/src/test/java/org/axonframework/messaging/annotation/AnnotatedMessageHandlingMemberTest.java,,"{0: 'test_failure', 1: 'compilation_error', 2: 'Stitched:compilation_error;Stitched:compilation_error', 3: 'Stitched:compilation_error', 4: 'Stitched:compilation_error', 5: 'Stitched:compilation_error'}",8,"{0: 'BUILD SUCCESS', 1: 'BUILD FAILURE', 2: 'BUILD FAILURE;Stitched:BUILD FAILURE', 3: 'BUILD FAILURE', 4: 'BUILD FAILURE', 5: 'BUILD FAILURE'}",{},outputs/ID_Results_MagicCoder_projects_f2d66308f4c1db153f889ede330de32f2e2817af/all_rounds/AxonFramework/e9809cbd5bb1f32b39d9e7408de1c8c395411350/messaging/org.axonframework.messaging.annotation.AnnotatedMessageHandlingMemberTest.attributeReturnsNonEmptyOptionalForMatchingAttributeKey/5.patch,266.5453067769995,TRUE
https://github.com/eBay/jsonex,83cd2edafbca4438abee6542162ab206ad3fedd8,core,ID,org.jsonex.core.util.ClassUtilTest.testGetProperties,testGetProperties,MovedOrRenamed,,https://github.com/TestingResearchIllinois/idoft/issues/554,projects/83cd2edafbca4438abee6542162ab206ad3fedd8/jsonex/core/src/test/java/org/jsonex/core/util/ClassUtilTest.java,,"{0: 'test_failure', 1: 'test_failure', 2: 'Stitched:test_failure', 3: 'test_failure', 4: 'test_failure', 5: 'Stitched:test_failure'}",8,"{0: 'BUILD SUCCESS', 1: 'BUILD SUCCESS', 2: 'BUILD SUCCESS', 3: 'BUILD SUCCESS', 4: 'BUILD SUCCESS', 5: 'BUILD SUCCESS'}",{},outputs/ID_Results_MagicCoder_projects_f2d66308f4c1db153f889ede330de32f2e2817af/all_rounds/jsonex/83cd2edafbca4438abee6542162ab206ad3fedd8/core/org.jsonex.core.util.ClassUtilTest.testGetProperties/5.patch,594.3643200609367,TRUE
https://github.com/jdereg/java-util,245458a912e04bf85116b10f240e7b4be217cd4f,.,ID,com.cedarsoftware.util.TestGraphComparator.testNewArrayElement,testNewArrayElement,,,,projects/245458a912e04bf85116b10f240e7b4be217cd4f/java-util/src/test/java/com/cedarsoftware/util/TestGraphComparator.java,,"{0: 'test_failure', 1: 'Stitched:test_failure', 2: 'test_failure', 3: 'test_failure', 4: 'test_failure', 5: 'pom_error;Stitched:pom_error'}",8,"{0: 'BUILD SUCCESS', 1: 'BUILD SUCCESS', 2: 'BUILD SUCCESS', 3: 'BUILD SUCCESS', 4: 'BUILD SUCCESS', 5: 'BUILD FAILURE;Stitched:BUILD FAILURE'}",{},outputs/ID_Results_MagicCoder_projects_f2d66308f4c1db153f889ede330de32f2e2817af/all_rounds/java-util/245458a912e04bf85116b10f240e7b4be217cd4f/./com.cedarsoftware.util.TestGraphComparator.testNewArrayElement/5.patch,458.14622441201936,TRUE
https://github.com/jdereg/json-io,f8958ef52bbdc94f8aed7d98c96d2775200ec7e7,.,ID,com.cedarsoftware.util.io.AtomicIntegerTest.testAssignAtomicInteger,testAssignAtomicInteger,,,,projects/f8958ef52bbdc94f8aed7d98c96d2775200ec7e7/json-io/src/test/java/com/cedarsoftware/util/io/AtomicIntegerTest.java,,"{0: 'test_failure', 1: 'test_failure', 2: 'compilation_error;Stitched:compilation_error', 3: 'Stitched:compilation_error;Stitched:compilation_error', 4: 'compilation_error', 5: 'compilation_error;Stitched:compilation_error'}",8,"{0: 'BUILD SUCCESS', 1: 'BUILD SUCCESS', 2: 'BUILD FAILURE;Stitched:BUILD FAILURE', 3: 'BUILD FAILURE;Stitched:BUILD FAILURE', 4: 'BUILD FAILURE', 5: 'BUILD FAILURE;Stitched:BUILD FAILURE'}",{},outputs/ID_Results_MagicCoder_projects_f2d66308f4c1db153f889ede330de32f2e2817af/all_rounds/json-io/f8958ef52bbdc94f8aed7d98c96d2775200ec7e7/./com.cedarsoftware.util.io.AtomicIntegerTest.testAssignAtomicInteger/5.patch,255.4778054880444,TRUE
https://github.com/orika-mapper/orika,27dd4c4666f2c559c0ef84d18221cf104b1f699c,core,ID,ma.glasnost.orika.test.generator.BeanToArrayGenerationTestCase.testBeanToStringArrayGeneration,testBeanToStringArrayGeneration,,,,projects/27dd4c4666f2c559c0ef84d18221cf104b1f699c/orika/core/src/test/java/ma/glasnost/orika/test/generator/BeanToArrayGenerationTestCase.java,outputs/ID_Results_MagicCoder_projects_f2d66308f4c1db153f889ede330de32f2e2817af/GoodPatches/orika/27dd4c4666f2c559c0ef84d18221cf104b1f699c/core/ma.glasnost.orika.test.generator.BeanToArrayGenerationTestCase.testBeanToStringArrayGeneration/1.patch,"{0: 'test_failure', 1: 'test_pass'}",8,"{0: 'BUILD SUCCESS', 1: 'BUILD SUCCESS'}",{},outputs/ID_Results_MagicCoder_projects_f2d66308f4c1db153f889ede330de32f2e2817af/all_rounds/orika/27dd4c4666f2c559c0ef84d18221cf104b1f699c/core/ma.glasnost.orika.test.generator.BeanToArrayGenerationTestCase.testBeanToStringArrayGeneration/1.patch,100.57400420599151,TRUE
https://github.com/wkeyuan/DWSurvey,27728f3255af3e4a07521c3e94ea73af3de62cd0,.,ID,net.diaowen.dwsurvey.DwsurveyApplicationTests.contextLoads,contextLoads,,,,projects/27728f3255af3e4a07521c3e94ea73af3de62cd0/DWSurvey/src/test/java/net/diaowen/dwsurvey/DwsurveyApplicationTests.java,,"{0: 'test_failure', 1: 'test_failure', 2: 'test_failure', 3: 'test_failure', 4: 'test_failure', 5: 'test_failure'}",8,"{0: 'BUILD SUCCESS', 1: 'BUILD SUCCESS', 2: 'BUILD SUCCESS', 3: 'BUILD SUCCESS', 4: 'BUILD SUCCESS', 5: 'BUILD SUCCESS'}",{},outputs/ID_Results_MagicCoder_projects_f2d66308f4c1db153f889ede330de32f2e2817af/all_rounds/DWSurvey/27728f3255af3e4a07521c3e94ea73af3de62cd0/./net.diaowen.dwsurvey.DwsurveyApplicationTests.contextLoads/5.patch,296.6093859,TRUE
https://github.com/abel533/Mapper,1764748eedb2f320a0d1c43cb4f928c4ccb1f2f5,core,ID,tk.mybatis.mapper.annotation.IdTest.testCompositeKeys,testCompositeKeys,Opened,https://github.com/abel533/Mapper/pull/896,Accepted in the PR https://github.com/abel533/Mapper/pull/666 but later reverted in the commit https://github.com/abel533/Mapper/commit/79d313a7ca6cba6c5d5323746fb83ed5744180a1,projects/1764748eedb2f320a0d1c43cb4f928c4ccb1f2f5/Mapper/core/src/test/java/tk/mybatis/mapper/annotation/IdTest.java,,"{0: 'test_failure', 1: 'build_failure', 2: 'build_failure', 3: 'Stitched:build_failure', 4: 'build_failure', 5: 'build_failure'}",8,"{0: 'BUILD SUCCESS', 1: 'BUILD FAILURE', 2: 'BUILD FAILURE', 3: 'BUILD FAILURE', 4: 'BUILD FAILURE', 5: 'BUILD FAILURE'}",{},outputs/ID_Results_MagicCoder_projects_f2d66308f4c1db153f889ede330de32f2e2817af/all_rounds/Mapper/1764748eedb2f320a0d1c43cb4f928c4ccb1f2f5/core/tk.mybatis.mapper.annotation.IdTest.testCompositeKeys/5.patch,314.49097681907006,TRUE
https://github.com/abel533/Mapper,1764748eedb2f320a0d1c43cb4f928c4ccb1f2f5,core,ID,tk.mybatis.mapper.mapperhelper.ComplexEntityTest.test,test,Opened,https://github.com/abel533/Mapper/pull/896,Accepted in the PR https://github.com/abel533/Mapper/pull/666 but later reverted in the commit https://github.com/abel533/Mapper/commit/79d313a7ca6cba6c5d5323746fb83ed5744180a1,projects/1764748eedb2f320a0d1c43cb4f928c4ccb1f2f5/Mapper/core/src/test/java/tk/mybatis/mapper/mapperhelper/ComplexEntityTest.java,,"{0: 'test_failure', 1: 'Stitched:compilation_error', 2: 'compilation_error', 3: 'compilation_error', 4: 'compilation_error', 5: 'compilation_error'}",8,"{0: 'BUILD SUCCESS', 1: 'BUILD FAILURE', 2: 'BUILD FAILURE', 3: 'BUILD FAILURE', 4: 'BUILD FAILURE', 5: 'BUILD FAILURE'}",{},outputs/ID_Results_MagicCoder_projects_f2d66308f4c1db153f889ede330de32f2e2817af/all_rounds/Mapper/1764748eedb2f320a0d1c43cb4f928c4ccb1f2f5/core/tk.mybatis.mapper.mapperhelper.ComplexEntityTest.test/5.patch,560.7160690459423,TRUE
https://github.com/abel533/Mapper,1764748eedb2f320a0d1c43cb4f928c4ccb1f2f5,core,ID,tk.mybatis.mapper.mapperhelper.SqlHelperTest.testLogicDeleteSql,testLogicDeleteSql,Opened,https://github.com/abel533/Mapper/pull/896,Accepted in the PR https://github.com/abel533/Mapper/pull/666 but later reverted in the commit https://github.com/abel533/Mapper/commit/79d313a7ca6cba6c5d5323746fb83ed5744180a1,projects/1764748eedb2f320a0d1c43cb4f928c4ccb1f2f5/Mapper/core/src/test/java/tk/mybatis/mapper/mapperhelper/SqlHelperTest.java,,"{0: 'test_failure', 1: 'test_failure', 2: 'test_failure', 3: 'test_failure', 4: 'test_failure', 5: 'test_failure'}",8,"{0: 'BUILD SUCCESS', 1: 'BUILD SUCCESS', 2: 'BUILD SUCCESS', 3: 'BUILD SUCCESS', 4: 'BUILD SUCCESS', 5: 'BUILD SUCCESS'}",{},outputs/ID_Results_MagicCoder_projects_f2d66308f4c1db153f889ede330de32f2e2817af/all_rounds/Mapper/1764748eedb2f320a0d1c43cb4f928c4ccb1f2f5/core/tk.mybatis.mapper.mapperhelper.SqlHelperTest.testLogicDeleteSql/5.patch,273.5435320120305,TRUE
https://github.com/abel533/Mapper,1764748eedb2f320a0d1c43cb4f928c4ccb1f2f5,core,ID,tk.mybatis.mapper.mapperhelper.FieldHelperTest.testComplex,testComplex,Opened,https://github.com/abel533/Mapper/pull/896,Accepted in the PR https://github.com/abel533/Mapper/pull/666 but later reverted in the commit https://github.com/abel533/Mapper/commit/79d313a7ca6cba6c5d5323746fb83ed5744180a1,projects/1764748eedb2f320a0d1c43cb4f928c4ccb1f2f5/Mapper/core/src/test/java/tk/mybatis/mapper/mapperhelper/FieldHelperTest.java,,"{0: 'test_failure', 1: 'compilation_error', 2: 'compilation_error', 3: 'build_failure', 4: 'build_failure', 5: 'build_failure'}",8,"{0: 'BUILD SUCCESS', 1: 'BUILD FAILURE', 2: 'BUILD FAILURE', 3: 'BUILD FAILURE', 4: 'BUILD FAILURE', 5: 'BUILD FAILURE'}",{},outputs/ID_Results_MagicCoder_projects_f2d66308f4c1db153f889ede330de32f2e2817af/all_rounds/Mapper/1764748eedb2f320a0d1c43cb4f928c4ccb1f2f5/core/tk.mybatis.mapper.mapperhelper.FieldHelperTest.testComplex/5.patch,171.04897300200537,TRUE
https://github.com/abel533/Mapper,1764748eedb2f320a0d1c43cb4f928c4ccb1f2f5,core,ID,tk.mybatis.mapper.mapperhelper.FieldHelperTest.testUser,testUser,Opened,https://github.com/abel533/Mapper/pull/896,Accepted in the PR https://github.com/abel533/Mapper/pull/666 but later reverted in the commit https://github.com/abel533/Mapper/commit/79d313a7ca6cba6c5d5323746fb83ed5744180a1,projects/1764748eedb2f320a0d1c43cb4f928c4ccb1f2f5/Mapper/core/src/test/java/tk/mybatis/mapper/mapperhelper/FieldHelperTest.java,outputs/ID_Results_MagicCoder_projects_f2d66308f4c1db153f889ede330de32f2e2817af/GoodPatches/Mapper/1764748eedb2f320a0d1c43cb4f928c4ccb1f2f5/core/tk.mybatis.mapper.mapperhelper.FieldHelperTest.testUser/1.patch,"{0: 'test_failure', 1: 'test_pass'}",8,"{0: 'BUILD SUCCESS', 1: 'BUILD SUCCESS'}",{},outputs/ID_Results_MagicCoder_projects_f2d66308f4c1db153f889ede330de32f2e2817af/all_rounds/Mapper/1764748eedb2f320a0d1c43cb4f928c4ccb1f2f5/core/tk.mybatis.mapper.mapperhelper.FieldHelperTest.testUser/1.patch,41.33272417599801,TRUE
https://github.com/alibaba/jetcache,d28019640ac3eb6ac167dd0dc582adac7656226e,jetcache-test,ID,com.alicp.jetcache.anno.support.ConfigProvider_CacheMessagePublisher_Test.test,test,Accepted,https://github.com/alibaba/jetcache/pull/614,,projects/d28019640ac3eb6ac167dd0dc582adac7656226e/jetcache/jetcache-test/src/test/java/com/alicp/jetcache/anno/support/ConfigProvider_CacheMessagePublisher_Test.java,outputs/ID_Results_MagicCoder_projects_f2d66308f4c1db153f889ede330de32f2e2817af/GoodPatches/jetcache/d28019640ac3eb6ac167dd0dc582adac7656226e/jetcache-test/com.alicp.jetcache.anno.support.ConfigProvider_CacheMessagePublisher_Test.test/2.patch,"{0: 'test_failure', 1: 'test_failure', 2: 'Stitched:test_pass'}",8,"{0: 'BUILD SUCCESS', 1: 'BUILD SUCCESS', 2: 'BUILD SUCCESS'}",{},outputs/ID_Results_MagicCoder_projects_f2d66308f4c1db153f889ede330de32f2e2817af/all_rounds/jetcache/d28019640ac3eb6ac167dd0dc582adac7656226e/jetcache-test/com.alicp.jetcache.anno.support.ConfigProvider_CacheMessagePublisher_Test.test/2.patch,107.95327023998834,TRUE
https://github.com/alibaba/fastjson,e05e9c5e4be580691cc55a59f3256595393203a1,.,ID,com.alibaba.json.bvt.asm.SortFieldTest.test_1,test_1,Opened,https://github.com/alibaba/fastjson/pull/3525,https://github.com/TestingResearchIllinois/idoft/issues/2,projects/e05e9c5e4be580691cc55a59f3256595393203a1/fastjson/src/test/java/com/alibaba/json/bvt/asm/SortFieldTest.java,,"{0: 'test_failure', 1: 'test_failure', 2: 'test_failure', 3: 'test_failure', 4: 'test_failure', 5: 'test_failure'}",8,"{0: 'BUILD SUCCESS', 1: 'BUILD SUCCESS', 2: 'BUILD SUCCESS', 3: 'BUILD SUCCESS', 4: 'BUILD SUCCESS', 5: 'BUILD SUCCESS'}",{},outputs/ID_Results_MagicCoder_projects_f2d66308f4c1db153f889ede330de32f2e2817af/all_rounds/fastjson/e05e9c5e4be580691cc55a59f3256595393203a1/./com.alibaba.json.bvt.asm.SortFieldTest.test_1/5.patch,556.0931077169953,TRUE
https://github.com/alibaba/fastjson,e05e9c5e4be580691cc55a59f3256595393203a1,.,ID,com.alibaba.json.bvt.issue_1300.Issue1363.test_for_issue,test_for_issue,Opened,https://github.com/alibaba/fastjson/pull/3522,https://github.com/TestingResearchIllinois/idoft/issues/3,projects/e05e9c5e4be580691cc55a59f3256595393203a1/fastjson/src/test/java/com/alibaba/json/bvt/issue_1300/Issue1363.java,,"{0: 'test_failure', 1: 'compilation_error', 2: 'compilation_error', 3: 'compilation_error', 4: 'Stitched:compilation_error', 5: 'compilation_error'}",8,"{0: 'BUILD SUCCESS', 1: 'BUILD FAILURE', 2: 'BUILD FAILURE', 3: 'BUILD FAILURE', 4: 'BUILD FAILURE', 5: 'BUILD FAILURE'}",{},outputs/ID_Results_MagicCoder_projects_f2d66308f4c1db153f889ede330de32f2e2817af/all_rounds/fastjson/e05e9c5e4be580691cc55a59f3256595393203a1/./com.alibaba.json.bvt.issue_1300.Issue1363.test_for_issue/5.patch,247.19786994089372,TRUE
https://github.com/alibaba/fastjson,e05e9c5e4be580691cc55a59f3256595393203a1,.,ID,com.alibaba.json.bvt.issue_1300.Issue1363.test_for_issue_1,test_for_issue_1,Opened,https://github.com/alibaba/fastjson/pull/3522,https://github.com/TestingResearchIllinois/idoft/issues/3,projects/e05e9c5e4be580691cc55a59f3256595393203a1/fastjson/src/test/java/com/alibaba/json/bvt/issue_1300/Issue1363.java,,"{0: 'test_failure', 1: 'compilation_error', 2: 'compilation_error', 3: 'compilation_error', 4: 'Stitched:compilation_error', 5: 'compilation_error'}",8,"{0: 'BUILD SUCCESS', 1: 'BUILD FAILURE', 2: 'BUILD FAILURE', 3: 'BUILD FAILURE', 4: 'BUILD FAILURE', 5: 'BUILD FAILURE'}",{},outputs/ID_Results_MagicCoder_projects_f2d66308f4c1db153f889ede330de32f2e2817af/all_rounds/fastjson/e05e9c5e4be580691cc55a59f3256595393203a1/./com.alibaba.json.bvt.issue_1300.Issue1363.test_for_issue_1/5.patch,529.1285183429718,TRUE
https://github.com/alibaba/jetcache,d28019640ac3eb6ac167dd0dc582adac7656226e,jetcache-test,ID,com.alicp.jetcache.embedded.CaffeineCacheTest.test,test,Accepted,https://github.com/alibaba/jetcache/pull/446,,projects/d28019640ac3eb6ac167dd0dc582adac7656226e/jetcache/jetcache-test/src/test/java/com/alicp/jetcache/embedded/CaffeineCacheTest.java,,"{0: 'test_failure', 1: 'Stitched:test_failure', 2: 'compilation_error'}",8,"{0: 'BUILD SUCCESS', 1: 'BUILD SUCCESS', 2: 'BUILD FAILURE'}",{3: 'TimesUpError'},outputs/ID_Results_MagicCoder_projects_f2d66308f4c1db153f889ede330de32f2e2817af/all_rounds/jetcache/d28019640ac3eb6ac167dd0dc582adac7656226e/jetcache-test/com.alicp.jetcache.embedded.CaffeineCacheTest.test/2.patch,689.7532961020479,TRUE
https://github.com/alibaba/fastjson,e05e9c5e4be580691cc55a59f3256595393203a1,.,ID,com.alibaba.json.bvt.guava.ArrayListMultimapTest.test_for_multimap,test_for_multimap,Accepted,https://github.com/alibaba/fastjson/pull/3502,,projects/e05e9c5e4be580691cc55a59f3256595393203a1/fastjson/src/test/java/com/alibaba/json/bvt/guava/ArrayListMultimapTest.java,,"{0: 'test_failure', 1: 'test_failure', 2: 'test_failure', 3: 'compilation_error', 4: 'Stitched:compilation_error', 5: 'compilation_error'}",8,"{0: 'BUILD SUCCESS', 1: 'BUILD SUCCESS', 2: 'BUILD SUCCESS', 3: 'BUILD FAILURE', 4: 'BUILD FAILURE', 5: 'BUILD FAILURE'}",{},outputs/ID_Results_MagicCoder_projects_f2d66308f4c1db153f889ede330de32f2e2817af/all_rounds/fastjson/e05e9c5e4be580691cc55a59f3256595393203a1/./com.alibaba.json.bvt.guava.ArrayListMultimapTest.test_for_multimap/5.patch,285.23690260690637,TRUE
https://github.com/alibaba/fastjson,e05e9c5e4be580691cc55a59f3256595393203a1,.,ID,com.alibaba.json.bvt.issue_1100.Issue1177_2.test_for_issue,test_for_issue,Accepted,https://github.com/alibaba/fastjson/pull/3042,,projects/e05e9c5e4be580691cc55a59f3256595393203a1/fastjson/src/test/java/com/alibaba/json/bvt/issue_1100/Issue1177_2.java,,"{0: 'test_failure', 1: 'compilation_error', 2: 'compilation_error', 3: 'compilation_error', 4: 'compilation_error', 5: 'compilation_error'}",8,"{0: 'BUILD SUCCESS', 1: 'BUILD FAILURE', 2: 'BUILD FAILURE', 3: 'BUILD FAILURE', 4: 'BUILD FAILURE', 5: 'BUILD FAILURE'}",{},outputs/ID_Results_MagicCoder_projects_f2d66308f4c1db153f889ede330de32f2e2817af/all_rounds/fastjson/e05e9c5e4be580691cc55a59f3256595393203a1/./com.alibaba.json.bvt.issue_1100.Issue1177_2.test_for_issue/5.patch,330.8911870919401,TRUE
https://github.com/alibaba/fastjson,e05e9c5e4be580691cc55a59f3256595393203a1,.,ID,com.alibaba.json.bvt.issue_1400.Issue1480.test_for_issue,test_for_issue,Accepted,https://github.com/alibaba/fastjson/pull/3025,,projects/e05e9c5e4be580691cc55a59f3256595393203a1/fastjson/src/test/java/com/alibaba/json/bvt/issue_1400/Issue1480.java,,"{0: 'test_failure', 1: 'compilation_error', 2: 'compilation_error', 3: 'compilation_error', 4: 'compilation_error', 5: 'compilation_error'}",8,"{0: 'BUILD SUCCESS', 1: 'BUILD FAILURE', 2: 'BUILD FAILURE', 3: 'BUILD FAILURE', 4: 'BUILD FAILURE', 5: 'BUILD FAILURE'}",{},outputs/ID_Results_MagicCoder_projects_f2d66308f4c1db153f889ede330de32f2e2817af/all_rounds/fastjson/e05e9c5e4be580691cc55a59f3256595393203a1/./com.alibaba.json.bvt.issue_1400.Issue1480.test_for_issue/5.patch,399.76395414199214,TRUE
https://github.com/alibaba/fastjson,e05e9c5e4be580691cc55a59f3256595393203a1,.,ID,com.alibaba.json.bvt.issue_1500.Issue1584.test_for_issue,test_for_issue,Accepted,https://github.com/alibaba/fastjson/pull/3570,,projects/e05e9c5e4be580691cc55a59f3256595393203a1/fastjson/src/test/java/com/alibaba/json/bvt/issue_1500/Issue1584.java,,"{0: 'test_failure', 1: 'test_failure', 2: 'test_failure', 3: 'Stitched:test_failure', 4: 'test_failure', 5: 'test_failure'}",8,"{0: 'BUILD SUCCESS', 1: 'BUILD SUCCESS', 2: 'BUILD SUCCESS', 3: 'BUILD SUCCESS', 4: 'BUILD SUCCESS', 5: 'BUILD SUCCESS'}",{},outputs/ID_Results_MagicCoder_projects_f2d66308f4c1db153f889ede330de32f2e2817af/all_rounds/fastjson/e05e9c5e4be580691cc55a59f3256595393203a1/./com.alibaba.json.bvt.issue_1500.Issue1584.test_for_issue/5.patch,327.0125957990531,TRUE
https://github.com/alibaba/fastjson,3ea25de368b185e3c9f3d56e46a4cfcdb9265318,.,ID,com.alibaba.json.bvt.path.JSONPath_reverse_test.test_reserve3,test_reserve3,Accepted,https://github.com/alibaba/fastjson/pull/3530,,projects/3ea25de368b185e3c9f3d56e46a4cfcdb9265318/fastjson/src/test/java/com/alibaba/json/bvt/path/JSONPath_reverse_test.java,,"{0: 'test_failure', 1: 'test_failure', 2: 'test_failure', 3: 'test_failure', 4: 'test_failure', 5: 'Stitched:test_failure'}",8,"{0: 'BUILD SUCCESS', 1: 'BUILD SUCCESS', 2: 'BUILD SUCCESS', 3: 'BUILD SUCCESS', 4: 'BUILD SUCCESS', 5: 'BUILD SUCCESS'}",{},outputs/ID_Results_MagicCoder_projects_f2d66308f4c1db153f889ede330de32f2e2817af/all_rounds/fastjson/3ea25de368b185e3c9f3d56e46a4cfcdb9265318/./com.alibaba.json.bvt.path.JSONPath_reverse_test.test_reserve3/5.patch,274.6099455,TRUE
https://github.com/alibaba/fastjson,3ea25de368b185e3c9f3d56e46a4cfcdb9265318,.,ID,com.alibaba.json.bvt.path.JSONPath_reverse_test.test_reserve,test_reserve,Accepted,https://github.com/alibaba/fastjson/pull/3530,,projects/3ea25de368b185e3c9f3d56e46a4cfcdb9265318/fastjson/src/test/java/com/alibaba/json/bvt/path/JSONPath_reverse_test.java,,"{0: 'test_failure', 1: 'compilation_error', 2: 'Stitched:compilation_error', 3: 'Stitched:compilation_error', 4: 'Stitched:compilation_error', 5: 'Stitched:compilation_error'}",8,"{0: 'BUILD SUCCESS', 1: 'BUILD FAILURE', 2: 'BUILD FAILURE', 3: 'BUILD FAILURE', 4: 'BUILD FAILURE', 5: 'BUILD FAILURE'}",{},outputs/ID_Results_MagicCoder_projects_f2d66308f4c1db153f889ede330de32f2e2817af/all_rounds/fastjson/3ea25de368b185e3c9f3d56e46a4cfcdb9265318/./com.alibaba.json.bvt.path.JSONPath_reverse_test.test_reserve/5.patch,299.3089563,TRUE
https://github.com/alibaba/fastjson,e05e9c5e4be580691cc55a59f3256595393203a1,.,ID,com.alibaba.json.bvt.support.spring.mock.testcase.FastJsonpHttpMessageConverter4Case1Test.test1_2,test1_2,Accepted,https://github.com/alibaba/fastjson/pull/3569,,projects/e05e9c5e4be580691cc55a59f3256595393203a1/fastjson/src/test/java/com/alibaba/json/bvt/support/spring/mock/testcase/FastJsonpHttpMessageConverter4Case1Test.java,,"{0: 'test_failure', 1: 'Stitched:compilation_error', 2: 'Stitched:compilation_error', 3: 'Stitched:compilation_error', 4: 'Stitched:compilation_error', 5: 'Stitched:compilation_error'}",8,"{0: 'BUILD SUCCESS', 1: 'BUILD FAILURE', 2: 'BUILD FAILURE', 3: 'BUILD FAILURE', 4: 'BUILD FAILURE', 5: 'BUILD FAILURE'}",{},outputs/ID_Results_MagicCoder_projects_f2d66308f4c1db153f889ede330de32f2e2817af/all_rounds/fastjson/e05e9c5e4be580691cc55a59f3256595393203a1/./com.alibaba.json.bvt.support.spring.mock.testcase.FastJsonpHttpMessageConverter4Case1Test.test1_2/5.patch,371.18480808194727,TRUE
https://github.com/alibaba/fastjson,e05e9c5e4be580691cc55a59f3256595393203a1,.,ID,com.alibaba.json.bvt.support.spring.mock.testcase.FastJsonpHttpMessageConverter4Case1Test.test2_2,test2_2,Accepted,https://github.com/alibaba/fastjson/pull/3569,,projects/e05e9c5e4be580691cc55a59f3256595393203a1/fastjson/src/test/java/com/alibaba/json/bvt/support/spring/mock/testcase/FastJsonpHttpMessageConverter4Case1Test.java,,"{0: 'test_failure', 1: 'test_failure', 2: 'test_failure', 3: 'test_failure', 4: 'Stitched:test_failure', 5: 'Stitched:test_failure'}",8,"{0: 'BUILD SUCCESS', 1: 'BUILD SUCCESS', 2: 'BUILD SUCCESS', 3: 'BUILD SUCCESS', 4: 'BUILD SUCCESS', 5: 'BUILD SUCCESS'}",{},outputs/ID_Results_MagicCoder_projects_f2d66308f4c1db153f889ede330de32f2e2817af/all_rounds/fastjson/e05e9c5e4be580691cc55a59f3256595393203a1/./com.alibaba.json.bvt.support.spring.mock.testcase.FastJsonpHttpMessageConverter4Case1Test.test2_2/5.patch,393.4138797899941,TRUE
https://github.com/alibaba/fastjson,e05e9c5e4be580691cc55a59f3256595393203a1,.,ID,com.alibaba.json.bvt.support.spring.mock.testcase.FastJsonpHttpMessageConverter4Case2Test.test1_2,test1_2,Accepted,https://github.com/alibaba/fastjson/pull/3569,,projects/e05e9c5e4be580691cc55a59f3256595393203a1/fastjson/src/test/java/com/alibaba/json/bvt/support/spring/mock/testcase/FastJsonpHttpMessageConverter4Case2Test.java,,"{0: 'test_failure', 1: 'Stitched:pom_error', 2: 'Stitched:pom_error', 3: 'pom_error', 4: 'pom_error', 5: 'pom_error;Stitched:pom_error'}",8,"{0: 'BUILD SUCCESS', 1: 'BUILD FAILURE', 2: 'BUILD FAILURE', 3: 'BUILD FAILURE', 4: 'BUILD FAILURE', 5: 'BUILD FAILURE;Stitched:BUILD FAILURE'}",{},outputs/ID_Results_MagicCoder_projects_f2d66308f4c1db153f889ede330de32f2e2817af/all_rounds/fastjson/e05e9c5e4be580691cc55a59f3256595393203a1/./com.alibaba.json.bvt.support.spring.mock.testcase.FastJsonpHttpMessageConverter4Case2Test.test1_2/5.patch,255.27400620793924,TRUE
https://github.com/alibaba/fastjson,e05e9c5e4be580691cc55a59f3256595393203a1,.,ID,com.alibaba.json.bvt.support.spring.mock.testcase.FastJsonpHttpMessageConverter4Case3Test.test1_2,test1_2,Accepted,https://github.com/alibaba/fastjson/pull/3569,,projects/e05e9c5e4be580691cc55a59f3256595393203a1/fastjson/src/test/java/com/alibaba/json/bvt/support/spring/mock/testcase/FastJsonpHttpMessageConverter4Case3Test.java,,"{0: 'test_failure', 1: 'test_failure', 2: 'test_failure', 3: 'Stitched:pom_error', 4: 'pom_error', 5: 'pom_error'}",8,"{0: 'BUILD SUCCESS', 1: 'BUILD SUCCESS', 2: 'BUILD SUCCESS', 3: 'BUILD FAILURE', 4: 'BUILD FAILURE', 5: 'BUILD FAILURE'}",{},outputs/ID_Results_MagicCoder_projects_f2d66308f4c1db153f889ede330de32f2e2817af/all_rounds/fastjson/e05e9c5e4be580691cc55a59f3256595393203a1/./com.alibaba.json.bvt.support.spring.mock.testcase.FastJsonpHttpMessageConverter4Case3Test.test1_2/5.patch,320.02182028698735,TRUE
https://github.com/alibaba/fastjson,e05e9c5e4be580691cc55a59f3256595393203a1,.,ID,com.alibaba.json.bvt.writeClassName.WriteClassNameTest_Map.test_list,test_list,Opened,https://github.com/alibaba/fastjson/pull/3571,,projects/e05e9c5e4be580691cc55a59f3256595393203a1/fastjson/src/test/java/com/alibaba/json/bvt/writeClassName/WriteClassNameTest_Map.java,outputs/ID_Results_MagicCoder_projects_f2d66308f4c1db153f889ede330de32f2e2817af/GoodPatches/fastjson/e05e9c5e4be580691cc55a59f3256595393203a1/./com.alibaba.json.bvt.writeClassName.WriteClassNameTest_Map.test_list/2.patch,"{0: 'test_failure', 1: 'test_failure', 2: 'Stitched:test_pass'}",8,"{0: 'BUILD SUCCESS', 1: 'BUILD SUCCESS', 2: 'BUILD SUCCESS'}",{},outputs/ID_Results_MagicCoder_projects_f2d66308f4c1db153f889ede330de32f2e2817af/all_rounds/fastjson/e05e9c5e4be580691cc55a59f3256595393203a1/./com.alibaba.json.bvt.writeClassName.WriteClassNameTest_Map.test_list/2.patch,151.9279389779549,TRUE
https://github.com/alibaba/fastjson,e05e9c5e4be580691cc55a59f3256595393203a1,.,ID,com.alibaba.json.bvt.writeClassName.WriteDuplicateType.test_dupType2,test_dupType2,Accepted,https://github.com/alibaba/fastjson/pull/2996,,projects/e05e9c5e4be580691cc55a59f3256595393203a1/fastjson/src/test/java/com/alibaba/json/bvt/writeClassName/WriteDuplicateType.java,,"{0: 'test_failure', 1: 'test_failure', 2: 'test_failure', 3: 'compilation_error;Stitched:compilation_error', 4: 'compilation_error', 5: 'compilation_error'}",8,"{0: 'BUILD SUCCESS', 1: 'BUILD SUCCESS', 2: 'BUILD SUCCESS', 3: 'BUILD FAILURE;Stitched:BUILD FAILURE', 4: 'BUILD FAILURE', 5: 'BUILD FAILURE'}",{},outputs/ID_Results_MagicCoder_projects_f2d66308f4c1db153f889ede330de32f2e2817af/all_rounds/fastjson/e05e9c5e4be580691cc55a59f3256595393203a1/./com.alibaba.json.bvt.writeClassName.WriteDuplicateType.test_dupType2/5.patch,306.7194008580409,TRUE
https://github.com/alibaba/fastjson,e05e9c5e4be580691cc55a59f3256595393203a1,.,ID,com.alibaba.json.bvt.writeClassName.WriteDuplicateType.test_dupType,test_dupType,Opened,https://github.com/alibaba/fastjson/pull/3533,,projects/e05e9c5e4be580691cc55a59f3256595393203a1/fastjson/src/test/java/com/alibaba/json/bvt/writeClassName/WriteDuplicateType.java,,"{0: 'test_failure', 1: 'test_failure', 2: 'test_failure', 3: 'test_failure', 4: 'compilation_error;Stitched:compilation_error', 5: 'compilation_error'}",8,"{0: 'BUILD SUCCESS', 1: 'BUILD SUCCESS', 2: 'BUILD SUCCESS', 3: 'BUILD SUCCESS', 4: 'BUILD FAILURE;Stitched:BUILD FAILURE', 5: 'BUILD FAILURE'}",{},outputs/ID_Results_MagicCoder_projects_f2d66308f4c1db153f889ede330de32f2e2817af/all_rounds/fastjson/e05e9c5e4be580691cc55a59f3256595393203a1/./com.alibaba.json.bvt.writeClassName.WriteDuplicateType.test_dupType/5.patch,280.47642316296697,TRUE
https://github.com/alibaba/jetcache,d28019640ac3eb6ac167dd0dc582adac7656226e,jetcache-test,ID,com.alicp.jetcache.anno.filed.CreateCacheTest.test,test,Accepted,https://github.com/alibaba/jetcache/pull/446,,projects/d28019640ac3eb6ac167dd0dc582adac7656226e/jetcache/jetcache-test/src/test/java/com/alicp/jetcache/anno/filed/CreateCacheTest.java,,"{0: 'test_failure', 1: 'compilation_error', 2: 'Stitched:compilation_error', 3: 'Stitched:build_failure', 4: 'build_failure', 5: 'build_failure'}",8,"{0: 'BUILD SUCCESS', 1: 'BUILD FAILURE', 2: 'BUILD FAILURE', 3: 'BUILD FAILURE', 4: 'BUILD FAILURE', 5: 'BUILD FAILURE'}",{},outputs/ID_Results_MagicCoder_projects_f2d66308f4c1db153f889ede330de32f2e2817af/all_rounds/jetcache/d28019640ac3eb6ac167dd0dc582adac7656226e/jetcache-test/com.alicp.jetcache.anno.filed.CreateCacheTest.test/5.patch,551.2533449220937,TRUE
https://github.com/alibaba/fastjson,93d8c01e907fe35a8ff0eb5fe1c3b279d2f30282,.,ID,com.alibaba.json.bvt.issue_3600.Issue3655.test_inherit_from_abstract_class_1,test_inherit_from_abstract_class_1,Opened,https://github.com/alibaba/fastjson/pull/3939,,projects/93d8c01e907fe35a8ff0eb5fe1c3b279d2f30282/fastjson/src/test/java/com/alibaba/json/bvt/issue_3600/Issue3655.java,,"{0: 'test_failure', 1: 'test_failure', 2: 'test_failure', 3: 'test_failure', 4: 'test_failure', 5: 'test_failure'}",8,"{0: 'BUILD SUCCESS', 1: 'BUILD SUCCESS', 2: 'BUILD SUCCESS', 3: 'BUILD SUCCESS', 4: 'BUILD SUCCESS', 5: 'BUILD SUCCESS'}",{},outputs/ID_Results_MagicCoder_projects_f2d66308f4c1db153f889ede330de32f2e2817af/all_rounds/fastjson/93d8c01e907fe35a8ff0eb5fe1c3b279d2f30282/./com.alibaba.json.bvt.issue_3600.Issue3655.test_inherit_from_abstract_class_1/5.patch,272.56792045594193,TRUE
https://github.com/alibaba/nacos,0ac96e1602baf1f516c3c614f13523adb2992e69,common,ID,com.alibaba.nacos.common.utils.JacksonUtilsTest.testToJsonBytes,testToJsonBytes,Accepted,https://github.com/alibaba/nacos/pull/9505,,projects/0ac96e1602baf1f516c3c614f13523adb2992e69/nacos/common/src/test/java/com/alibaba/nacos/common/utils/JacksonUtilsTest.java,,"{0: 'test_failure', 1: 'test_failure', 2: 'Stitched:compilation_error;Stitched:compilation_error', 3: 'compilation_error', 4: 'compilation_error', 5: 'Stitched:compilation_error'}",8,"{0: 'BUILD SUCCESS', 1: 'BUILD SUCCESS', 2: 'BUILD FAILURE;Stitched:BUILD FAILURE', 3: 'BUILD FAILURE', 4: 'BUILD FAILURE', 5: 'BUILD FAILURE'}",{},outputs/ID_Results_MagicCoder_projects_f2d66308f4c1db153f889ede330de32f2e2817af/all_rounds/nacos/0ac96e1602baf1f516c3c614f13523adb2992e69/common/com.alibaba.nacos.common.utils.JacksonUtilsTest.testToJsonBytes/5.patch,243.12984898500144,TRUE
https://github.com/alibaba/fastjson,3ea25de368b185e3c9f3d56e46a4cfcdb9265318,.,ID,com.alibaba.json.bvt.bug.Bug_for_yangzhou.test_for_issue,test_for_issue,Opened,https://github.com/alibaba/fastjson/pull/3527,,projects/3ea25de368b185e3c9f3d56e46a4cfcdb9265318/fastjson/src/test/java/com/alibaba/json/bvt/bug/Bug_for_yangzhou.java,,"{0: 'test_failure', 1: 'compilation_error', 2: 'pom_error', 3: 'pom_error', 4: 'pom_error', 5: 'pom_error'}",8,"{0: 'BUILD SUCCESS', 1: 'BUILD FAILURE', 2: 'BUILD FAILURE', 3: 'BUILD FAILURE', 4: 'BUILD FAILURE', 5: 'BUILD FAILURE'}",{},outputs/ID_Results_MagicCoder_projects_f2d66308f4c1db153f889ede330de32f2e2817af/all_rounds/fastjson/3ea25de368b185e3c9f3d56e46a4cfcdb9265318/./com.alibaba.json.bvt.bug.Bug_for_yangzhou.test_for_issue/5.patch,646.4889019189868,TRUE
https://github.com/alibaba/fastjson2,450d9fe5a39f9f911f06882a302a585b93a586fa,fastjson1-compatible,ID,com.alibaba.fastjson.issue_2400.Issue2447.test_for_issue2,test_for_issue2,Accepted,https://github.com/alibaba/fastjson2/pull/2026,https://github.com/alibaba/fastjson2/issues/2017,projects/450d9fe5a39f9f911f06882a302a585b93a586fa/fastjson2/fastjson1-compatible/src/test/java/com/alibaba/fastjson/issue_2400/Issue2447.java,,"{0: 'test_failure', 1: 'build_failure', 2: 'build_failure', 3: 'Stitched:build_failure', 4: 'Stitched:build_failure', 5: 'build_failure'}",8,"{0: 'BUILD SUCCESS', 1: 'BUILD FAILURE', 2: 'BUILD FAILURE', 3: 'BUILD FAILURE', 4: 'BUILD FAILURE', 5: 'BUILD FAILURE'}",{},outputs/ID_Results_MagicCoder_projects_f2d66308f4c1db153f889ede330de32f2e2817af/all_rounds/fastjson2/450d9fe5a39f9f911f06882a302a585b93a586fa/fastjson1-compatible/com.alibaba.fastjson.issue_2400.Issue2447.test_for_issue2/5.patch,218.98887745803222,TRUE
https://github.com/alibaba/nacos,e77a0bbe0d39a852a52a8d81c20f3fab4f98773d,api,ID,com.alibaba.nacos.api.config.ability.ServerRemoteAbilityTest.testSerialize,testSerialize,Accepted,https://github.com/alibaba/nacos/pull/11373,,projects/e77a0bbe0d39a852a52a8d81c20f3fab4f98773d/nacos/api/src/test/java/com/alibaba/nacos/api/config/ability/ServerRemoteAbilityTest.java,,"{0: 'test_failure', 1: 'Stitched:compilation_error', 2: 'Stitched:compilation_error', 3: 'Stitched:compilation_error', 4: 'Stitched:compilation_error', 5: 'Stitched:compilation_error'}",8,"{0: 'BUILD SUCCESS', 1: 'BUILD FAILURE', 2: 'BUILD FAILURE', 3: 'BUILD FAILURE', 4: 'BUILD FAILURE', 5: 'BUILD FAILURE'}",{},outputs/ID_Results_MagicCoder_projects_f2d66308f4c1db153f889ede330de32f2e2817af/all_rounds/nacos/e77a0bbe0d39a852a52a8d81c20f3fab4f98773d/api/com.alibaba.nacos.api.config.ability.ServerRemoteAbilityTest.testSerialize/5.patch,232.67491452896502,TRUE
https://github.com/apache/shardingsphere-elasticjob,b022898ef1b8c984e17efb2a422ee45f6b13e46e,elastic-job-lite-lifecycle,ID,io.elasticjob.lite.lifecycle.internal.settings.JobSettingsAPIImplTest.assertUpdateJobSettings,assertUpdateJobSettings,DeveloperFixed,,,projects/b022898ef1b8c984e17efb2a422ee45f6b13e46e/shardingsphere-elasticjob/elastic-job-lite-lifecycle/src/test/java/io/elasticjob/lite/lifecycle/internal/settings/JobSettingsAPIImplTest.java,,"{0: 'test_failure', 1: 'Stitched:compilation_error', 2: 'compilation_error', 3: 'compilation_error', 4: 'build_failure', 5: 'build_failure'}",8,"{0: 'BUILD SUCCESS', 1: 'BUILD FAILURE', 2: 'BUILD FAILURE', 3: 'BUILD FAILURE', 4: 'BUILD FAILURE', 5: 'BUILD FAILURE'}",{},outputs/ID_Results_MagicCoder_projects_f2d66308f4c1db153f889ede330de32f2e2817af/all_rounds/shardingsphere-elasticjob/b022898ef1b8c984e17efb2a422ee45f6b13e46e/elastic-job-lite-lifecycle/io.elasticjob.lite.lifecycle.internal.settings.JobSettingsAPIImplTest.assertUpdateJobSettings/5.patch,494.1618377859704,TRUE
https://github.com/apache/commons-lang,7c32e527651a8a235d1b78b2f5d3f53d5e9bb6cb,.,ID,org.apache.commons.lang3.builder.HashCodeBuilderTest.testReflectionHashCodeExcludeFields,testReflectionHashCodeExcludeFields,Accepted,https://github.com/apache/commons-lang/pull/480,,projects/7c32e527651a8a235d1b78b2f5d3f53d5e9bb6cb/commons-lang/src/test/java/org/apache/commons/lang3/builder/HashCodeBuilderTest.java,,"{0: 'test_failure', 1: 'Stitched:test_failure', 2: 'test_failure', 3: 'test_failure', 4: 'test_failure', 5: 'Stitched:test_failure'}",8,"{0: 'BUILD SUCCESS', 1: 'BUILD SUCCESS', 2: 'BUILD SUCCESS', 3: 'BUILD SUCCESS', 4: 'BUILD SUCCESS', 5: 'BUILD SUCCESS'}",{},outputs/ID_Results_MagicCoder_projects_f2d66308f4c1db153f889ede330de32f2e2817af/all_rounds/commons-lang/7c32e527651a8a235d1b78b2f5d3f53d5e9bb6cb/./org.apache.commons.lang3.builder.HashCodeBuilderTest.testReflectionHashCodeExcludeFields/5.patch,407.15451645990834,TRUE
https://github.com/apache/commons-lang,7c32e527651a8a235d1b78b2f5d3f53d5e9bb6cb,.,ID,org.apache.commons.lang3.builder.MultilineRecursiveToStringStyleTest.boolArray,boolArray,Accepted,https://github.com/apache/commons-lang/pull/481,,projects/7c32e527651a8a235d1b78b2f5d3f53d5e9bb6cb/commons-lang/src/test/java/org/apache/commons/lang3/builder/MultilineRecursiveToStringStyleTest.java,,"{0: 'test_failure', 1: 'test_failure', 2: 'test_failure', 3: 'Stitched:compilation_error', 4: 'compilation_error', 5: 'pom_error'}",8,"{0: 'BUILD SUCCESS', 1: 'BUILD SUCCESS', 2: 'BUILD SUCCESS', 3: 'BUILD FAILURE', 4: 'BUILD FAILURE', 5: 'BUILD FAILURE'}",{},outputs/ID_Results_MagicCoder_projects_f2d66308f4c1db153f889ede330de32f2e2817af/all_rounds/commons-lang/7c32e527651a8a235d1b78b2f5d3f53d5e9bb6cb/./org.apache.commons.lang3.builder.MultilineRecursiveToStringStyleTest.boolArray/5.patch,589.8163977749646,TRUE
https://github.com/apache/commons-lang,7c32e527651a8a235d1b78b2f5d3f53d5e9bb6cb,.,ID,org.apache.commons.lang3.builder.MultilineRecursiveToStringStyleTest.charArray,charArray,Accepted,https://github.com/apache/commons-lang/pull/481,,projects/7c32e527651a8a235d1b78b2f5d3f53d5e9bb6cb/commons-lang/src/test/java/org/apache/commons/lang3/builder/MultilineRecursiveToStringStyleTest.java,,"{0: 'test_failure', 1: 'test_failure', 2: 'test_failure', 3: 'test_failure', 4: 'Stitched:test_failure', 5: 'test_failure'}",8,"{0: 'BUILD SUCCESS', 1: 'BUILD SUCCESS', 2: 'BUILD SUCCESS', 3: 'BUILD SUCCESS', 4: 'BUILD SUCCESS', 5: 'BUILD SUCCESS'}",{},outputs/ID_Results_MagicCoder_projects_f2d66308f4c1db153f889ede330de32f2e2817af/all_rounds/commons-lang/7c32e527651a8a235d1b78b2f5d3f53d5e9bb6cb/./org.apache.commons.lang3.builder.MultilineRecursiveToStringStyleTest.charArray/5.patch,240.20841115899384,TRUE
https://github.com/apache/commons-lang,7c32e527651a8a235d1b78b2f5d3f53d5e9bb6cb,.,ID,org.apache.commons.lang3.builder.MultilineRecursiveToStringStyleTest.intArray,intArray,Accepted,https://github.com/apache/commons-lang/pull/481,,projects/7c32e527651a8a235d1b78b2f5d3f53d5e9bb6cb/commons-lang/src/test/java/org/apache/commons/lang3/builder/MultilineRecursiveToStringStyleTest.java,,"{0: 'test_failure', 1: 'test_failure', 2: 'test_failure', 3: 'test_failure', 4: 'test_failure', 5: 'Stitched:test_failure'}",8,"{0: 'BUILD SUCCESS', 1: 'BUILD SUCCESS', 2: 'BUILD SUCCESS', 3: 'BUILD SUCCESS', 4: 'BUILD SUCCESS', 5: 'BUILD SUCCESS'}",{},outputs/ID_Results_MagicCoder_projects_f2d66308f4c1db153f889ede330de32f2e2817af/all_rounds/commons-lang/7c32e527651a8a235d1b78b2f5d3f53d5e9bb6cb/./org.apache.commons.lang3.builder.MultilineRecursiveToStringStyleTest.intArray/5.patch,269.4281850029947,TRUE
https://github.com/apache/commons-lang,7c32e527651a8a235d1b78b2f5d3f53d5e9bb6cb,.,ID,org.apache.commons.lang3.builder.MultilineRecursiveToStringStyleTest.longArray,longArray,Accepted,https://github.com/apache/commons-lang/pull/481,,projects/7c32e527651a8a235d1b78b2f5d3f53d5e9bb6cb/commons-lang/src/test/java/org/apache/commons/lang3/builder/MultilineRecursiveToStringStyleTest.java,,"{0: 'test_failure', 1: 'test_failure', 2: 'test_failure', 3: 'test_failure', 4: 'Stitched:test_failure', 5: 'test_failure'}",8,"{0: 'BUILD SUCCESS', 1: 'BUILD SUCCESS', 2: 'BUILD SUCCESS', 3: 'BUILD SUCCESS', 4: 'BUILD SUCCESS', 5: 'BUILD SUCCESS'}",{},outputs/ID_Results_MagicCoder_projects_f2d66308f4c1db153f889ede330de32f2e2817af/all_rounds/commons-lang/7c32e527651a8a235d1b78b2f5d3f53d5e9bb6cb/./org.apache.commons.lang3.builder.MultilineRecursiveToStringStyleTest.longArray/5.patch,289.7662916240515,TRUE
https://github.com/apache/commons-lang,7c32e527651a8a235d1b78b2f5d3f53d5e9bb6cb,.,ID,org.apache.commons.lang3.builder.MultilineRecursiveToStringStyleTest.nestedAndArray,nestedAndArray,Accepted,https://github.com/apache/commons-lang/pull/481,,projects/7c32e527651a8a235d1b78b2f5d3f53d5e9bb6cb/commons-lang/src/test/java/org/apache/commons/lang3/builder/MultilineRecursiveToStringStyleTest.java,,"{0: 'test_failure', 1: 'test_failure', 2: 'test_failure', 3: 'test_failure', 4: 'test_failure', 5: 'test_failure'}",8,"{0: 'BUILD SUCCESS', 1: 'BUILD SUCCESS', 2: 'BUILD SUCCESS', 3: 'BUILD SUCCESS', 4: 'BUILD SUCCESS', 5: 'BUILD SUCCESS'}",{},outputs/ID_Results_MagicCoder_projects_f2d66308f4c1db153f889ede330de32f2e2817af/all_rounds/commons-lang/7c32e527651a8a235d1b78b2f5d3f53d5e9bb6cb/./org.apache.commons.lang3.builder.MultilineRecursiveToStringStyleTest.nestedAndArray/5.patch,330.63569196290337,TRUE
https://github.com/apache/commons-lang,7c32e527651a8a235d1b78b2f5d3f53d5e9bb6cb,.,ID,org.apache.commons.lang3.builder.MultilineRecursiveToStringStyleTest.nestedElements,nestedElements,Accepted,https://github.com/apache/commons-lang/pull/481,,projects/7c32e527651a8a235d1b78b2f5d3f53d5e9bb6cb/commons-lang/src/test/java/org/apache/commons/lang3/builder/MultilineRecursiveToStringStyleTest.java,,"{0: 'test_failure', 1: 'test_failure', 2: 'test_failure', 3: 'test_failure', 4: 'test_failure', 5: 'test_failure'}",8,"{0: 'BUILD SUCCESS', 1: 'BUILD SUCCESS', 2: 'BUILD SUCCESS', 3: 'BUILD SUCCESS', 4: 'BUILD SUCCESS', 5: 'BUILD SUCCESS'}",{},outputs/ID_Results_MagicCoder_projects_f2d66308f4c1db153f889ede330de32f2e2817af/all_rounds/commons-lang/7c32e527651a8a235d1b78b2f5d3f53d5e9bb6cb/./org.apache.commons.lang3.builder.MultilineRecursiveToStringStyleTest.nestedElements/5.patch,256.2115235290257,TRUE
https://github.com/apache/commons-lang,7c32e527651a8a235d1b78b2f5d3f53d5e9bb6cb,.,ID,org.apache.commons.lang3.builder.MultilineRecursiveToStringStyleTest.simpleObject,simpleObject,Accepted,https://github.com/apache/commons-lang/pull/481,,projects/7c32e527651a8a235d1b78b2f5d3f53d5e9bb6cb/commons-lang/src/test/java/org/apache/commons/lang3/builder/MultilineRecursiveToStringStyleTest.java,,"{0: 'test_failure', 1: 'test_failure', 2: 'Stitched:test_failure', 3: 'Stitched:test_failure', 4: 'Stitched:test_failure', 5: 'Stitched:test_failure'}",8,"{0: 'BUILD SUCCESS', 1: 'BUILD SUCCESS', 2: 'BUILD SUCCESS', 3: 'BUILD SUCCESS', 4: 'BUILD SUCCESS', 5: 'BUILD SUCCESS'}",{},outputs/ID_Results_MagicCoder_projects_f2d66308f4c1db153f889ede330de32f2e2817af/all_rounds/commons-lang/7c32e527651a8a235d1b78b2f5d3f53d5e9bb6cb/./org.apache.commons.lang3.builder.MultilineRecursiveToStringStyleTest.simpleObject/5.patch,256.0717294049682,TRUE
https://github.com/apache/commons-lang,7c32e527651a8a235d1b78b2f5d3f53d5e9bb6cb,.,ID,org.apache.commons.lang3.builder.MultilineRecursiveToStringStyleTest.stringArray,stringArray,Accepted,https://github.com/apache/commons-lang/pull/481,,projects/7c32e527651a8a235d1b78b2f5d3f53d5e9bb6cb/commons-lang/src/test/java/org/apache/commons/lang3/builder/MultilineRecursiveToStringStyleTest.java,,"{0: 'test_failure', 1: 'Stitched:test_failure', 2: 'test_failure', 3: 'test_failure', 4: 'Stitched:test_failure', 5: 'test_failure'}",8,"{0: 'BUILD SUCCESS', 1: 'BUILD SUCCESS', 2: 'BUILD SUCCESS', 3: 'BUILD SUCCESS', 4: 'BUILD SUCCESS', 5: 'BUILD SUCCESS'}",{},outputs/ID_Results_MagicCoder_projects_f2d66308f4c1db153f889ede330de32f2e2817af/all_rounds/commons-lang/7c32e527651a8a235d1b78b2f5d3f53d5e9bb6cb/./org.apache.commons.lang3.builder.MultilineRecursiveToStringStyleTest.stringArray/5.patch,320.2825632910244,TRUE
https://github.com/apache/commons-lang,7c32e527651a8a235d1b78b2f5d3f53d5e9bb6cb,.,ID,org.apache.commons.lang3.builder.RecursiveToStringStyleTest.testPerson,testPerson,Accepted,https://github.com/apache/commons-lang/pull/481,,projects/7c32e527651a8a235d1b78b2f5d3f53d5e9bb6cb/commons-lang/src/test/java/org/apache/commons/lang3/builder/RecursiveToStringStyleTest.java,,"{0: 'test_failure', 1: 'test_failure', 2: 'test_failure', 3: 'test_failure', 4: 'test_failure', 5: 'test_failure'}",8,"{0: 'BUILD SUCCESS', 1: 'BUILD SUCCESS', 2: 'BUILD SUCCESS', 3: 'BUILD SUCCESS', 4: 'BUILD SUCCESS', 5: 'BUILD SUCCESS'}",{},outputs/ID_Results_MagicCoder_projects_f2d66308f4c1db153f889ede330de32f2e2817af/all_rounds/commons-lang/7c32e527651a8a235d1b78b2f5d3f53d5e9bb6cb/./org.apache.commons.lang3.builder.RecursiveToStringStyleTest.testPerson/5.patch,298.81000223197043,TRUE
https://github.com/apache/commons-lang,7c32e527651a8a235d1b78b2f5d3f53d5e9bb6cb,.,ID,org.apache.commons.lang3.builder.ReflectionToStringBuilderSummaryTest.testSummary,testSummary,Accepted,https://github.com/apache/commons-lang/pull/481,,projects/7c32e527651a8a235d1b78b2f5d3f53d5e9bb6cb/commons-lang/src/test/java/org/apache/commons/lang3/builder/ReflectionToStringBuilderSummaryTest.java,,"{0: 'test_failure', 1: 'test_failure', 2: 'test_failure', 3: 'test_failure', 4: 'compilation_error', 5: 'compilation_error'}",8,"{0: 'BUILD SUCCESS', 1: 'BUILD SUCCESS', 2: 'BUILD SUCCESS', 3: 'BUILD SUCCESS', 4: 'BUILD FAILURE', 5: 'BUILD FAILURE'}",{},outputs/ID_Results_MagicCoder_projects_f2d66308f4c1db153f889ede330de32f2e2817af/all_rounds/commons-lang/7c32e527651a8a235d1b78b2f5d3f53d5e9bb6cb/./org.apache.commons.lang3.builder.ReflectionToStringBuilderSummaryTest.testSummary/5.patch,222.1802194439806,TRUE
https://github.com/apache/commons-lang,7c32e527651a8a235d1b78b2f5d3f53d5e9bb6cb,.,ID,org.apache.commons.lang3.builder.ToStringBuilderTest.testInheritedReflectionStatics,testInheritedReflectionStatics,Accepted,https://github.com/apache/commons-lang/pull/481,,projects/7c32e527651a8a235d1b78b2f5d3f53d5e9bb6cb/commons-lang/src/test/java/org/apache/commons/lang3/builder/ToStringBuilderTest.java,,"{0: 'test_failure', 1: 'test_failure', 2: 'test_failure', 3: 'Stitched:test_failure', 4: 'test_failure', 5: 'test_failure'}",8,"{0: 'BUILD SUCCESS', 1: 'BUILD SUCCESS', 2: 'BUILD SUCCESS', 3: 'BUILD SUCCESS', 4: 'BUILD SUCCESS', 5: 'BUILD SUCCESS'}",{},outputs/ID_Results_MagicCoder_projects_f2d66308f4c1db153f889ede330de32f2e2817af/all_rounds/commons-lang/7c32e527651a8a235d1b78b2f5d3f53d5e9bb6cb/./org.apache.commons.lang3.builder.ToStringBuilderTest.testInheritedReflectionStatics/5.patch,403.6742136729881,TRUE
https://github.com/apache/commons-lang,7c32e527651a8a235d1b78b2f5d3f53d5e9bb6cb,.,ID,org.apache.commons.lang3.builder.ToStringBuilderTest.testReflectionHierarchy,testReflectionHierarchy,Accepted,https://github.com/apache/commons-lang/pull/481,,projects/7c32e527651a8a235d1b78b2f5d3f53d5e9bb6cb/commons-lang/src/test/java/org/apache/commons/lang3/builder/ToStringBuilderTest.java,,"{0: 'test_failure', 1: 'test_failure', 2: 'test_failure', 3: 'test_failure', 4: 'test_failure', 5: 'test_failure'}",8,"{0: 'BUILD SUCCESS', 1: 'BUILD SUCCESS', 2: 'BUILD SUCCESS', 3: 'BUILD SUCCESS', 4: 'BUILD SUCCESS', 5: 'BUILD SUCCESS'}",{},outputs/ID_Results_MagicCoder_projects_f2d66308f4c1db153f889ede330de32f2e2817af/all_rounds/commons-lang/7c32e527651a8a235d1b78b2f5d3f53d5e9bb6cb/./org.apache.commons.lang3.builder.ToStringBuilderTest.testReflectionHierarchy/5.patch,572.3520595909795,TRUE
https://github.com/apache/commons-lang,7c32e527651a8a235d1b78b2f5d3f53d5e9bb6cb,.,ID,org.apache.commons.lang3.builder.ToStringBuilderTest.testReflectionHierarchyArrayList,testReflectionHierarchyArrayList,Accepted,https://github.com/apache/commons-lang/pull/481,,projects/7c32e527651a8a235d1b78b2f5d3f53d5e9bb6cb/commons-lang/src/test/java/org/apache/commons/lang3/builder/ToStringBuilderTest.java,,"{0: 'test_failure', 1: 'test_failure', 2: 'test_failure', 3: 'test_failure', 4: 'test_failure', 5: 'Stitched:test_failure'}",8,"{0: 'BUILD SUCCESS', 1: 'BUILD SUCCESS', 2: 'BUILD SUCCESS', 3: 'BUILD SUCCESS', 4: 'BUILD SUCCESS', 5: 'BUILD SUCCESS'}",{},outputs/ID_Results_MagicCoder_projects_f2d66308f4c1db153f889ede330de32f2e2817af/all_rounds/commons-lang/7c32e527651a8a235d1b78b2f5d3f53d5e9bb6cb/./org.apache.commons.lang3.builder.ToStringBuilderTest.testReflectionHierarchyArrayList/5.patch,242.4690170380054,TRUE
https://github.com/apache/commons-lang,7c32e527651a8a235d1b78b2f5d3f53d5e9bb6cb,.,ID,org.apache.commons.lang3.builder.ToStringBuilderTest.testReflectionStatics,testReflectionStatics,Accepted,https://github.com/apache/commons-lang/pull/481,,projects/7c32e527651a8a235d1b78b2f5d3f53d5e9bb6cb/commons-lang/src/test/java/org/apache/commons/lang3/builder/ToStringBuilderTest.java,,"{0: 'test_failure', 1: 'test_failure', 2: 'test_failure', 3: 'test_failure', 4: 'test_failure', 5: 'test_failure'}",8,"{0: 'BUILD SUCCESS', 1: 'BUILD SUCCESS', 2: 'BUILD SUCCESS', 3: 'BUILD SUCCESS', 4: 'BUILD SUCCESS', 5: 'BUILD SUCCESS'}",{},outputs/ID_Results_MagicCoder_projects_f2d66308f4c1db153f889ede330de32f2e2817af/all_rounds/commons-lang/7c32e527651a8a235d1b78b2f5d3f53d5e9bb6cb/./org.apache.commons.lang3.builder.ToStringBuilderTest.testReflectionStatics/5.patch,187.46472409402486,TRUE
https://github.com/apache/commons-lang,7c32e527651a8a235d1b78b2f5d3f53d5e9bb6cb,.,ID,org.apache.commons.lang3.builder.ToStringBuilderTest.testSelfInstanceTwoVarsReflectionObjectCycle,testSelfInstanceTwoVarsReflectionObjectCycle,Accepted,https://github.com/apache/commons-lang/pull/481,,projects/7c32e527651a8a235d1b78b2f5d3f53d5e9bb6cb/commons-lang/src/test/java/org/apache/commons/lang3/builder/ToStringBuilderTest.java,outputs/ID_Results_MagicCoder_projects_f2d66308f4c1db153f889ede330de32f2e2817af/GoodPatches/commons-lang/7c32e527651a8a235d1b78b2f5d3f53d5e9bb6cb/./org.apache.commons.lang3.builder.ToStringBuilderTest.testSelfInstanceTwoVarsReflectionObjectCycle/1.patch,"{0: 'test_failure', 1: 'test_pass'}",8,"{0: 'BUILD SUCCESS', 1: 'BUILD SUCCESS'}",{},outputs/ID_Results_MagicCoder_projects_f2d66308f4c1db153f889ede330de32f2e2817af/all_rounds/commons-lang/7c32e527651a8a235d1b78b2f5d3f53d5e9bb6cb/./org.apache.commons.lang3.builder.ToStringBuilderTest.testSelfInstanceTwoVarsReflectionObjectCycle/1.patch,22.10567592002917,TRUE
https://github.com/apache/commons-lang,7c32e527651a8a235d1b78b2f5d3f53d5e9bb6cb,.,ID,org.apache.commons.lang3.builder.ToStringBuilderTest.testSimpleReflectionStatics,testSimpleReflectionStatics,Accepted,https://github.com/apache/commons-lang/pull/481,,projects/7c32e527651a8a235d1b78b2f5d3f53d5e9bb6cb/commons-lang/src/test/java/org/apache/commons/lang3/builder/ToStringBuilderTest.java,outputs/ID_Results_MagicCoder_projects_f2d66308f4c1db153f889ede330de32f2e2817af/GoodPatches/commons-lang/7c32e527651a8a235d1b78b2f5d3f53d5e9bb6cb/./org.apache.commons.lang3.builder.ToStringBuilderTest.testSimpleReflectionStatics/2.patch,"{0: 'test_failure', 1: 'test_failure', 2: 'test_pass'}",8,"{0: 'BUILD SUCCESS', 1: 'BUILD SUCCESS', 2: 'BUILD SUCCESS'}",{},outputs/ID_Results_MagicCoder_projects_f2d66308f4c1db153f889ede330de32f2e2817af/all_rounds/commons-lang/7c32e527651a8a235d1b78b2f5d3f53d5e9bb6cb/./org.apache.commons.lang3.builder.ToStringBuilderTest.testSimpleReflectionStatics/2.patch,156.8855528869899,TRUE
https://github.com/apache/commons-lang,7c32e527651a8a235d1b78b2f5d3f53d5e9bb6cb,.,ID,org.apache.commons.lang3.reflect.FieldUtilsTest.testGetFieldsWithAnnotation,testGetFieldsWithAnnotation,DeveloperFixed,,https://github.com/apache/commons-lang/commit/08d1f6623678e8cd0b37a9d2d721b95545bcc151,projects/7c32e527651a8a235d1b78b2f5d3f53d5e9bb6cb/commons-lang/src/test/java/org/apache/commons/lang3/reflect/FieldUtilsTest.java,,"{0: 'test_failure', 1: 'test_failure', 2: 'test_failure', 3: 'test_failure', 4: 'test_failure', 5: 'test_failure'}",8,"{0: 'BUILD SUCCESS', 1: 'BUILD SUCCESS', 2: 'BUILD SUCCESS', 3: 'BUILD SUCCESS', 4: 'BUILD SUCCESS', 5: 'BUILD SUCCESS'}",{},outputs/ID_Results_MagicCoder_projects_f2d66308f4c1db153f889ede330de32f2e2817af/all_rounds/commons-lang/7c32e527651a8a235d1b78b2f5d3f53d5e9bb6cb/./org.apache.commons.lang3.reflect.FieldUtilsTest.testGetFieldsWithAnnotation/5.patch,160.45622108201496,TRUE
https://github.com/apache/flink,23c9b5ac50d04d28a34a87c78eb2d3331c06b74b,flink-libraries/flink-cep,ID,org.apache.flink.cep.operator.CEPOperatorTest.testCEPOperatorCleanupEventTime,testCEPOperatorCleanupEventTime,Rejected,,https://issues.apache.org/jira/browse/FLINK-33499,projects/23c9b5ac50d04d28a34a87c78eb2d3331c06b74b/flink/flink-libraries/flink-cep/src/test/java/org/apache/flink/cep/operator/CEPOperatorTest.java,,"{0: 'test_failure', 1: 'test_failure', 2: 'compilation_error', 3: 'compilation_error', 4: 'build_failure', 5: 'build_failure'}",8,"{0: 'BUILD SUCCESS', 1: 'BUILD SUCCESS', 2: 'BUILD FAILURE', 3: 'BUILD FAILURE', 4: 'BUILD FAILURE', 5: 'BUILD FAILURE'}",{},outputs/ID_Results_MagicCoder_projects_f2d66308f4c1db153f889ede330de32f2e2817af/all_rounds/flink/23c9b5ac50d04d28a34a87c78eb2d3331c06b74b/flink-libraries/flink-cep/org.apache.flink.cep.operator.CEPOperatorTest.testCEPOperatorCleanupEventTime/5.patch,467.5524971500272,TRUE
https://github.com/apache/flink,23c9b5ac50d04d28a34a87c78eb2d3331c06b74b,flink-streaming-java,ID,org.apache.flink.streaming.api.graph.SlotAllocationTest.testCoOperation,testCoOperation,Accepted,https://github.com/apache/flink/pull/11187,,projects/23c9b5ac50d04d28a34a87c78eb2d3331c06b74b/flink/flink-streaming-java/src/test/java/org/apache/flink/streaming/api/graph/SlotAllocationTest.java,,"{0: 'test_failure', 1: 'test_failure', 2: 'Stitched:build_failure', 3: 'build_failure', 4: 'Stitched:build_failure', 5: 'build_failure'}",8,"{0: 'BUILD SUCCESS', 1: 'BUILD SUCCESS', 2: 'BUILD FAILURE', 3: 'BUILD FAILURE', 4: 'BUILD FAILURE', 5: 'BUILD FAILURE'}",{},outputs/ID_Results_MagicCoder_projects_f2d66308f4c1db153f889ede330de32f2e2817af/all_rounds/flink/23c9b5ac50d04d28a34a87c78eb2d3331c06b74b/flink-streaming-java/org.apache.flink.streaming.api.graph.SlotAllocationTest.testCoOperation/5.patch,223.1739604390459,TRUE
https://github.com/apache/flink,23c9b5ac50d04d28a34a87c78eb2d3331c06b74b,flink-streaming-java,ID,org.apache.flink.streaming.api.graph.SlotAllocationTest.testUnion,testUnion,Accepted,https://github.com/apache/flink/pull/11187,,projects/23c9b5ac50d04d28a34a87c78eb2d3331c06b74b/flink/flink-streaming-java/src/test/java/org/apache/flink/streaming/api/graph/SlotAllocationTest.java,,"{0: 'test_failure', 1: 'test_failure', 2: 'test_failure', 3: 'Stitched:build_failure', 4: 'build_failure;Stitched:build_failure', 5: 'build_failure'}",8,"{0: 'BUILD SUCCESS', 1: 'BUILD SUCCESS', 2: 'BUILD SUCCESS', 3: 'BUILD FAILURE', 4: 'BUILD FAILURE;Stitched:BUILD FAILURE', 5: 'BUILD FAILURE'}",{},outputs/ID_Results_MagicCoder_projects_f2d66308f4c1db153f889ede330de32f2e2817af/all_rounds/flink/23c9b5ac50d04d28a34a87c78eb2d3331c06b74b/flink-streaming-java/org.apache.flink.streaming.api.graph.SlotAllocationTest.testUnion/5.patch,133.85587861796375,TRUE
https://github.com/apache/commons-lang,7c32e527651a8a235d1b78b2f5d3f53d5e9bb6cb,.,ID,org.apache.commons.lang3.builder.HashCodeBuilderTest.testReflectionHierarchyHashCode,testReflectionHierarchyHashCode,Accepted,https://github.com/apache/commons-lang/pull/480,,projects/7c32e527651a8a235d1b78b2f5d3f53d5e9bb6cb/commons-lang/src/test/java/org/apache/commons/lang3/builder/HashCodeBuilderTest.java,,"{0: 'test_failure', 1: 'Stitched:compilation_error', 2: 'compilation_error', 3: 'compilation_error', 4: 'compilation_error', 5: 'Stitched:compilation_error'}",8,"{0: 'BUILD SUCCESS', 1: 'BUILD FAILURE', 2: 'BUILD FAILURE', 3: 'BUILD FAILURE', 4: 'BUILD FAILURE', 5: 'BUILD FAILURE'}",{},outputs/ID_Results_MagicCoder_projects_f2d66308f4c1db153f889ede330de32f2e2817af/all_rounds/commons-lang/7c32e527651a8a235d1b78b2f5d3f53d5e9bb6cb/./org.apache.commons.lang3.builder.HashCodeBuilderTest.testReflectionHierarchyHashCode/5.patch,111.34879676206037,TRUE
https://github.com/apache/commons-lang,7c32e527651a8a235d1b78b2f5d3f53d5e9bb6cb,.,ID,org.apache.commons.lang3.builder.MultilineRecursiveToStringStyleTest.doubleArray,doubleArray,Accepted,https://github.com/apache/commons-lang/pull/481,,projects/7c32e527651a8a235d1b78b2f5d3f53d5e9bb6cb/commons-lang/src/test/java/org/apache/commons/lang3/builder/MultilineRecursiveToStringStyleTest.java,,"{0: 'test_failure', 1: 'build_failure', 2: 'Stitched:build_failure', 3: 'build_failure', 4: 'Stitched:build_failure', 5: 'build_failure'}",8,"{0: 'BUILD SUCCESS', 1: 'BUILD FAILURE', 2: 'BUILD FAILURE', 3: 'BUILD FAILURE', 4: 'BUILD FAILURE', 5: 'BUILD FAILURE'}",{},outputs/ID_Results_MagicCoder_projects_f2d66308f4c1db153f889ede330de32f2e2817af/all_rounds/commons-lang/7c32e527651a8a235d1b78b2f5d3f53d5e9bb6cb/./org.apache.commons.lang3.builder.MultilineRecursiveToStringStyleTest.doubleArray/5.patch,142.40425593196414,TRUE
https://github.com/apache/commons-lang,7c32e527651a8a235d1b78b2f5d3f53d5e9bb6cb,.,ID,org.apache.commons.lang3.builder.MultilineRecursiveToStringStyleTest.noArray,noArray,Accepted,https://github.com/apache/commons-lang/pull/481,,projects/7c32e527651a8a235d1b78b2f5d3f53d5e9bb6cb/commons-lang/src/test/java/org/apache/commons/lang3/builder/MultilineRecursiveToStringStyleTest.java,,"{0: 'test_failure', 1: 'test_failure', 2: 'test_failure', 3: 'test_failure', 4: 'test_failure', 5: 'compilation_error'}",8,"{0: 'BUILD SUCCESS', 1: 'BUILD SUCCESS', 2: 'BUILD SUCCESS', 3: 'BUILD SUCCESS', 4: 'BUILD SUCCESS', 5: 'BUILD FAILURE'}",{},outputs/ID_Results_MagicCoder_projects_f2d66308f4c1db153f889ede330de32f2e2817af/all_rounds/commons-lang/7c32e527651a8a235d1b78b2f5d3f53d5e9bb6cb/./org.apache.commons.lang3.builder.MultilineRecursiveToStringStyleTest.noArray/5.patch,138.86004889791366,TRUE
https://github.com/apache/flink,23c9b5ac50d04d28a34a87c78eb2d3331c06b74b,flink-core,ID,org.apache.flink.api.java.typeutils.runtime.kryo.KryoGenericTypeSerializerTest.testJavaSet,testJavaSet,Rejected,https://github.com/apache/flink/pull/11181,,projects/23c9b5ac50d04d28a34a87c78eb2d3331c06b74b/flink/flink-core/src/test/java/org/apache/flink/api/java/typeutils/runtime/kryo/KryoGenericTypeSerializerTest.java,outputs/ID_Results_MagicCoder_projects_f2d66308f4c1db153f889ede330de32f2e2817af/GoodPatches/flink/23c9b5ac50d04d28a34a87c78eb2d3331c06b74b/flink-core/org.apache.flink.api.java.typeutils.runtime.kryo.KryoGenericTypeSerializerTest.testJavaSet/1.patch,"{0: 'test_failure', 1: 'test_pass'}",8,"{0: 'BUILD SUCCESS', 1: 'BUILD SUCCESS'}",{},outputs/ID_Results_MagicCoder_projects_f2d66308f4c1db153f889ede330de32f2e2817af/all_rounds/flink/23c9b5ac50d04d28a34a87c78eb2d3331c06b74b/flink-core/org.apache.flink.api.java.typeutils.runtime.kryo.KryoGenericTypeSerializerTest.testJavaSet/1.patch,16.76021894090809,TRUE
https://github.com/apache/flink,23c9b5ac50d04d28a34a87c78eb2d3331c06b74b,flink-runtime,ID,org.apache.flink.runtime.checkpoint.CheckpointCoordinatorTest.testTriggerAndDeclineCheckpointComplex,testTriggerAndDeclineCheckpointComplex,Opened,https://github.com/apache/flink/pull/21183,,projects/23c9b5ac50d04d28a34a87c78eb2d3331c06b74b/flink/flink-runtime/src/test/java/org/apache/flink/runtime/checkpoint/CheckpointCoordinatorTest.java,outputs/ID_Results_MagicCoder_projects_f2d66308f4c1db153f889ede330de32f2e2817af/GoodPatches/flink/23c9b5ac50d04d28a34a87c78eb2d3331c06b74b/flink-runtime/org.apache.flink.runtime.checkpoint.CheckpointCoordinatorTest.testTriggerAndDeclineCheckpointComplex/3.patch,"{0: 'test_failure', 1: 'test_failure', 2: 'test_failure', 3: 'test_pass'}",8,"{0: 'BUILD SUCCESS', 1: 'BUILD SUCCESS', 2: 'BUILD SUCCESS', 3: 'BUILD SUCCESS'}",{},outputs/ID_Results_MagicCoder_projects_f2d66308f4c1db153f889ede330de32f2e2817af/all_rounds/flink/23c9b5ac50d04d28a34a87c78eb2d3331c06b74b/flink-runtime/org.apache.flink.runtime.checkpoint.CheckpointCoordinatorTest.testTriggerAndDeclineCheckpointComplex/3.patch,297.48685322504025,TRUE
https://github.com/apache/flink,521e742bfc034d66168e151e15e65e29a23b56c9,flink-runtime,ID,org.apache.flink.runtime.state.OperatorStateBackendTest.testSnapshotRestoreSync,testSnapshotRestoreSync,DeveloperWontFix,,https://github.com/MyEnthusiastic/flink/pull/1;https://github.com/apache/flink/pull/23464;https://issues.apache.org/jira/browse/FLINK-33499,projects/521e742bfc034d66168e151e15e65e29a23b56c9/flink/flink-runtime/src/test/java/org/apache/flink/runtime/state/OperatorStateBackendTest.java,,"{0: 'test_failure', 1: 'Stitched:build_failure'}",8,"{0: 'BUILD SUCCESS', 1: 'BUILD FAILURE'}","{2: 'CUDA out of memory. Tried to allocate 62.00 MiB. GPU 1 has a total capacity of 23.69 GiB of which 7.19 MiB is free. Process 28475 has 4.92 GiB memory in use. Including non-PyTorch memory, this process has 18.75 GiB memory in use. Of the allocated memory 16.57 GiB is allocated by PyTorch, and 1.18 GiB is reserved by PyTorch but unallocated. If reserved but unallocated memory is large try setting PYTORCH_CUDA_ALLOC_CONF=expandable_segments:True to avoid fragmentation.  See documentation for Memory Management  (https://pytorch.org/docs/stable/notes/cuda.html#environment-variables)'}",outputs/ID_Results_MagicCoder_projects_f2d66308f4c1db153f889ede330de32f2e2817af/all_rounds/flink/521e742bfc034d66168e151e15e65e29a23b56c9/flink-runtime/org.apache.flink.runtime.state.OperatorStateBackendTest.testSnapshotRestoreSync/1.patch,195.72593212709762,TRUE
https://github.com/apache/flink,23c9b5ac50d04d28a34a87c78eb2d3331c06b74b,flink-streaming-java,ID,org.apache.flink.streaming.runtime.operators.windowing.MergingWindowSetTest.testMergeLargeWindowCoveringMultipleWindows,testMergeLargeWindowCoveringMultipleWindows,Rejected,https://github.com/apache/flink/pull/11266,,projects/23c9b5ac50d04d28a34a87c78eb2d3331c06b74b/flink/flink-streaming-java/src/test/java/org/apache/flink/streaming/runtime/operators/windowing/MergingWindowSetTest.java,,"{0: 'test_failure', 1: 'test_failure', 2: 'Stitched:build_failure', 3: 'Stitched:build_failure;Stitched:build_failure', 4: 'Stitched:build_failure', 5: 'build_failure'}",8,"{0: 'BUILD SUCCESS', 1: 'BUILD SUCCESS', 2: 'BUILD FAILURE', 3: 'BUILD FAILURE;Stitched:BUILD FAILURE', 4: 'BUILD FAILURE', 5: 'BUILD FAILURE'}",{},outputs/ID_Results_MagicCoder_projects_f2d66308f4c1db153f889ede330de32f2e2817af/all_rounds/flink/23c9b5ac50d04d28a34a87c78eb2d3331c06b74b/flink-streaming-java/org.apache.flink.streaming.runtime.operators.windowing.MergingWindowSetTest.testMergeLargeWindowCoveringMultipleWindows/5.patch,164.52703051804565,TRUE
https://github.com/apache/flink,23c9b5ac50d04d28a34a87c78eb2d3331c06b74b,flink-table/flink-table-common,ID,org.apache.flink.table.expressions.ExpressionTest.testValueLiteralString,testValueLiteralString,Accepted,https://github.com/apache/flink/pull/11269,,projects/23c9b5ac50d04d28a34a87c78eb2d3331c06b74b/flink/flink-table/flink-table-common/src/test/java/org/apache/flink/table/expressions/ExpressionTest.java,outputs/ID_Results_MagicCoder_projects_f2d66308f4c1db153f889ede330de32f2e2817af/GoodPatches/flink/23c9b5ac50d04d28a34a87c78eb2d3331c06b74b/flink-table/flink-table-common/org.apache.flink.table.expressions.ExpressionTest.testValueLiteralString/2.patch,"{0: 'test_failure', 1: 'test_failure', 2: 'test_pass'}",8,"{0: 'BUILD SUCCESS', 1: 'BUILD SUCCESS', 2: 'BUILD SUCCESS'}",{},outputs/ID_Results_MagicCoder_projects_f2d66308f4c1db153f889ede330de32f2e2817af/all_rounds/flink/23c9b5ac50d04d28a34a87c78eb2d3331c06b74b/flink-table/flink-table-common/org.apache.flink.table.expressions.ExpressionTest.testValueLiteralString/2.patch,42.14304227102548,TRUE
https://github.com/apache/flink,23c9b5ac50d04d28a34a87c78eb2d3331c06b74b,flink-table/flink-table-runtime-blink,ID,org.apache.flink.table.runtime.operators.bundle.MapBundleOperatorTest.testSimple,testSimple,Rejected,https://github.com/apache/flink/pull/11268,,projects/23c9b5ac50d04d28a34a87c78eb2d3331c06b74b/flink/flink-table/flink-table-runtime-blink/src/test/java/org/apache/flink/table/runtime/operators/bundle/MapBundleOperatorTest.java,,"{0: 'test_failure', 1: 'build_failure', 2: 'build_failure', 3: 'build_failure', 4: 'build_failure', 5: 'build_failure'}",8,"{0: 'BUILD SUCCESS', 1: 'BUILD FAILURE', 2: 'BUILD FAILURE', 3: 'BUILD FAILURE', 4: 'BUILD FAILURE', 5: 'BUILD FAILURE'}",{},outputs/ID_Results_MagicCoder_projects_f2d66308f4c1db153f889ede330de32f2e2817af/all_rounds/flink/23c9b5ac50d04d28a34a87c78eb2d3331c06b74b/flink-table/flink-table-runtime-blink/org.apache.flink.table.runtime.operators.bundle.MapBundleOperatorTest.testSimple/5.patch,140.88389109703712,TRUE
https://github.com/apache/flink,23c9b5ac50d04d28a34a87c78eb2d3331c06b74b,flink-table/flink-table-runtime-blink,ID,org.apache.flink.table.runtime.operators.join.ProcTimeBoundedStreamJoinTest.testProcTimeInnerJoinWithCommonBounds,testProcTimeInnerJoinWithCommonBounds,Rejected,https://github.com/apache/flink/pull/11287,,projects/23c9b5ac50d04d28a34a87c78eb2d3331c06b74b/flink/flink-table/flink-table-runtime-blink/src/test/java/org/apache/flink/table/runtime/operators/join/ProcTimeBoundedStreamJoinTest.java,,"{0: 'test_failure', 1: 'build_failure', 2: 'build_failure', 3: 'build_failure', 4: 'build_failure', 5: 'build_failure'}",8,"{0: 'BUILD SUCCESS', 1: 'BUILD FAILURE', 2: 'BUILD FAILURE', 3: 'BUILD FAILURE', 4: 'BUILD FAILURE', 5: 'BUILD FAILURE'}",{},outputs/ID_Results_MagicCoder_projects_f2d66308f4c1db153f889ede330de32f2e2817af/all_rounds/flink/23c9b5ac50d04d28a34a87c78eb2d3331c06b74b/flink-table/flink-table-runtime-blink/org.apache.flink.table.runtime.operators.join.ProcTimeBoundedStreamJoinTest.testProcTimeInnerJoinWithCommonBounds/5.patch,140.1300891310675,TRUE
https://github.com/apache/flink,23c9b5ac50d04d28a34a87c78eb2d3331c06b74b,flink-table/flink-table-runtime-blink,ID,org.apache.flink.table.runtime.operators.join.RowTimeBoundedStreamJoinTest.testRowTimeInnerJoinWithCommonBounds,testRowTimeInnerJoinWithCommonBounds,Rejected,https://github.com/apache/flink/pull/11287,,projects/23c9b5ac50d04d28a34a87c78eb2d3331c06b74b/flink/flink-table/flink-table-runtime-blink/src/test/java/org/apache/flink/table/runtime/operators/join/RowTimeBoundedStreamJoinTest.java,,"{0: 'test_failure', 1: 'Stitched:build_failure', 2: 'build_failure;Stitched:build_failure', 3: 'Stitched:build_failure', 4: 'build_failure', 5: 'build_failure'}",8,"{0: 'BUILD SUCCESS', 1: 'BUILD FAILURE', 2: 'BUILD FAILURE;Stitched:BUILD FAILURE', 3: 'BUILD FAILURE', 4: 'BUILD FAILURE', 5: 'BUILD FAILURE'}",{},outputs/ID_Results_MagicCoder_projects_f2d66308f4c1db153f889ede330de32f2e2817af/all_rounds/flink/23c9b5ac50d04d28a34a87c78eb2d3331c06b74b/flink-table/flink-table-runtime-blink/org.apache.flink.table.runtime.operators.join.RowTimeBoundedStreamJoinTest.testRowTimeInnerJoinWithCommonBounds/5.patch,164.5056405919604,TRUE
https://github.com/apache/hadoop,14cd969b6ea1898e9db6eeb9ea5292ec4558a706,hadoop-common-project/hadoop-common,ID,org.apache.hadoop.ipc.TestDecayRpcScheduler.testPriority,testPriority,Opened,https://github.com/apache/hadoop/pull/5085,,projects/14cd969b6ea1898e9db6eeb9ea5292ec4558a706/hadoop/hadoop-common-project/hadoop-common/src/test/java/org/apache/hadoop/ipc/TestDecayRpcScheduler.java,,"{0: 'test_failure', 1: 'test_failure', 2: 'test_failure', 3: 'test_failure', 4: 'test_failure', 5: 'test_failure'}",8,"{0: 'BUILD SUCCESS', 1: 'BUILD SUCCESS', 2: 'BUILD SUCCESS', 3: 'BUILD SUCCESS', 4: 'BUILD SUCCESS', 5: 'BUILD SUCCESS'}",{},outputs/ID_Results_MagicCoder_projects_f2d66308f4c1db153f889ede330de32f2e2817af/all_rounds/hadoop/14cd969b6ea1898e9db6eeb9ea5292ec4558a706/hadoop-common-project/hadoop-common/org.apache.hadoop.ipc.TestDecayRpcScheduler.testPriority/5.patch,223.1834254990099,TRUE
https://github.com/apache/hadoop,14cd969b6ea1898e9db6eeb9ea5292ec4558a706,hadoop-common-project/hadoop-common,ID,org.apache.hadoop.metrics2.impl.TestMetricsSystemImpl.testInitFirstVerifyCallBacks,testInitFirstVerifyCallBacks,Accepted,https://github.com/apache/hadoop/pull/1868,,projects/14cd969b6ea1898e9db6eeb9ea5292ec4558a706/hadoop/hadoop-common-project/hadoop-common/src/test/java/org/apache/hadoop/metrics2/impl/TestMetricsSystemImpl.java,,"{0: 'test_failure', 1: 'build_failure', 2: 'build_failure', 3: 'build_failure', 4: 'build_failure', 5: 'compilation_error;Stitched:compilation_error'}",8,"{0: 'BUILD SUCCESS', 1: 'BUILD SUCCESS', 2: 'BUILD SUCCESS', 3: 'BUILD SUCCESS', 4: 'BUILD SUCCESS', 5: 'BUILD FAILURE;Stitched:BUILD FAILURE'}",{},outputs/ID_Results_MagicCoder_projects_f2d66308f4c1db153f889ede330de32f2e2817af/all_rounds/hadoop/14cd969b6ea1898e9db6eeb9ea5292ec4558a706/hadoop-common-project/hadoop-common/org.apache.hadoop.metrics2.impl.TestMetricsSystemImpl.testInitFirstVerifyCallBacks/5.patch,188.30644492199644,TRUE
https://github.com/apache/hadoop,14cd969b6ea1898e9db6eeb9ea5292ec4558a706,hadoop-common-project/hadoop-common,ID,org.apache.hadoop.metrics2.impl.TestMetricsSystemImpl.testInitFirstVerifyStopInvokedImmediately,testInitFirstVerifyStopInvokedImmediately,Accepted,https://github.com/apache/hadoop/pull/1868,,projects/14cd969b6ea1898e9db6eeb9ea5292ec4558a706/hadoop/hadoop-common-project/hadoop-common/src/test/java/org/apache/hadoop/metrics2/impl/TestMetricsSystemImpl.java,,"{0: 'test_failure', 1: 'build_failure', 2: 'build_failure', 3: 'build_failure', 4: 'Stitched:compilation_error', 5: 'compilation_error;Stitched:compilation_error'}",8,"{0: 'BUILD SUCCESS', 1: 'BUILD SUCCESS', 2: 'BUILD SUCCESS', 3: 'BUILD SUCCESS', 4: 'BUILD FAILURE', 5: 'BUILD FAILURE;Stitched:BUILD FAILURE'}",{},outputs/ID_Results_MagicCoder_projects_f2d66308f4c1db153f889ede330de32f2e2817af/all_rounds/hadoop/14cd969b6ea1898e9db6eeb9ea5292ec4558a706/hadoop-common-project/hadoop-common/org.apache.hadoop.metrics2.impl.TestMetricsSystemImpl.testInitFirstVerifyStopInvokedImmediately/5.patch,244.75075558794197,TRUE
https://github.com/apache/hadoop,14cd969b6ea1898e9db6eeb9ea5292ec4558a706,hadoop-common-project/hadoop-common,ID,org.apache.hadoop.security.TestGroupsCaching.testNegativeGroupCaching,testNegativeGroupCaching,Accepted,https://github.com/apache/hadoop/pull/1835,,projects/14cd969b6ea1898e9db6eeb9ea5292ec4558a706/hadoop/hadoop-common-project/hadoop-common/src/test/java/org/apache/hadoop/security/TestGroupsCaching.java,,"{0: 'test_failure', 1: 'build_failure', 2: 'build_failure', 3: 'build_failure;Stitched:build_failure', 4: 'build_failure', 5: 'build_failure'}",8,"{0: 'BUILD SUCCESS', 1: 'BUILD FAILURE', 2: 'BUILD FAILURE', 3: 'BUILD FAILURE;Stitched:BUILD FAILURE', 4: 'BUILD FAILURE', 5: 'BUILD FAILURE'}",{},outputs/ID_Results_MagicCoder_projects_f2d66308f4c1db153f889ede330de32f2e2817af/all_rounds/hadoop/14cd969b6ea1898e9db6eeb9ea5292ec4558a706/hadoop-common-project/hadoop-common/org.apache.hadoop.security.TestGroupsCaching.testNegativeGroupCaching/5.patch,124.71156981796958,TRUE
https://github.com/apache/hive,90fa9064f2c6907fbe6237cb46d5937eebd8ea31,standalone-metastore/metastore-server,ID,org.apache.hadoop.hive.common.TestStatsSetupConst.testStatColumnEntriesCompat,testStatColumnEntriesCompat,InspiredAFix,https://github.com/apache/hive/pull/1024,,projects/90fa9064f2c6907fbe6237cb46d5937eebd8ea31/hive/standalone-metastore/metastore-server/src/test/java/org/apache/hadoop/hive/common/TestStatsSetupConst.java,,"{0: 'test_failure', 1: 'Stitched:test_failure', 2: 'Stitched:test_failure', 3: 'test_failure', 4: 'test_failure', 5: 'Stitched:test_failure'}",8,"{0: 'BUILD SUCCESS', 1: 'BUILD SUCCESS', 2: 'BUILD SUCCESS', 3: 'BUILD SUCCESS', 4: 'BUILD SUCCESS', 5: 'BUILD SUCCESS'}",{},outputs/ID_Results_MagicCoder_projects_f2d66308f4c1db153f889ede330de32f2e2817af/all_rounds/hive/90fa9064f2c6907fbe6237cb46d5937eebd8ea31/standalone-metastore/metastore-server/org.apache.hadoop.hive.common.TestStatsSetupConst.testStatColumnEntriesCompat/5.patch,269.70939565100707,TRUE
https://github.com/apache/hive,90fa9064f2c6907fbe6237cb46d5937eebd8ea31,standalone-metastore/metastore-server,ID,org.apache.hadoop.hive.metastore.utils.TestMetaStoreServerUtils.testGetPartitionspecsGroupedBySDonePartitionCombined,testGetPartitionspecsGroupedBySDonePartitionCombined,Rejected,https://github.com/apache/hive/pull/2719,,projects/90fa9064f2c6907fbe6237cb46d5937eebd8ea31/hive/standalone-metastore/metastore-server/src/test/java/org/apache/hadoop/hive/metastore/utils/TestMetaStoreServerUtils.java,,"{0: 'test_failure', 1: 'Stitched:compilation_error', 2: 'Stitched:compilation_error', 3: 'build_failure', 4: 'build_failure', 5: 'build_failure'}",8,"{0: 'BUILD SUCCESS', 1: 'BUILD FAILURE', 2: 'BUILD FAILURE', 3: 'BUILD FAILURE', 4: 'BUILD FAILURE', 5: 'BUILD FAILURE'}",{},outputs/ID_Results_MagicCoder_projects_f2d66308f4c1db153f889ede330de32f2e2817af/all_rounds/hive/90fa9064f2c6907fbe6237cb46d5937eebd8ea31/standalone-metastore/metastore-server/org.apache.hadoop.hive.metastore.utils.TestMetaStoreServerUtils.testGetPartitionspecsGroupedBySDonePartitionCombined/5.patch,352.6411583829904,TRUE
https://github.com/apache/hive,90fa9064f2c6907fbe6237cb46d5937eebd8ea31,serde,ID,org.apache.hadoop.hive.serde2.objectinspector.TestObjectInspectorUtils.testObjectInspectorUtils,testObjectInspectorUtils,Opened,https://github.com/apache/hive/pull/4798,,projects/90fa9064f2c6907fbe6237cb46d5937eebd8ea31/hive/serde/src/test/org/apache/hadoop/hive/serde2/objectinspector/TestObjectInspectorUtils.java,,"{0: 'test_failure', 1: 'test_failure', 2: 'compilation_error', 3: 'compilation_error', 4: 'compilation_error', 5: 'compilation_error'}",8,"{0: 'BUILD SUCCESS', 1: 'BUILD SUCCESS', 2: 'BUILD FAILURE', 3: 'BUILD FAILURE', 4: 'BUILD FAILURE', 5: 'BUILD FAILURE'}",{},outputs/ID_Results_MagicCoder_projects_f2d66308f4c1db153f889ede330de32f2e2817af/all_rounds/hive/90fa9064f2c6907fbe6237cb46d5937eebd8ea31/serde/org.apache.hadoop.hive.serde2.objectinspector.TestObjectInspectorUtils.testObjectInspectorUtils/5.patch,308.8311495539965,TRUE
https://github.com/apache/hive,90fa9064f2c6907fbe6237cb46d5937eebd8ea31,serde,ID,org.apache.hadoop.hive.serde2.objectinspector.TestStandardObjectInspectors.testStandardUnionObjectInspector,testStandardUnionObjectInspector,Accepted,https://github.com/apache/hive/pull/929,,projects/90fa9064f2c6907fbe6237cb46d5937eebd8ea31/hive/serde/src/test/org/apache/hadoop/hive/serde2/objectinspector/TestStandardObjectInspectors.java,,{0: 'test_failure'},8,{0: 'BUILD SUCCESS'},"{1: 'CUDA out of memory. Tried to allocate 62.00 MiB. GPU 1 has a total capacity of 23.69 GiB of which 7.19 MiB is free. Process 28475 has 4.92 GiB memory in use. Including non-PyTorch memory, this process has 18.75 GiB memory in use. Of the allocated memory 16.57 GiB is allocated by PyTorch, and 1.18 GiB is reserved by PyTorch but unallocated. If reserved but unallocated memory is large try setting PYTORCH_CUDA_ALLOC_CONF=expandable_segments:True to avoid fragmentation.  See documentation for Memory Management  (https://pytorch.org/docs/stable/notes/cuda.html#environment-variables)'}",outputs/ID_Results_MagicCoder_projects_f2d66308f4c1db153f889ede330de32f2e2817af/all_rounds/hive/90fa9064f2c6907fbe6237cb46d5937eebd8ea31/serde/org.apache.hadoop.hive.serde2.objectinspector.TestStandardObjectInspectors.testStandardUnionObjectInspector/0.patch,53.91178271104582,TRUE
https://github.com/apache/hive,90fa9064f2c6907fbe6237cb46d5937eebd8ea31,serde,ID,org.apache.hadoop.hive.serde2.objectinspector.TestThriftObjectInspectors.testThriftSetObjectInspector,testThriftSetObjectInspector,Opened,https://github.com/apache/hive/pull/3735,,projects/90fa9064f2c6907fbe6237cb46d5937eebd8ea31/hive/serde/src/test/org/apache/hadoop/hive/serde2/objectinspector/TestThriftObjectInspectors.java,,"{0: 'test_failure', 1: 'compilation_error', 2: 'compilation_error', 3: 'compilation_error', 4: 'build_failure;Stitched:build_failure', 5: 'build_failure'}",8,"{0: 'BUILD SUCCESS', 1: 'BUILD FAILURE', 2: 'BUILD FAILURE', 3: 'BUILD FAILURE', 4: 'BUILD FAILURE;Stitched:BUILD FAILURE', 5: 'BUILD FAILURE'}",{},outputs/ID_Results_MagicCoder_projects_f2d66308f4c1db153f889ede330de32f2e2817af/all_rounds/hive/90fa9064f2c6907fbe6237cb46d5937eebd8ea31/serde/org.apache.hadoop.hive.serde2.objectinspector.TestThriftObjectInspectors.testThriftSetObjectInspector/5.patch,230.9641988859512,TRUE
https://github.com/apache/incubator-shardingsphere,038232e9b2f7fb22ccf50c04b74fb900732b345d,sharding-orchestration/sharding-orchestration-core,ID,org.apache.shardingsphere.orchestration.internal.registry.config.service.ConfigurationServiceTest.assertPersistConfigurationForMasterSlaveRuleWithAuthenticationAndIsNotOverwriteAndConfigurationIsNotExisted,assertPersistConfigurationForMasterSlaveRuleWithAuthenticationAndIsNotOverwriteAndConfigurationIsNotExisted,Accepted,https://github.com/apache/incubator-shardingsphere/pull/3109,,projects/038232e9b2f7fb22ccf50c04b74fb900732b345d/incubator-shardingsphere/sharding-orchestration/sharding-orchestration-core/src/test/java/org/apache/shardingsphere/orchestration/internal/registry/config/service/ConfigurationServiceTest.java,,"{0: 'test_failure', 1: 'Stitched:test_failure', 2: 'Stitched:build_failure', 3: 'build_failure', 4: 'build_failure', 5: 'build_failure'}",8,"{0: 'BUILD SUCCESS', 1: 'BUILD SUCCESS', 2: 'BUILD FAILURE', 3: 'BUILD FAILURE', 4: 'BUILD FAILURE', 5: 'BUILD FAILURE'}",{},outputs/ID_Results_MagicCoder_projects_f2d66308f4c1db153f889ede330de32f2e2817af/all_rounds/incubator-shardingsphere/038232e9b2f7fb22ccf50c04b74fb900732b345d/sharding-orchestration/sharding-orchestration-core/org.apache.shardingsphere.orchestration.internal.registry.config.service.ConfigurationServiceTest.assertPersistConfigurationForMasterSlaveRuleWithAuthenticationAndIsNotOverwriteAndConfigurationIsNotExisted/5.patch,314.6591993110487,TRUE
https://github.com/apache/incubator-shardingsphere,038232e9b2f7fb22ccf50c04b74fb900732b345d,sharding-orchestration/sharding-orchestration-core,ID,org.apache.shardingsphere.orchestration.internal.registry.config.service.ConfigurationServiceTest.assertPersistConfigurationForMasterSlaveRuleWithAuthenticationAndIsOverwrite,assertPersistConfigurationForMasterSlaveRuleWithAuthenticationAndIsOverwrite,Accepted,https://github.com/apache/incubator-shardingsphere/pull/3109,,projects/038232e9b2f7fb22ccf50c04b74fb900732b345d/incubator-shardingsphere/sharding-orchestration/sharding-orchestration-core/src/test/java/org/apache/shardingsphere/orchestration/internal/registry/config/service/ConfigurationServiceTest.java,,"{0: 'test_failure', 1: 'build_failure', 2: 'build_failure', 3: 'build_failure', 4: 'Stitched:build_failure', 5: 'Stitched:build_failure'}",8,"{0: 'BUILD SUCCESS', 1: 'BUILD FAILURE', 2: 'BUILD FAILURE', 3: 'BUILD FAILURE', 4: 'BUILD FAILURE', 5: 'BUILD FAILURE'}",{},outputs/ID_Results_MagicCoder_projects_f2d66308f4c1db153f889ede330de32f2e2817af/all_rounds/incubator-shardingsphere/038232e9b2f7fb22ccf50c04b74fb900732b345d/sharding-orchestration/sharding-orchestration-core/org.apache.shardingsphere.orchestration.internal.registry.config.service.ConfigurationServiceTest.assertPersistConfigurationForMasterSlaveRuleWithAuthenticationAndIsOverwrite/5.patch,205.65985325502697,TRUE
https://github.com/apache/incubator-shardingsphere,038232e9b2f7fb22ccf50c04b74fb900732b345d,sharding-orchestration/sharding-orchestration-core,ID,org.apache.shardingsphere.orchestration.internal.registry.config.service.ConfigurationServiceTest.assertPersistConfigurationForShardingRuleWithAuthenticationAndIsNotOverwriteAndConfigurationIsNotExisted,assertPersistConfigurationForShardingRuleWithAuthenticationAndIsNotOverwriteAndConfigurationIsNotExisted,Accepted,https://github.com/apache/incubator-shardingsphere/pull/3109,,projects/038232e9b2f7fb22ccf50c04b74fb900732b345d/incubator-shardingsphere/sharding-orchestration/sharding-orchestration-core/src/test/java/org/apache/shardingsphere/orchestration/internal/registry/config/service/ConfigurationServiceTest.java,,"{0: 'test_failure', 1: 'build_failure', 2: 'build_failure', 3: 'build_failure', 4: 'build_failure', 5: 'build_failure'}",8,"{0: 'BUILD SUCCESS', 1: 'BUILD FAILURE', 2: 'BUILD FAILURE', 3: 'BUILD FAILURE', 4: 'BUILD FAILURE', 5: 'BUILD FAILURE'}",{},outputs/ID_Results_MagicCoder_projects_f2d66308f4c1db153f889ede330de32f2e2817af/all_rounds/incubator-shardingsphere/038232e9b2f7fb22ccf50c04b74fb900732b345d/sharding-orchestration/sharding-orchestration-core/org.apache.shardingsphere.orchestration.internal.registry.config.service.ConfigurationServiceTest.assertPersistConfigurationForShardingRuleWithAuthenticationAndIsNotOverwriteAndConfigurationIsNotExisted/5.patch,235.96615639294032,TRUE
https://github.com/apache/incubator-shardingsphere,038232e9b2f7fb22ccf50c04b74fb900732b345d,sharding-orchestration/sharding-orchestration-core,ID,org.apache.shardingsphere.orchestration.internal.registry.config.service.ConfigurationServiceTest.assertPersistConfigurationForShardingRuleWithAuthenticationAndIsOverwrite,assertPersistConfigurationForShardingRuleWithAuthenticationAndIsOverwrite,Accepted,https://github.com/apache/incubator-shardingsphere/pull/3109,,projects/038232e9b2f7fb22ccf50c04b74fb900732b345d/incubator-shardingsphere/sharding-orchestration/sharding-orchestration-core/src/test/java/org/apache/shardingsphere/orchestration/internal/registry/config/service/ConfigurationServiceTest.java,,"{0: 'test_failure', 1: 'test_failure', 2: 'build_failure', 3: 'build_failure', 4: 'Stitched:build_failure', 5: 'build_failure'}",8,"{0: 'BUILD SUCCESS', 1: 'BUILD SUCCESS', 2: 'BUILD FAILURE', 3: 'BUILD FAILURE', 4: 'BUILD FAILURE', 5: 'BUILD FAILURE'}",{},outputs/ID_Results_MagicCoder_projects_f2d66308f4c1db153f889ede330de32f2e2817af/all_rounds/incubator-shardingsphere/038232e9b2f7fb22ccf50c04b74fb900732b345d/sharding-orchestration/sharding-orchestration-core/org.apache.shardingsphere.orchestration.internal.registry.config.service.ConfigurationServiceTest.assertPersistConfigurationForShardingRuleWithAuthenticationAndIsOverwrite/5.patch,212.54278469609562,TRUE
https://github.com/apache/incubator-shardingsphere,038232e9b2f7fb22ccf50c04b74fb900732b345d,sharding-jdbc/sharding-jdbc-core,ID,org.apache.shardingsphere.shardingjdbc.jdbc.core.statement.EncryptPreparedStatementTest.assertDeleteWithExecute,assertDeleteWithExecute,Accepted,https://github.com/apache/incubator-shardingsphere/pull/3164,,projects/038232e9b2f7fb22ccf50c04b74fb900732b345d/incubator-shardingsphere/sharding-jdbc/sharding-jdbc-core/src/test/java/org/apache/shardingsphere/shardingjdbc/jdbc/core/statement/EncryptPreparedStatementTest.java,,"{0: 'test_failure', 1: 'build_failure', 2: 'build_failure', 3: 'build_failure', 4: 'build_failure', 5: 'build_failure'}",8,"{0: 'BUILD SUCCESS', 1: 'BUILD FAILURE', 2: 'BUILD FAILURE', 3: 'BUILD FAILURE', 4: 'BUILD FAILURE', 5: 'BUILD FAILURE'}",{},outputs/ID_Results_MagicCoder_projects_f2d66308f4c1db153f889ede330de32f2e2817af/all_rounds/incubator-shardingsphere/038232e9b2f7fb22ccf50c04b74fb900732b345d/sharding-jdbc/sharding-jdbc-core/org.apache.shardingsphere.shardingjdbc.jdbc.core.statement.EncryptPreparedStatementTest.assertDeleteWithExecute/5.patch,164.09841131989378,TRUE
https://github.com/apache/incubator-shardingsphere,038232e9b2f7fb22ccf50c04b74fb900732b345d,sharding-jdbc/sharding-jdbc-core,ID,org.apache.shardingsphere.shardingjdbc.jdbc.core.statement.EncryptPreparedStatementTest.assertInsertWithBatchExecute,assertInsertWithBatchExecute,Accepted,https://github.com/apache/incubator-shardingsphere/pull/3164,,projects/038232e9b2f7fb22ccf50c04b74fb900732b345d/incubator-shardingsphere/sharding-jdbc/sharding-jdbc-core/src/test/java/org/apache/shardingsphere/shardingjdbc/jdbc/core/statement/EncryptPreparedStatementTest.java,,"{0: 'test_failure', 1: 'test_failure', 2: 'test_failure', 3: 'Stitched:build_failure', 4: 'build_failure', 5: 'build_failure'}",8,"{0: 'BUILD SUCCESS', 1: 'BUILD SUCCESS', 2: 'BUILD SUCCESS', 3: 'BUILD FAILURE', 4: 'BUILD FAILURE', 5: 'BUILD FAILURE'}",{},outputs/ID_Results_MagicCoder_projects_f2d66308f4c1db153f889ede330de32f2e2817af/all_rounds/incubator-shardingsphere/038232e9b2f7fb22ccf50c04b74fb900732b345d/sharding-jdbc/sharding-jdbc-core/org.apache.shardingsphere.shardingjdbc.jdbc.core.statement.EncryptPreparedStatementTest.assertInsertWithBatchExecute/5.patch,216.13258881506044,TRUE
https://github.com/apache/incubator-shardingsphere,038232e9b2f7fb22ccf50c04b74fb900732b345d,sharding-jdbc/sharding-jdbc-core,ID,org.apache.shardingsphere.shardingjdbc.jdbc.core.statement.EncryptPreparedStatementTest.assertInsertWithExecute,assertInsertWithExecute,Accepted,https://github.com/apache/incubator-shardingsphere/pull/3164,,projects/038232e9b2f7fb22ccf50c04b74fb900732b345d/incubator-shardingsphere/sharding-jdbc/sharding-jdbc-core/src/test/java/org/apache/shardingsphere/shardingjdbc/jdbc/core/statement/EncryptPreparedStatementTest.java,,"{0: 'test_failure', 1: 'test_failure', 2: 'build_failure', 3: 'build_failure', 4: 'build_failure', 5: 'build_failure'}",8,"{0: 'BUILD SUCCESS', 1: 'BUILD SUCCESS', 2: 'BUILD FAILURE', 3: 'BUILD FAILURE', 4: 'BUILD FAILURE', 5: 'BUILD FAILURE'}",{},outputs/ID_Results_MagicCoder_projects_f2d66308f4c1db153f889ede330de32f2e2817af/all_rounds/incubator-shardingsphere/038232e9b2f7fb22ccf50c04b74fb900732b345d/sharding-jdbc/sharding-jdbc-core/org.apache.shardingsphere.shardingjdbc.jdbc.core.statement.EncryptPreparedStatementTest.assertInsertWithExecute/5.patch,332.6056947,TRUE
https://github.com/apache/incubator-shardingsphere,038232e9b2f7fb22ccf50c04b74fb900732b345d,sharding-jdbc/sharding-jdbc-core,ID,org.apache.shardingsphere.shardingjdbc.jdbc.core.statement.EncryptPreparedStatementTest.assertInsertWithExecuteWithGeneratedKey,assertInsertWithExecuteWithGeneratedKey,Accepted,https://github.com/apache/incubator-shardingsphere/pull/3164,,projects/038232e9b2f7fb22ccf50c04b74fb900732b345d/incubator-shardingsphere/sharding-jdbc/sharding-jdbc-core/src/test/java/org/apache/shardingsphere/shardingjdbc/jdbc/core/statement/EncryptPreparedStatementTest.java,,"{0: 'test_failure', 1: 'test_failure', 2: 'test_failure', 3: 'test_failure', 4: 'build_failure', 5: 'Stitched:build_failure'}",8,"{0: 'BUILD SUCCESS', 1: 'BUILD SUCCESS', 2: 'BUILD SUCCESS', 3: 'BUILD SUCCESS', 4: 'BUILD FAILURE', 5: 'BUILD FAILURE'}",{},outputs/ID_Results_MagicCoder_projects_f2d66308f4c1db153f889ede330de32f2e2817af/all_rounds/incubator-shardingsphere/038232e9b2f7fb22ccf50c04b74fb900732b345d/sharding-jdbc/sharding-jdbc-core/org.apache.shardingsphere.shardingjdbc.jdbc.core.statement.EncryptPreparedStatementTest.assertInsertWithExecuteWithGeneratedKey/5.patch,227.14326286700089,TRUE
https://github.com/apache/incubator-shardingsphere,038232e9b2f7fb22ccf50c04b74fb900732b345d,sharding-jdbc/sharding-jdbc-core,ID,org.apache.shardingsphere.shardingjdbc.jdbc.core.statement.EncryptPreparedStatementTest.assertUpdateWithExecuteUpdate,assertUpdateWithExecuteUpdate,Accepted,https://github.com/apache/incubator-shardingsphere/pull/3164,,projects/038232e9b2f7fb22ccf50c04b74fb900732b345d/incubator-shardingsphere/sharding-jdbc/sharding-jdbc-core/src/test/java/org/apache/shardingsphere/shardingjdbc/jdbc/core/statement/EncryptPreparedStatementTest.java,,"{0: 'test_failure', 1: 'test_failure', 2: 'test_failure', 3: 'test_failure', 4: 'test_failure', 5: 'test_failure'}",8,"{0: 'BUILD SUCCESS', 1: 'BUILD SUCCESS', 2: 'BUILD SUCCESS', 3: 'BUILD SUCCESS', 4: 'BUILD SUCCESS', 5: 'BUILD SUCCESS'}",{},outputs/ID_Results_MagicCoder_projects_f2d66308f4c1db153f889ede330de32f2e2817af/all_rounds/incubator-shardingsphere/038232e9b2f7fb22ccf50c04b74fb900732b345d/sharding-jdbc/sharding-jdbc-core/org.apache.shardingsphere.shardingjdbc.jdbc.core.statement.EncryptPreparedStatementTest.assertUpdateWithExecuteUpdate/5.patch,290.9085993859917,TRUE
https://github.com/apache/incubator-shardingsphere,038232e9b2f7fb22ccf50c04b74fb900732b345d,sharding-jdbc/sharding-jdbc-core,ID,org.apache.shardingsphere.shardingjdbc.jdbc.core.statement.EncryptStatementTest.assertDeleteWithExecute,assertDeleteWithExecute,Accepted,https://github.com/apache/incubator-shardingsphere/pull/3164,,projects/038232e9b2f7fb22ccf50c04b74fb900732b345d/incubator-shardingsphere/sharding-jdbc/sharding-jdbc-core/src/test/java/org/apache/shardingsphere/shardingjdbc/jdbc/core/statement/EncryptStatementTest.java,,"{0: 'test_failure', 1: 'test_failure', 2: 'test_failure', 3: 'compilation_error', 4: 'compilation_error', 5: 'Stitched:compilation_error'}",8,"{0: 'BUILD SUCCESS', 1: 'BUILD SUCCESS', 2: 'BUILD SUCCESS', 3: 'BUILD FAILURE', 4: 'BUILD FAILURE', 5: 'BUILD FAILURE'}",{},outputs/ID_Results_MagicCoder_projects_f2d66308f4c1db153f889ede330de32f2e2817af/all_rounds/incubator-shardingsphere/038232e9b2f7fb22ccf50c04b74fb900732b345d/sharding-jdbc/sharding-jdbc-core/org.apache.shardingsphere.shardingjdbc.jdbc.core.statement.EncryptStatementTest.assertDeleteWithExecute/5.patch,196.40750775800552,TRUE
https://github.com/apache/incubator-shardingsphere,038232e9b2f7fb22ccf50c04b74fb900732b345d,sharding-jdbc/sharding-jdbc-core,ID,org.apache.shardingsphere.shardingjdbc.jdbc.core.statement.EncryptStatementTest.assertInsertWithExecute,assertInsertWithExecute,Accepted,https://github.com/apache/incubator-shardingsphere/pull/3164,,projects/038232e9b2f7fb22ccf50c04b74fb900732b345d/incubator-shardingsphere/sharding-jdbc/sharding-jdbc-core/src/test/java/org/apache/shardingsphere/shardingjdbc/jdbc/core/statement/EncryptStatementTest.java,,"{0: 'test_failure', 1: 'Stitched:compilation_error', 2: 'Stitched:compilation_error', 3: 'Stitched:compilation_error', 4: 'compilation_error', 5: 'compilation_error'}",8,"{0: 'BUILD SUCCESS', 1: 'BUILD FAILURE', 2: 'BUILD FAILURE', 3: 'BUILD FAILURE', 4: 'BUILD FAILURE', 5: 'BUILD FAILURE'}",{},outputs/ID_Results_MagicCoder_projects_f2d66308f4c1db153f889ede330de32f2e2817af/all_rounds/incubator-shardingsphere/038232e9b2f7fb22ccf50c04b74fb900732b345d/sharding-jdbc/sharding-jdbc-core/org.apache.shardingsphere.shardingjdbc.jdbc.core.statement.EncryptStatementTest.assertInsertWithExecute/5.patch,212.60767087398563,TRUE
https://github.com/apache/incubator-shardingsphere,038232e9b2f7fb22ccf50c04b74fb900732b345d,sharding-jdbc/sharding-jdbc-core,ID,org.apache.shardingsphere.shardingjdbc.jdbc.core.statement.EncryptStatementTest.assertInsertWithExecuteWithGeneratedKey,assertInsertWithExecuteWithGeneratedKey,Accepted,https://github.com/apache/incubator-shardingsphere/pull/3164,,projects/038232e9b2f7fb22ccf50c04b74fb900732b345d/incubator-shardingsphere/sharding-jdbc/sharding-jdbc-core/src/test/java/org/apache/shardingsphere/shardingjdbc/jdbc/core/statement/EncryptStatementTest.java,,"{0: 'test_failure', 1: 'test_failure', 2: 'Stitched:test_failure', 3: 'test_failure', 4: 'test_failure', 5: 'test_failure'}",8,"{0: 'BUILD SUCCESS', 1: 'BUILD SUCCESS', 2: 'BUILD SUCCESS', 3: 'BUILD SUCCESS', 4: 'BUILD SUCCESS', 5: 'BUILD SUCCESS'}",{},outputs/ID_Results_MagicCoder_projects_f2d66308f4c1db153f889ede330de32f2e2817af/all_rounds/incubator-shardingsphere/038232e9b2f7fb22ccf50c04b74fb900732b345d/sharding-jdbc/sharding-jdbc-core/org.apache.shardingsphere.shardingjdbc.jdbc.core.statement.EncryptStatementTest.assertInsertWithExecuteWithGeneratedKey/5.patch,228.92234024498612,TRUE
https://github.com/apache/incubator-shardingsphere,038232e9b2f7fb22ccf50c04b74fb900732b345d,sharding-jdbc/sharding-jdbc-core,ID,org.apache.shardingsphere.shardingjdbc.jdbc.core.statement.EncryptStatementTest.assertUpdateWithExecuteUpdate,assertUpdateWithExecuteUpdate,Accepted,https://github.com/apache/incubator-shardingsphere/pull/3164,,projects/038232e9b2f7fb22ccf50c04b74fb900732b345d/incubator-shardingsphere/sharding-jdbc/sharding-jdbc-core/src/test/java/org/apache/shardingsphere/shardingjdbc/jdbc/core/statement/EncryptStatementTest.java,,"{0: 'test_failure', 1: 'test_failure', 2: 'test_failure', 3: 'test_failure', 4: 'Stitched:build_failure', 5: 'build_failure;Stitched:build_failure'}",8,"{0: 'BUILD SUCCESS', 1: 'BUILD SUCCESS', 2: 'BUILD SUCCESS', 3: 'BUILD SUCCESS', 4: 'BUILD FAILURE', 5: 'BUILD FAILURE;Stitched:BUILD FAILURE'}",{},outputs/ID_Results_MagicCoder_projects_f2d66308f4c1db153f889ede330de32f2e2817af/all_rounds/incubator-shardingsphere/038232e9b2f7fb22ccf50c04b74fb900732b345d/sharding-jdbc/sharding-jdbc-core/org.apache.shardingsphere.shardingjdbc.jdbc.core.statement.EncryptStatementTest.assertUpdateWithExecuteUpdate/5.patch,235.42764697107486,TRUE
https://github.com/apache/pulsar,505e08a76425c6e49ff5bc691f8ca7587184a2bf,pulsar-client,ID,org.apache.pulsar.client.impl.schema.AvroSchemaTest.testAllowNullSchema,testAllowNullSchema,Accepted,https://github.com/apache/pulsar/pull/6247,,projects/505e08a76425c6e49ff5bc691f8ca7587184a2bf/pulsar/pulsar-client/src/test/java/org/apache/pulsar/client/impl/schema/AvroSchemaTest.java,,"{0: 'test_failure', 1: 'test_failure', 2: 'test_failure', 3: 'test_failure', 4: 'Stitched:test_failure', 5: 'test_failure'}",8,"{0: 'BUILD SUCCESS', 1: 'BUILD SUCCESS', 2: 'BUILD SUCCESS', 3: 'BUILD SUCCESS', 4: 'BUILD SUCCESS', 5: 'BUILD SUCCESS'}",{},outputs/ID_Results_MagicCoder_projects_f2d66308f4c1db153f889ede330de32f2e2817af/all_rounds/pulsar/505e08a76425c6e49ff5bc691f8ca7587184a2bf/pulsar-client/org.apache.pulsar.client.impl.schema.AvroSchemaTest.testAllowNullSchema/5.patch,411.9933988159755,TRUE
https://github.com/apache/pulsar,505e08a76425c6e49ff5bc691f8ca7587184a2bf,pulsar-client,ID,org.apache.pulsar.client.impl.schema.AvroSchemaTest.testNotAllowNullSchema,testNotAllowNullSchema,Accepted,https://github.com/apache/pulsar/pull/6247,,projects/505e08a76425c6e49ff5bc691f8ca7587184a2bf/pulsar/pulsar-client/src/test/java/org/apache/pulsar/client/impl/schema/AvroSchemaTest.java,,"{0: 'test_failure', 1: 'test_failure', 2: 'Stitched:test_failure', 3: 'test_failure', 4: 'test_failure', 5: 'test_failure'}",8,"{0: 'BUILD SUCCESS', 1: 'BUILD SUCCESS', 2: 'BUILD SUCCESS', 3: 'BUILD SUCCESS', 4: 'BUILD SUCCESS', 5: 'BUILD SUCCESS'}",{},outputs/ID_Results_MagicCoder_projects_f2d66308f4c1db153f889ede330de32f2e2817af/all_rounds/pulsar/505e08a76425c6e49ff5bc691f8ca7587184a2bf/pulsar-client/org.apache.pulsar.client.impl.schema.AvroSchemaTest.testNotAllowNullSchema/5.patch,255.1598010599846,TRUE
https://github.com/apache/pulsar,505e08a76425c6e49ff5bc691f8ca7587184a2bf,pulsar-client,ID,org.apache.pulsar.client.impl.schema.JSONSchemaTest.testAllowNullSchema,testAllowNullSchema,Accepted,https://github.com/apache/pulsar/pull/6435,,projects/505e08a76425c6e49ff5bc691f8ca7587184a2bf/pulsar/pulsar-client/src/test/java/org/apache/pulsar/client/impl/schema/JSONSchemaTest.java,,"{0: 'test_failure', 1: 'Stitched:test_failure', 2: 'test_failure', 3: 'test_failure', 4: 'test_failure', 5: 'test_failure'}",8,"{0: 'BUILD SUCCESS', 1: 'BUILD SUCCESS', 2: 'BUILD SUCCESS', 3: 'BUILD SUCCESS', 4: 'BUILD SUCCESS', 5: 'BUILD SUCCESS'}",{},outputs/ID_Results_MagicCoder_projects_f2d66308f4c1db153f889ede330de32f2e2817af/all_rounds/pulsar/505e08a76425c6e49ff5bc691f8ca7587184a2bf/pulsar-client/org.apache.pulsar.client.impl.schema.JSONSchemaTest.testAllowNullSchema/5.patch,248.24605566402897,TRUE
https://github.com/apache/pulsar,505e08a76425c6e49ff5bc691f8ca7587184a2bf,pulsar-client,ID,org.apache.pulsar.client.impl.schema.JSONSchemaTest.testNotAllowNullSchema,testNotAllowNullSchema,Accepted,https://github.com/apache/pulsar/pull/6435,,projects/505e08a76425c6e49ff5bc691f8ca7587184a2bf/pulsar/pulsar-client/src/test/java/org/apache/pulsar/client/impl/schema/JSONSchemaTest.java,,"{0: 'test_failure', 1: 'test_failure', 2: 'test_failure', 3: 'Stitched:compilation_error', 4: 'compilation_error', 5: 'Stitched:compilation_error'}",8,"{0: 'BUILD SUCCESS', 1: 'BUILD SUCCESS', 2: 'BUILD SUCCESS', 3: 'BUILD FAILURE', 4: 'BUILD FAILURE', 5: 'BUILD FAILURE'}",{},outputs/ID_Results_MagicCoder_projects_f2d66308f4c1db153f889ede330de32f2e2817af/all_rounds/pulsar/505e08a76425c6e49ff5bc691f8ca7587184a2bf/pulsar-client/org.apache.pulsar.client.impl.schema.JSONSchemaTest.testNotAllowNullSchema/5.patch,218.2131037049694,TRUE
https://github.com/apache/pulsar,505e08a76425c6e49ff5bc691f8ca7587184a2bf,pulsar-client,ID,org.apache.pulsar.client.impl.schema.KeyValueSchemaInfoTest.testKeyValueSchemaInfoToString,testKeyValueSchemaInfoToString,Accepted,https://github.com/apache/pulsar/pull/6435,,projects/505e08a76425c6e49ff5bc691f8ca7587184a2bf/pulsar/pulsar-client/src/test/java/org/apache/pulsar/client/impl/schema/KeyValueSchemaInfoTest.java,,"{0: 'test_failure', 1: 'build_failure', 2: 'Stitched:build_failure', 3: 'Stitched:build_failure', 4: 'build_failure', 5: 'build_failure'}",8,"{0: 'BUILD SUCCESS', 1: 'BUILD FAILURE', 2: 'BUILD FAILURE', 3: 'BUILD FAILURE', 4: 'BUILD FAILURE', 5: 'BUILD FAILURE'}",{},outputs/ID_Results_MagicCoder_projects_f2d66308f4c1db153f889ede330de32f2e2817af/all_rounds/pulsar/505e08a76425c6e49ff5bc691f8ca7587184a2bf/pulsar-client/org.apache.pulsar.client.impl.schema.KeyValueSchemaInfoTest.testKeyValueSchemaInfoToString/5.patch,174.16001003899146,TRUE
https://github.com/apache/avro,bfbd2d115aec576545b0673e876a652806b41986,lang/java/avro,ID,org.apache.avro.reflect.TestReflect.testAnnotationMultiAvroMeta,testAnnotationMultiAvroMeta,Opened,https://github.com/apache/avro/pull/2012,,projects/bfbd2d115aec576545b0673e876a652806b41986/avro/lang/java/avro/src/test/java/org/apache/avro/reflect/TestReflect.java,,"{0: 'test_failure', 1: 'Stitched:compilation_error', 2: 'Stitched:compilation_error', 3: 'Stitched:compilation_error'}",8,"{0: 'BUILD SUCCESS', 1: 'BUILD FAILURE', 2: 'BUILD FAILURE', 3: 'BUILD FAILURE'}","{4: 'CUDA out of memory. Tried to allocate 1.47 GiB. GPU 0 has a total capacity of 23.69 GiB of which 85.19 MiB is free. Process 28475 has 4.92 GiB memory in use. Including non-PyTorch memory, this process has 18.68 GiB memory in use. Of the allocated memory 15.82 GiB is allocated by PyTorch, and 1.86 GiB is reserved by PyTorch but unallocated. If reserved but unallocated memory is large try setting PYTORCH_CUDA_ALLOC_CONF=expandable_segments:True to avoid fragmentation.  See documentation for Memory Management  (https://pytorch.org/docs/stable/notes/cuda.html#environment-variables)'}",outputs/ID_Results_MagicCoder_projects_f2d66308f4c1db153f889ede330de32f2e2817af/all_rounds/avro/bfbd2d115aec576545b0673e876a652806b41986/lang/java/avro/org.apache.avro.reflect.TestReflect.testAnnotationMultiAvroMeta/3.patch,91.347076,TRUE
https://github.com/apache/avro,bfbd2d115aec576545b0673e876a652806b41986,lang/java/avro,ID,org.apache.avro.reflect.TestReflect.testAvroDoc,testAvroDoc,Accepted,https://github.com/apache/avro/pull/667,,projects/bfbd2d115aec576545b0673e876a652806b41986/avro/lang/java/avro/src/test/java/org/apache/avro/reflect/TestReflect.java,,"{0: 'test_failure', 1: 'test_failure', 2: 'test_failure', 3: 'test_failure', 4: 'test_failure', 5: 'test_failure'}",8,"{0: 'BUILD SUCCESS', 1: 'BUILD SUCCESS', 2: 'BUILD SUCCESS', 3: 'BUILD SUCCESS', 4: 'BUILD SUCCESS', 5: 'BUILD SUCCESS'}",{},outputs/ID_Results_MagicCoder_projects_f2d66308f4c1db153f889ede330de32f2e2817af/all_rounds/avro/bfbd2d115aec576545b0673e876a652806b41986/lang/java/avro/org.apache.avro.reflect.TestReflect.testAvroDoc/5.patch,133.21080870798323,TRUE
https://github.com/apache/avro,bfbd2d115aec576545b0673e876a652806b41986,lang/java/avro,ID,org.apache.avro.reflect.TestReflect.testRecord,testRecord,Accepted,https://github.com/apache/avro/pull/667,,projects/bfbd2d115aec576545b0673e876a652806b41986/avro/lang/java/avro/src/test/java/org/apache/avro/reflect/TestReflect.java,,"{0: 'test_failure', 1: 'test_failure', 2: 'test_failure', 3: 'test_failure', 4: 'Stitched:test_failure', 5: 'test_failure'}",8,"{0: 'BUILD SUCCESS', 1: 'BUILD SUCCESS', 2: 'BUILD SUCCESS', 3: 'BUILD SUCCESS', 4: 'BUILD SUCCESS', 5: 'BUILD SUCCESS'}",{},outputs/ID_Results_MagicCoder_projects_f2d66308f4c1db153f889ede330de32f2e2817af/all_rounds/avro/bfbd2d115aec576545b0673e876a652806b41986/lang/java/avro/org.apache.avro.reflect.TestReflect.testRecord/5.patch,109.46160588494968,TRUE
https://github.com/apache/flink,521e742bfc034d66168e151e15e65e29a23b56c9,flink-runtime,ID,org.apache.flink.runtime.state.OperatorStateBackendTest.testSnapshotRestoreAsync,testSnapshotRestoreAsync,DeveloperWontFix,,https://github.com/MyEnthusiastic/flink/pull/1;https://github.com/apache/flink/pull/23464;https://issues.apache.org/jira/browse/FLINK-33499,projects/521e742bfc034d66168e151e15e65e29a23b56c9/flink/flink-runtime/src/test/java/org/apache/flink/runtime/state/OperatorStateBackendTest.java,,{0: 'test_failure'},8,{0: 'BUILD SUCCESS'},"{1: 'CUDA out of memory. Tried to allocate 62.00 MiB. GPU 1 has a total capacity of 23.69 GiB of which 7.19 MiB is free. Process 28475 has 4.92 GiB memory in use. Including non-PyTorch memory, this process has 18.75 GiB memory in use. Of the allocated memory 16.57 GiB is allocated by PyTorch, and 1.18 GiB is reserved by PyTorch but unallocated. If reserved but unallocated memory is large try setting PYTORCH_CUDA_ALLOC_CONF=expandable_segments:True to avoid fragmentation.  See documentation for Memory Management  (https://pytorch.org/docs/stable/notes/cuda.html#environment-variables)'}",outputs/ID_Results_MagicCoder_projects_f2d66308f4c1db153f889ede330de32f2e2817af/all_rounds/flink/521e742bfc034d66168e151e15e65e29a23b56c9/flink-runtime/org.apache.flink.runtime.state.OperatorStateBackendTest.testSnapshotRestoreAsync/0.patch,60.23998573701829,TRUE
https://github.com/apache/hive,90fa9064f2c6907fbe6237cb46d5937eebd8ea31,serde,ID,org.apache.hadoop.hive.serde2.columnar.TestLazyBinaryColumnarSerDe.testHandlingAlteredSchemas,testHandlingAlteredSchemas,Rejected,https://github.com/apache/hive/pull/923,,projects/90fa9064f2c6907fbe6237cb46d5937eebd8ea31/hive/serde/src/test/org/apache/hadoop/hive/serde2/columnar/TestLazyBinaryColumnarSerDe.java,,"{0: 'test_failure', 1: 'Stitched:compilation_error', 2: 'Stitched:compilation_error'}",8,"{0: 'BUILD SUCCESS', 1: 'BUILD FAILURE', 2: 'BUILD FAILURE'}","{3: 'CUDA out of memory. Tried to allocate 66.00 MiB. GPU 1 has a total capacity of 23.69 GiB of which 63.19 MiB is free. Process 28475 has 4.92 GiB memory in use. Including non-PyTorch memory, this process has 18.70 GiB memory in use. Of the allocated memory 16.74 GiB is allocated by PyTorch, and 979.63 MiB is reserved by PyTorch but unallocated. If reserved but unallocated memory is large try setting PYTORCH_CUDA_ALLOC_CONF=expandable_segments:True to avoid fragmentation.  See documentation for Memory Management  (https://pytorch.org/docs/stable/notes/cuda.html#environment-variables)'}",outputs/ID_Results_MagicCoder_projects_f2d66308f4c1db153f889ede330de32f2e2817af/all_rounds/hive/90fa9064f2c6907fbe6237cb46d5937eebd8ea31/serde/org.apache.hadoop.hive.serde2.columnar.TestLazyBinaryColumnarSerDe.testHandlingAlteredSchemas/2.patch,293.36061786301434,TRUE
https://github.com/apache/openwebbeans,424af4bb7285b806d3e3efe5020cd3e440e0a4ff,webbeans-impl,ID,org.apache.webbeans.test.annotation.binding.BeanCacheKeyUnitTest.testEquals2Annotations,testEquals2Annotations,Rejected,https://github.com/apache/openwebbeans/pull/53,https://github.com/TestingResearchIllinois/idoft/issues/561,projects/424af4bb7285b806d3e3efe5020cd3e440e0a4ff/openwebbeans/webbeans-impl/src/test/java/org/apache/webbeans/test/annotation/binding/BeanCacheKeyUnitTest.java,,"{0: 'test_failure', 1: 'test_failure', 2: 'build_failure', 3: 'build_failure', 4: 'build_failure', 5: 'build_failure'}",8,"{0: 'BUILD SUCCESS', 1: 'BUILD SUCCESS', 2: 'BUILD FAILURE', 3: 'BUILD FAILURE', 4: 'BUILD FAILURE', 5: 'BUILD FAILURE'}",{},outputs/ID_Results_MagicCoder_projects_f2d66308f4c1db153f889ede330de32f2e2817af/all_rounds/openwebbeans/424af4bb7285b806d3e3efe5020cd3e440e0a4ff/webbeans-impl/org.apache.webbeans.test.annotation.binding.BeanCacheKeyUnitTest.testEquals2Annotations/5.patch,117.21034724195488,TRUE
https://github.com/apache/nifi,2bd752d868a8f3e36113b078bb576cf054e945e8,nifi-commons/nifi-record,ID,org.apache.nifi.serialization.record.TestDataTypeUtils.testInferTypeWithMapNonStringKeys,testInferTypeWithMapNonStringKeys,Accepted,https://github.com/apache/nifi/pull/5883,the PR itself was approved and closed but the commit https://github.com/apache/nifi/commit/8d5de6b292981818e81ffd6cb3b8773c710884ca was added,projects/2bd752d868a8f3e36113b078bb576cf054e945e8/nifi/nifi-commons/nifi-record/src/test/java/org/apache/nifi/serialization/record/TestDataTypeUtils.java,,"{0: 'test_failure', 1: 'test_failure', 2: 'compilation_error', 3: 'compilation_error', 4: 'compilation_error', 5: 'compilation_error'}",8,"{0: 'BUILD SUCCESS', 1: 'BUILD SUCCESS', 2: 'BUILD FAILURE', 3: 'BUILD FAILURE', 4: 'BUILD FAILURE', 5: 'BUILD FAILURE'}",{},outputs/ID_Results_MagicCoder_projects_f2d66308f4c1db153f889ede330de32f2e2817af/all_rounds/nifi/2bd752d868a8f3e36113b078bb576cf054e945e8/nifi-commons/nifi-record/org.apache.nifi.serialization.record.TestDataTypeUtils.testInferTypeWithMapNonStringKeys/5.patch,105.29059957095888,TRUE
https://github.com/apache/nifi,2bd752d868a8f3e36113b078bb576cf054e945e8,nifi-nar-bundles/nifi-parquet-bundle/nifi-parquet-processors,ID,org.apache.nifi.processors.parquet.TestConvertAvroToParquet.testData,testData,Opened,https://github.com/apache/nifi/pull/6757,,projects/2bd752d868a8f3e36113b078bb576cf054e945e8/nifi/nifi-nar-bundles/nifi-parquet-bundle/nifi-parquet-processors/src/test/java/org/apache/nifi/processors/parquet/TestConvertAvroToParquet.java,,"{0: 'test_failure', 1: 'compilation_error'}",8,"{0: 'BUILD SUCCESS', 1: 'BUILD FAILURE'}","{2: 'CUDA out of memory. Tried to allocate 1.23 GiB. GPU 1 has a total capacity of 23.69 GiB of which 869.19 MiB is free. Process 28475 has 4.92 GiB memory in use. Including non-PyTorch memory, this process has 17.91 GiB memory in use. Of the allocated memory 15.40 GiB is allocated by PyTorch, and 1.51 GiB is reserved by PyTorch but unallocated. If reserved but unallocated memory is large try setting PYTORCH_CUDA_ALLOC_CONF=expandable_segments:True to avoid fragmentation.  See documentation for Memory Management  (https://pytorch.org/docs/stable/notes/cuda.html#environment-variables)'}",outputs/ID_Results_MagicCoder_projects_f2d66308f4c1db153f889ede330de32f2e2817af/all_rounds/nifi/2bd752d868a8f3e36113b078bb576cf054e945e8/nifi-nar-bundles/nifi-parquet-bundle/nifi-parquet-processors/org.apache.nifi.processors.parquet.TestConvertAvroToParquet.testData/1.patch,115.86774051410612,TRUE
https://github.com/apache/nifi,2bd752d868a8f3e36113b078bb576cf054e945e8,nifi-nar-bundles/nifi-standard-services/nifi-hbase_1_1_2-client-service-bundle/nifi-hbase_1_1_2-client-service,ID,org.apache.nifi.hbase.TestHBase_1_1_2_ClientService.testScan,testScan,Accepted,https://github.com/apache/nifi/pull/6632,,projects/2bd752d868a8f3e36113b078bb576cf054e945e8/nifi/nifi-nar-bundles/nifi-standard-services/nifi-hbase_1_1_2-client-service-bundle/nifi-hbase_1_1_2-client-service/src/test/java/org/apache/nifi/hbase/TestHBase_1_1_2_ClientService.java,outputs/ID_Results_MagicCoder_projects_f2d66308f4c1db153f889ede330de32f2e2817af/GoodPatches/nifi/2bd752d868a8f3e36113b078bb576cf054e945e8/nifi-nar-bundles/nifi-standard-services/nifi-hbase_1_1_2-client-service-bundle/nifi-hbase_1_1_2-client-service/org.apache.nifi.hbase.TestHBase_1_1_2_ClientService.testScan/1.patch,"{0: 'test_failure', 1: 'test_pass'}",8,"{0: 'BUILD SUCCESS', 1: 'BUILD SUCCESS'}",{},outputs/ID_Results_MagicCoder_projects_f2d66308f4c1db153f889ede330de32f2e2817af/all_rounds/nifi/2bd752d868a8f3e36113b078bb576cf054e945e8/nifi-nar-bundles/nifi-standard-services/nifi-hbase_1_1_2-client-service-bundle/nifi-hbase_1_1_2-client-service/org.apache.nifi.hbase.TestHBase_1_1_2_ClientService.testScan/1.patch,45.53647471696604,TRUE
https://github.com/apache/shenyu,22546ae0e6a4047ee08bf4a41f9114f47ba57e19,shenyu-admin,ID,org.apache.shenyu.admin.service.PermissionServiceTest.testGetPermissionMenu,testGetPermissionMenu,Accepted,https://github.com/apache/shenyu/pull/5241,,projects/22546ae0e6a4047ee08bf4a41f9114f47ba57e19/shenyu/shenyu-admin/src/test/java/org/apache/shenyu/admin/service/PermissionServiceTest.java,,"{0: 'test_failure', 1: 'test_failure', 2: 'compilation_error', 3: 'compilation_error', 4: 'compilation_error', 5: 'compilation_error'}",8,"{0: 'BUILD SUCCESS', 1: 'BUILD SUCCESS', 2: 'BUILD FAILURE', 3: 'BUILD FAILURE', 4: 'BUILD FAILURE', 5: 'BUILD FAILURE'}",{},outputs/ID_Results_MagicCoder_projects_f2d66308f4c1db153f889ede330de32f2e2817af/all_rounds/shenyu/22546ae0e6a4047ee08bf4a41f9114f47ba57e19/shenyu-admin/org.apache.shenyu.admin.service.PermissionServiceTest.testGetPermissionMenu/5.patch,276.1435605980223,TRUE
https://github.com/apache/commons-collections,81e3a7ec0492148724da4512fcefcb47ba82894a,.,ID,org.apache.commons.collections4.CollectionUtilsTest.getFromMap,getFromMap,Accepted,https://github.com/apache/commons-collections/pull/200,,projects/81e3a7ec0492148724da4512fcefcb47ba82894a/commons-collections/src/test/java/org/apache/commons/collections4/CollectionUtilsTest.java,outputs/ID_Results_MagicCoder_projects_f2d66308f4c1db153f889ede330de32f2e2817af/GoodPatches/commons-collections/81e3a7ec0492148724da4512fcefcb47ba82894a/./org.apache.commons.collections4.CollectionUtilsTest.getFromMap/1.patch,"{0: 'test_failure', 1: 'test_pass'}",8,"{0: 'BUILD SUCCESS', 1: 'BUILD SUCCESS'}",{},outputs/ID_Results_MagicCoder_projects_f2d66308f4c1db153f889ede330de32f2e2817af/all_rounds/commons-collections/81e3a7ec0492148724da4512fcefcb47ba82894a/./org.apache.commons.collections4.CollectionUtilsTest.getFromMap/1.patch,34.915370736969635,TRUE
https://github.com/apache/dubbo,5349c13a36d277a090e1dc68fbe7c3b46d78fc90,dubbo-common,ID,org.apache.dubbo.common.URLTest.testHashcode,testHashcode,Opened,https://github.com/apache/dubbo/pull/11115,,projects/5349c13a36d277a090e1dc68fbe7c3b46d78fc90/dubbo/dubbo-common/src/test/java/org/apache/dubbo/common/URLTest.java,,"{0: 'test_failure', 1: 'test_failure', 2: 'test_failure', 3: 'test_failure', 4: 'test_failure', 5: 'test_failure'}",8,"{0: 'BUILD SUCCESS', 1: 'BUILD SUCCESS', 2: 'BUILD SUCCESS', 3: 'BUILD SUCCESS', 4: 'BUILD SUCCESS', 5: 'BUILD SUCCESS'}",{},outputs/ID_Results_MagicCoder_projects_f2d66308f4c1db153f889ede330de32f2e2817af/all_rounds/dubbo/5349c13a36d277a090e1dc68fbe7c3b46d78fc90/dubbo-common/org.apache.dubbo.common.URLTest.testHashcode/5.patch,216.38090594299138,TRUE
https://github.com/apache/incubator-hugegraph-toolchain,1c47673eb9511d3eff0d0901012a69d7a0148cdc,hugegraph-client,ID,org.apache.hugegraph.unit.IndexLabelTest.testIndexLabelV49,testIndexLabelV49,Accepted,https://github.com/apache/incubator-hugegraph-toolchain/pull/398,,projects/1c47673eb9511d3eff0d0901012a69d7a0148cdc/incubator-hugegraph-toolchain/hugegraph-client/src/test/java/org/apache/hugegraph/unit/IndexLabelTest.java,,"{0: 'test_failure', 1: 'test_failure', 2: 'test_failure', 3: 'test_failure', 4: 'test_failure', 5: 'test_failure'}",8,"{0: 'BUILD SUCCESS', 1: 'BUILD SUCCESS', 2: 'BUILD SUCCESS', 3: 'BUILD SUCCESS', 4: 'BUILD SUCCESS', 5: 'BUILD SUCCESS'}",{},outputs/ID_Results_MagicCoder_projects_f2d66308f4c1db153f889ede330de32f2e2817af/all_rounds/incubator-hugegraph-toolchain/1c47673eb9511d3eff0d0901012a69d7a0148cdc/hugegraph-client/org.apache.hugegraph.unit.IndexLabelTest.testIndexLabelV49/5.patch,199.47839632607065,TRUE
https://github.com/apache/jackrabbit-oak,08eab301c869c227d8721da0e9b9bd3d2029d458,oak-store-document,ID,org.apache.jackrabbit.oak.plugins.document.ClusterViewTest.testSeveralActiveOneInactive,testSeveralActiveOneInactive,InspiredAFix,https://github.com/apache/jackrabbit-oak/pull/433,https://github.com/TestingResearchIllinois/idoft/pull/465,projects/08eab301c869c227d8721da0e9b9bd3d2029d458/jackrabbit-oak/oak-store-document/src/test/java/org/apache/jackrabbit/oak/plugins/document/ClusterViewTest.java,,"{0: 'test_failure', 1: 'Stitched:test_failure', 2: 'compilation_error', 3: 'compilation_error;Stitched:compilation_error', 4: 'compilation_error', 5: 'Stitched:compilation_error'}",8,"{0: 'BUILD SUCCESS', 1: 'BUILD SUCCESS', 2: 'BUILD FAILURE', 3: 'BUILD FAILURE;Stitched:BUILD FAILURE', 4: 'BUILD FAILURE', 5: 'BUILD FAILURE'}",{},outputs/ID_Results_MagicCoder_projects_f2d66308f4c1db153f889ede330de32f2e2817af/all_rounds/jackrabbit-oak/08eab301c869c227d8721da0e9b9bd3d2029d458/oak-store-document/org.apache.jackrabbit.oak.plugins.document.ClusterViewTest.testSeveralActiveOneInactive/5.patch,246.31865787599236,TRUE
https://github.com/apache/nifi,2bd752d868a8f3e36113b078bb576cf054e945e8,nifi-nar-bundles/nifi-standard-services/nifi-hbase_2-client-service-bundle/nifi-hbase_2-client-service,ID,org.apache.nifi.hbase.TestHBase_2_ClientService.testScan,testScan,Accepted,https://github.com/apache/nifi/pull/6516,the original PR is closed but changes are committed https://github.com/apache/nifi/commit/a5d93d96a30b3af73146e4b3c2a36a86332bb774,projects/2bd752d868a8f3e36113b078bb576cf054e945e8/nifi/nifi-nar-bundles/nifi-standard-services/nifi-hbase_2-client-service-bundle/nifi-hbase_2-client-service/src/test/java/org/apache/nifi/hbase/TestHBase_2_ClientService.java,,"{0: 'test_failure', 1: 'test_failure', 2: 'test_failure', 3: 'Stitched:pom_error;Stitched:pom_error', 4: 'pom_error', 5: 'pom_error;Stitched:pom_error'}",8,"{0: 'BUILD SUCCESS', 1: 'BUILD SUCCESS', 2: 'BUILD SUCCESS', 3: 'BUILD FAILURE;Stitched:BUILD FAILURE', 4: 'BUILD FAILURE', 5: 'BUILD FAILURE;Stitched:BUILD FAILURE'}",{},outputs/ID_Results_MagicCoder_projects_f2d66308f4c1db153f889ede330de32f2e2817af/all_rounds/nifi/2bd752d868a8f3e36113b078bb576cf054e945e8/nifi-nar-bundles/nifi-standard-services/nifi-hbase_2-client-service-bundle/nifi-hbase_2-client-service/org.apache.nifi.hbase.TestHBase_2_ClientService.testScan/5.patch,245.12401199701708,TRUE
https://github.com/apache/nifi,2bd752d868a8f3e36113b078bb576cf054e945e8,nifi-nar-bundles/nifi-framework-bundle/nifi-framework/nifi-framework-authorization-providers,ID,org.apache.nifi.authorization.CompositeUserGroupProviderTest.testMultipleProvidersWithCollaboratingUserGroupProvider,testMultipleProvidersWithCollaboratingUserGroupProvider,Accepted,https://github.com/apache/nifi/pull/5524,https://github.com/apache/nifi/commit/8171ecb2c1f9d2ea56f330dafd1df6e100f15413,projects/2bd752d868a8f3e36113b078bb576cf054e945e8/nifi/nifi-nar-bundles/nifi-framework-bundle/nifi-framework/nifi-framework-authorization-providers/src/test/java/org/apache/nifi/authorization/CompositeUserGroupProviderTest.java,,"{0: 'test_failure', 1: 'test_failure', 2: 'build_failure', 3: 'build_failure', 4: 'Stitched:build_failure', 5: 'build_failure'}",8,"{0: 'BUILD SUCCESS', 1: 'BUILD SUCCESS', 2: 'BUILD FAILURE', 3: 'BUILD FAILURE', 4: 'BUILD FAILURE', 5: 'BUILD FAILURE'}",{},outputs/ID_Results_MagicCoder_projects_f2d66308f4c1db153f889ede330de32f2e2817af/all_rounds/nifi/2bd752d868a8f3e36113b078bb576cf054e945e8/nifi-nar-bundles/nifi-framework-bundle/nifi-framework/nifi-framework-authorization-providers/org.apache.nifi.authorization.CompositeUserGroupProviderTest.testMultipleProvidersWithCollaboratingUserGroupProvider/5.patch,174.0068863038905,TRUE
https://github.com/apache/aries-cdi,1b39afdec269266b91fe258dd4abe3bcf91aadcb,cdi-extender,ID,org.apache.aries.cdi.container.internal.model.MapsTest.checkMerge_1,checkMerge_1,Opened,https://github.com/apache/aries-cdi/pull/116,,projects/1b39afdec269266b91fe258dd4abe3bcf91aadcb/aries-cdi/cdi-extender/src/test/java/org/apache/aries/cdi/container/internal/model/MapsTest.java,,"{0: 'test_failure', 1: 'test_failure', 2: 'Stitched:test_failure', 3: 'Stitched:test_failure', 4: 'Stitched:compilation_error', 5: 'compilation_error'}",8,"{0: 'BUILD SUCCESS', 1: 'BUILD SUCCESS', 2: 'BUILD SUCCESS', 3: 'BUILD SUCCESS', 4: 'BUILD FAILURE', 5: 'BUILD FAILURE'}",{},outputs/ID_Results_MagicCoder_projects_f2d66308f4c1db153f889ede330de32f2e2817af/all_rounds/aries-cdi/1b39afdec269266b91fe258dd4abe3bcf91aadcb/cdi-extender/org.apache.aries.cdi.container.internal.model.MapsTest.checkMerge_1/5.patch,160.03854040708393,TRUE
https://github.com/apache/nifi,2bd752d868a8f3e36113b078bb576cf054e945e8,nifi-nar-bundles/nifi-framework-bundle/nifi-framework/nifi-framework-cluster,ID,org.apache.nifi.cluster.coordination.http.replication.okhttp.TestJsonEntitySerializer.testBulletinEntity,testBulletinEntity,Accepted,https://github.com/apache/nifi/pull/6515,,projects/2bd752d868a8f3e36113b078bb576cf054e945e8/nifi/nifi-nar-bundles/nifi-framework-bundle/nifi-framework/nifi-framework-cluster/src/test/java/org/apache/nifi/cluster/coordination/http/replication/okhttp/TestJsonEntitySerializer.java,outputs/ID_Results_MagicCoder_projects_f2d66308f4c1db153f889ede330de32f2e2817af/GoodPatches/nifi/2bd752d868a8f3e36113b078bb576cf054e945e8/nifi-nar-bundles/nifi-framework-bundle/nifi-framework/nifi-framework-cluster/org.apache.nifi.cluster.coordination.http.replication.okhttp.TestJsonEntitySerializer.testBulletinEntity/3.patch,"{0: 'test_failure', 1: 'test_failure', 2: 'test_failure', 3: 'test_pass'}",8,"{0: 'BUILD SUCCESS', 1: 'BUILD SUCCESS', 2: 'BUILD SUCCESS', 3: 'BUILD SUCCESS'}",{},outputs/ID_Results_MagicCoder_projects_f2d66308f4c1db153f889ede330de32f2e2817af/all_rounds/nifi/2bd752d868a8f3e36113b078bb576cf054e945e8/nifi-nar-bundles/nifi-framework-bundle/nifi-framework/nifi-framework-cluster/org.apache.nifi.cluster.coordination.http.replication.okhttp.TestJsonEntitySerializer.testBulletinEntity/3.patch,127.14954607305117,TRUE
https://github.com/apache/shenyu,22546ae0e6a4047ee08bf4a41f9114f47ba57e19,shenyu-admin,ID,org.apache.shenyu.admin.service.register.ShenyuClientRegisterDivideServiceImplTest.testBuildHandle,testBuildHandle,Accepted,https://github.com/apache/shenyu/pull/4040,,projects/22546ae0e6a4047ee08bf4a41f9114f47ba57e19/shenyu/shenyu-admin/src/test/java/org/apache/shenyu/admin/service/register/ShenyuClientRegisterDivideServiceImplTest.java,,"{0: 'test_failure', 1: 'test_failure', 2: 'Stitched:test_failure'}",8,"{0: 'BUILD SUCCESS', 1: 'BUILD SUCCESS', 2: 'BUILD SUCCESS'}","{3: 'CUDA out of memory. Tried to allocate 64.00 MiB. GPU 1 has a total capacity of 23.69 GiB of which 27.19 MiB is free. Process 28475 has 4.92 GiB memory in use. Including non-PyTorch memory, this process has 18.73 GiB memory in use. Of the allocated memory 16.69 GiB is allocated by PyTorch, and 1.05 GiB is reserved by PyTorch but unallocated. If reserved but unallocated memory is large try setting PYTORCH_CUDA_ALLOC_CONF=expandable_segments:True to avoid fragmentation.  See documentation for Memory Management  (https://pytorch.org/docs/stable/notes/cuda.html#environment-variables)'}",outputs/ID_Results_MagicCoder_projects_f2d66308f4c1db153f889ede330de32f2e2817af/all_rounds/shenyu/22546ae0e6a4047ee08bf4a41f9114f47ba57e19/shenyu-admin/org.apache.shenyu.admin.service.register.ShenyuClientRegisterDivideServiceImplTest.testBuildHandle/2.patch,352.28918197506573,TRUE
https://github.com/apache/dubbo,737f7a7ea67832d7f17517326fb2491d0a086dd7,dubbo-common,ID,org.apache.dubbo.common.bytecode.WrapperTest.test_getMethodNames_ContainExtendsParentMethods,test_getMethodNames_ContainExtendsParentMethods,Rejected,https://github.com/apache/dubbo/pull/6978,,projects/737f7a7ea67832d7f17517326fb2491d0a086dd7/dubbo/dubbo-common/src/test/java/org/apache/dubbo/common/bytecode/WrapperTest.java,outputs/ID_Results_MagicCoder_projects_f2d66308f4c1db153f889ede330de32f2e2817af/GoodPatches/dubbo/737f7a7ea67832d7f17517326fb2491d0a086dd7/dubbo-common/org.apache.dubbo.common.bytecode.WrapperTest.test_getMethodNames_ContainExtendsParentMethods/1.patch,"{0: 'test_failure', 1: 'test_pass'}",8,"{0: 'BUILD SUCCESS', 1: 'BUILD SUCCESS'}",{},outputs/ID_Results_MagicCoder_projects_f2d66308f4c1db153f889ede330de32f2e2817af/all_rounds/dubbo/737f7a7ea67832d7f17517326fb2491d0a086dd7/dubbo-common/org.apache.dubbo.common.bytecode.WrapperTest.test_getMethodNames_ContainExtendsParentMethods/1.patch,17.50064967700746,TRUE
https://github.com/apache/dubbo,3fc2d100bb2081c3da1996508e1f1200cea21d2f,dubbo-common,ID,org.apache.dubbo.common.utils.AnnotationUtilsTest.testGetAllDeclaredAnnotations,testGetAllDeclaredAnnotations,Accepted,https://github.com/apache/dubbo/pull/9123,,projects/3fc2d100bb2081c3da1996508e1f1200cea21d2f/dubbo/dubbo-common/src/test/java/org/apache/dubbo/common/utils/AnnotationUtilsTest.java,,"{0: 'test_failure', 1: 'Stitched:build_failure', 2: 'Stitched:build_failure', 3: 'build_failure', 4: 'build_failure', 5: 'build_failure'}",8,"{0: 'BUILD SUCCESS', 1: 'BUILD FAILURE', 2: 'BUILD FAILURE', 3: 'BUILD FAILURE', 4: 'BUILD FAILURE', 5: 'BUILD FAILURE'}",{},outputs/ID_Results_MagicCoder_projects_f2d66308f4c1db153f889ede330de32f2e2817af/all_rounds/dubbo/3fc2d100bb2081c3da1996508e1f1200cea21d2f/dubbo-common/org.apache.dubbo.common.utils.AnnotationUtilsTest.testGetAllDeclaredAnnotations/5.patch,80.41909782099538,TRUE
https://github.com/apache/nifi,2bd752d868a8f3e36113b078bb576cf054e945e8,nifi-nar-bundles/nifi-framework-bundle/nifi-framework/nifi-framework-core,ID,org.apache.nifi.controller.TestFlowController.testSynchronizeFlowWhenExistingMissingComponentsAreDifferent,testSynchronizeFlowWhenExistingMissingComponentsAreDifferent,Opened,https://github.com/apache/nifi/pull/6596,,projects/2bd752d868a8f3e36113b078bb576cf054e945e8/nifi/nifi-nar-bundles/nifi-framework-bundle/nifi-framework/nifi-framework-core/src/test/java/org/apache/nifi/controller/TestFlowController.java,,"{0: 'test_failure', 1: 'test_failure', 2: 'test_failure', 3: 'test_failure', 4: 'test_failure', 5: 'test_failure'}",8,"{0: 'BUILD SUCCESS', 1: 'BUILD SUCCESS', 2: 'BUILD SUCCESS', 3: 'BUILD SUCCESS', 4: 'BUILD SUCCESS', 5: 'BUILD SUCCESS'}",{},outputs/ID_Results_MagicCoder_projects_f2d66308f4c1db153f889ede330de32f2e2817af/all_rounds/nifi/2bd752d868a8f3e36113b078bb576cf054e945e8/nifi-nar-bundles/nifi-framework-bundle/nifi-framework/nifi-framework-core/org.apache.nifi.controller.TestFlowController.testSynchronizeFlowWhenExistingMissingComponentsAreDifferent/5.patch,282.94077247194946,TRUE
https://github.com/apache/tinkerpop,7bdfccd2832615c75ad4152d4ddb8a8430805f26,gremlin-driver,ID,org.apache.tinkerpop.gremlin.driver.ser.GraphSONMessageSerializerGremlinV2d0Test.shouldSerializeToTreeJson,shouldSerializeToTreeJson,Opened,https://github.com/apache/tinkerpop/pull/1658,,projects/7bdfccd2832615c75ad4152d4ddb8a8430805f26/tinkerpop/gremlin-driver/src/test/java/org/apache/tinkerpop/gremlin/driver/ser/GraphSONMessageSerializerGremlinV2d0Test.java,,"{0: 'test_failure', 1: 'build_failure', 2: 'Stitched:build_failure', 3: 'build_failure', 4: 'Stitched:build_failure', 5: 'Stitched:build_failure'}",8,"{0: 'BUILD SUCCESS', 1: 'BUILD FAILURE', 2: 'BUILD FAILURE', 3: 'BUILD FAILURE', 4: 'BUILD FAILURE', 5: 'BUILD FAILURE'}",{},outputs/ID_Results_MagicCoder_projects_f2d66308f4c1db153f889ede330de32f2e2817af/all_rounds/tinkerpop/7bdfccd2832615c75ad4152d4ddb8a8430805f26/gremlin-driver/org.apache.tinkerpop.gremlin.driver.ser.GraphSONMessageSerializerGremlinV2d0Test.shouldSerializeToTreeJson/5.patch,444.9242546110181,TRUE
https://github.com/apache/incubator-streampipes,7ba9213012b72ea70edc6848c18ba6d90ff2c534,streampipes-connect,ID,org.apache.streampipes.connect.adapter.format.json.xml.XmlTest.parseEventCarPark,parseEventCarPark,Accepted,https://github.com/apache/incubator-streampipes/pull/59,,projects/7ba9213012b72ea70edc6848c18ba6d90ff2c534/incubator-streampipes/streampipes-connect/src/test/java/org/apache/streampipes/connect/adapter/format/json/xml/XmlTest.java,outputs/ID_Results_MagicCoder_projects_f2d66308f4c1db153f889ede330de32f2e2817af/GoodPatches/incubator-streampipes/7ba9213012b72ea70edc6848c18ba6d90ff2c534/streampipes-connect/org.apache.streampipes.connect.adapter.format.json.xml.XmlTest.parseEventCarPark/3.patch,"{0: 'test_failure', 1: 'test_failure', 2: 'test_failure', 3: 'test_pass'}",8,"{0: 'BUILD SUCCESS', 1: 'BUILD SUCCESS', 2: 'BUILD SUCCESS', 3: 'BUILD SUCCESS'}",{},outputs/ID_Results_MagicCoder_projects_f2d66308f4c1db153f889ede330de32f2e2817af/all_rounds/incubator-streampipes/7ba9213012b72ea70edc6848c18ba6d90ff2c534/streampipes-connect/org.apache.streampipes.connect.adapter.format.json.xml.XmlTest.parseEventCarPark/3.patch,237.8086566660786,TRUE
https://github.com/apache/pinot,85e413ebe8c80513a8a676fc090b1af0f50861f0,pinot-common,ID,org.apache.pinot.common.utils.LoggerUtilsTest.testGetAllLoggers,testGetAllLoggers,Accepted,https://github.com/apache/pinot/pull/9939,,projects/85e413ebe8c80513a8a676fc090b1af0f50861f0/pinot/pinot-common/src/test/java/org/apache/pinot/common/utils/LoggerUtilsTest.java,,"{0: 'test_failure', 1: 'Stitched:compilation_error', 2: 'Stitched:compilation_error', 3: 'Stitched:compilation_error', 4: 'Stitched:build_failure', 5: 'Stitched:build_failure'}",11,"{0: 'BUILD FAILURE', 1: 'BUILD FAILURE', 2: 'BUILD FAILURE', 3: 'BUILD FAILURE', 4: 'BUILD FAILURE', 5: 'BUILD FAILURE'}",{},outputs/ID_Results_MagicCoder_projects_f2d66308f4c1db153f889ede330de32f2e2817af/all_rounds/pinot/85e413ebe8c80513a8a676fc090b1af0f50861f0/pinot-common/org.apache.pinot.common.utils.LoggerUtilsTest.testGetAllLoggers/5.patch,174.75331720896065,TRUE
https://github.com/apache/skywalking-java,364a4af4b1bd2805156d67b802b24a2105e24822,apm-commons/apm-util,ID,org.apache.skywalking.apm.util.ConfigInitializerTest.testInitialize,testInitialize,Accepted,https://github.com/apache/skywalking-java/pull/403,,projects/364a4af4b1bd2805156d67b802b24a2105e24822/skywalking-java/apm-commons/apm-util/src/test/java/org/apache/skywalking/apm/util/ConfigInitializerTest.java,,"{0: 'test_failure', 1: 'compilation_error', 2: 'compilation_error', 3: 'compilation_error'}",8,"{0: 'BUILD SUCCESS', 1: 'BUILD FAILURE', 2: 'BUILD FAILURE', 3: 'BUILD FAILURE'}","{4: 'CUDA out of memory. Tried to allocate 64.00 MiB. GPU 1 has a total capacity of 23.69 GiB of which 27.19 MiB is free. Process 28475 has 4.92 GiB memory in use. Including non-PyTorch memory, this process has 18.73 GiB memory in use. Of the allocated memory 16.69 GiB is allocated by PyTorch, and 1.05 GiB is reserved by PyTorch but unallocated. If reserved but unallocated memory is large try setting PYTORCH_CUDA_ALLOC_CONF=expandable_segments:True to avoid fragmentation.  See documentation for Memory Management  (https://pytorch.org/docs/stable/notes/cuda.html#environment-variables)'}",outputs/ID_Results_MagicCoder_projects_f2d66308f4c1db153f889ede330de32f2e2817af/all_rounds/skywalking-java/364a4af4b1bd2805156d67b802b24a2105e24822/apm-commons/apm-util/org.apache.skywalking.apm.util.ConfigInitializerTest.testInitialize/3.patch,309.51850520807784,TRUE
https://github.com/apache/incubator-shenyu,3777209fc76800175df3962213ca1febe57edca6,shenyu-common,ID,org.apache.shenyu.common.utils.GsonUtilsTest.testToJson,testToJson,Accepted,https://github.com/apache/incubator-shenyu/pull/3005,,projects/3777209fc76800175df3962213ca1febe57edca6/incubator-shenyu/shenyu-common/src/test/java/org/apache/shenyu/common/utils/GsonUtilsTest.java,,"{0: 'test_failure', 1: 'test_failure'}",8,"{0: 'BUILD SUCCESS', 1: 'BUILD SUCCESS'}","{2: 'CUDA out of memory. Tried to allocate 1.33 GiB. GPU 0 has a total capacity of 23.69 GiB of which 119.19 MiB is free. Process 28475 has 4.92 GiB memory in use. Including non-PyTorch memory, this process has 18.64 GiB memory in use. Of the allocated memory 15.92 GiB is allocated by PyTorch, and 1.73 GiB is reserved by PyTorch but unallocated. If reserved but unallocated memory is large try setting PYTORCH_CUDA_ALLOC_CONF=expandable_segments:True to avoid fragmentation.  See documentation for Memory Management  (https://pytorch.org/docs/stable/notes/cuda.html#environment-variables)'}",outputs/ID_Results_MagicCoder_projects_f2d66308f4c1db153f889ede330de32f2e2817af/all_rounds/incubator-shenyu/3777209fc76800175df3962213ca1febe57edca6/shenyu-common/org.apache.shenyu.common.utils.GsonUtilsTest.testToJson/1.patch,41.389966443995945,TRUE
https://github.com/apache/nifi,2bd752d868a8f3e36113b078bb576cf054e945e8,nifi-nar-bundles/nifi-asn1-bundle/nifi-asn1-services,ID,org.apache.nifi.jasn1.TestJASN1RecordReaderWithComplexTypes.testRecursive,testRecursive,Opened,https://github.com/apache/nifi/pull/6569,,projects/2bd752d868a8f3e36113b078bb576cf054e945e8/nifi/nifi-nar-bundles/nifi-asn1-bundle/nifi-asn1-services/src/test/java/org/apache/nifi/jasn1/TestJASN1RecordReaderWithComplexTypes.java,,"{0: 'test_failure', 1: 'compilation_error', 2: 'compilation_error', 3: 'compilation_error', 4: 'compilation_error', 5: 'compilation_error'}",8,"{0: 'BUILD SUCCESS', 1: 'BUILD FAILURE', 2: 'BUILD FAILURE', 3: 'BUILD FAILURE', 4: 'BUILD FAILURE', 5: 'BUILD FAILURE'}",{},outputs/ID_Results_MagicCoder_projects_f2d66308f4c1db153f889ede330de32f2e2817af/all_rounds/nifi/2bd752d868a8f3e36113b078bb576cf054e945e8/nifi-nar-bundles/nifi-asn1-bundle/nifi-asn1-services/org.apache.nifi.jasn1.TestJASN1RecordReaderWithComplexTypes.testRecursive/5.patch,218.23387219803408,TRUE
https://github.com/apache/nifi,2bd752d868a8f3e36113b078bb576cf054e945e8,nifi-nar-bundles/nifi-cybersecurity-bundle/nifi-cybersecurity-processors,ID,org.apache.nifi.processors.cybersecurity.TestCompareFuzzyHash.testTLSHCompareFuzzyHashMultipleMatches,testTLSHCompareFuzzyHashMultipleMatches,Accepted,https://github.com/apache/nifi/pull/6639,,projects/2bd752d868a8f3e36113b078bb576cf054e945e8/nifi/nifi-nar-bundles/nifi-cybersecurity-bundle/nifi-cybersecurity-processors/src/test/java/org/apache/nifi/processors/cybersecurity/TestCompareFuzzyHash.java,,"{0: 'test_failure', 1: 'test_failure', 2: 'test_failure', 3: 'test_failure', 4: 'compilation_error', 5: 'compilation_error'}",8,"{0: 'BUILD SUCCESS', 1: 'BUILD SUCCESS', 2: 'BUILD SUCCESS', 3: 'BUILD SUCCESS', 4: 'BUILD FAILURE', 5: 'BUILD FAILURE'}",{},outputs/ID_Results_MagicCoder_projects_f2d66308f4c1db153f889ede330de32f2e2817af/all_rounds/nifi/2bd752d868a8f3e36113b078bb576cf054e945e8/nifi-nar-bundles/nifi-cybersecurity-bundle/nifi-cybersecurity-processors/org.apache.nifi.processors.cybersecurity.TestCompareFuzzyHash.testTLSHCompareFuzzyHashMultipleMatches/5.patch,199.77670025092084,TRUE
https://github.com/apache/nifi,2bd752d868a8f3e36113b078bb576cf054e945e8,nifi-nar-bundles/nifi-hadoop-bundle/nifi-hdfs-processors,ID,org.apache.nifi.processors.hadoop.TestGetHDFSFileInfo.testRunWithPermissionsExceptionContent,testRunWithPermissionsExceptionContent,Opened,https://github.com/apache/nifi/pull/6629,,projects/2bd752d868a8f3e36113b078bb576cf054e945e8/nifi/nifi-nar-bundles/nifi-hadoop-bundle/nifi-hdfs-processors/src/test/java/org/apache/nifi/processors/hadoop/TestGetHDFSFileInfo.java,,"{0: 'test_failure', 1: 'test_failure', 2: 'Stitched:test_failure', 3: 'test_failure', 4: 'build_failure', 5: 'build_failure'}",8,"{0: 'BUILD SUCCESS', 1: 'BUILD SUCCESS', 2: 'BUILD SUCCESS', 3: 'BUILD SUCCESS', 4: 'BUILD FAILURE', 5: 'BUILD FAILURE'}",{},outputs/ID_Results_MagicCoder_projects_f2d66308f4c1db153f889ede330de32f2e2817af/all_rounds/nifi/2bd752d868a8f3e36113b078bb576cf054e945e8/nifi-nar-bundles/nifi-hadoop-bundle/nifi-hdfs-processors/org.apache.nifi.processors.hadoop.TestGetHDFSFileInfo.testRunWithPermissionsExceptionContent/5.patch,257.63303674792405,TRUE
https://github.com/apache/nifi,2bd752d868a8f3e36113b078bb576cf054e945e8,nifi-nar-bundles/nifi-splunk-bundle/nifi-splunk-processors,ID,org.apache.nifi.processors.splunk.TestPutSplunkHTTP.testHappyPathWithCustomQueryParameters,testHappyPathWithCustomQueryParameters,Accepted,https://github.com/apache/nifi/pull/6672,,projects/2bd752d868a8f3e36113b078bb576cf054e945e8/nifi/nifi-nar-bundles/nifi-splunk-bundle/nifi-splunk-processors/src/test/java/org/apache/nifi/processors/splunk/TestPutSplunkHTTP.java,,"{0: 'test_failure', 1: 'test_failure', 2: 'test_failure', 3: 'test_failure', 4: 'test_failure', 5: 'test_failure'}",8,"{0: 'BUILD SUCCESS', 1: 'BUILD SUCCESS', 2: 'BUILD SUCCESS', 3: 'BUILD SUCCESS', 4: 'BUILD SUCCESS', 5: 'BUILD SUCCESS'}",{},outputs/ID_Results_MagicCoder_projects_f2d66308f4c1db153f889ede330de32f2e2817af/all_rounds/nifi/2bd752d868a8f3e36113b078bb576cf054e945e8/nifi-nar-bundles/nifi-splunk-bundle/nifi-splunk-processors/org.apache.nifi.processors.splunk.TestPutSplunkHTTP.testHappyPathWithCustomQueryParameters/5.patch,163.83929343800992,TRUE
https://github.com/apache/bookkeeper,2aa59c74cdd1de13c33a593f6dccc888823c4a83,bookkeeper-server,ID,org.apache.bookkeeper.replication.AuditorReplicasCheckTest.testReplicasCheckForLedgersWithEmptySegments,testReplicasCheckForLedgersWithEmptySegments,Accepted,https://github.com/apache/bookkeeper/pull/3551,,projects/2aa59c74cdd1de13c33a593f6dccc888823c4a83/bookkeeper/bookkeeper-server/src/test/java/org/apache/bookkeeper/replication/AuditorReplicasCheckTest.java,,{0: 'test_failure'},8,{0: 'BUILD SUCCESS'},"{1: 'CUDA out of memory. Tried to allocate 64.00 MiB. GPU 1 has a total capacity of 23.69 GiB of which 27.19 MiB is free. Process 28475 has 4.92 GiB memory in use. Including non-PyTorch memory, this process has 18.73 GiB memory in use. Of the allocated memory 16.69 GiB is allocated by PyTorch, and 1.05 GiB is reserved by PyTorch but unallocated. If reserved but unallocated memory is large try setting PYTORCH_CUDA_ALLOC_CONF=expandable_segments:True to avoid fragmentation.  See documentation for Memory Management  (https://pytorch.org/docs/stable/notes/cuda.html#environment-variables)'}",outputs/ID_Results_MagicCoder_projects_f2d66308f4c1db153f889ede330de32f2e2817af/all_rounds/bookkeeper/2aa59c74cdd1de13c33a593f6dccc888823c4a83/bookkeeper-server/org.apache.bookkeeper.replication.AuditorReplicasCheckTest.testReplicasCheckForLedgersWithEmptySegments/0.patch,50.155703919008374,TRUE
https://github.com/apache/cloudstack,64262d943f012c40deac3cd87c67d44fdc727b52,utils,ID,org.apache.cloudstack.utils.reflectiontostringbuilderutils.ReflectionToStringBuilderUtilsTest.validateGetNonSelectedFieldsObjectIsACollectionAndValidSelectedFieldsMustReturnNonSelectedFields,validateGetNonSelectedFieldsObjectIsACollectionAndValidSelectedFieldsMustReturnNonSelectedFields,Accepted,https://github.com/apache/cloudstack/pull/6875,,projects/64262d943f012c40deac3cd87c67d44fdc727b52/cloudstack/utils/src/test/java/org/apache/cloudstack/utils/reflectiontostringbuilderutils/ReflectionToStringBuilderUtilsTest.java,outputs/ID_Results_MagicCoder_projects_f2d66308f4c1db153f889ede330de32f2e2817af/GoodPatches/cloudstack/64262d943f012c40deac3cd87c67d44fdc727b52/utils/org.apache.cloudstack.utils.reflectiontostringbuilderutils.ReflectionToStringBuilderUtilsTest.validateGetNonSelectedFieldsObjectIsACollectionAndValidSelectedFieldsMustReturnNonSelectedFields/4.patch,"{0: 'test_failure', 1: 'test_failure', 2: 'test_failure', 3: 'test_failure', 4: 'test_pass'}",11,"{0: 'BUILD SUCCESS', 1: 'BUILD SUCCESS', 2: 'BUILD SUCCESS', 3: 'BUILD SUCCESS', 4: 'BUILD SUCCESS'}",{},outputs/ID_Results_MagicCoder_projects_f2d66308f4c1db153f889ede330de32f2e2817af/all_rounds/cloudstack/64262d943f012c40deac3cd87c67d44fdc727b52/utils/org.apache.cloudstack.utils.reflectiontostringbuilderutils.ReflectionToStringBuilderUtilsTest.validateGetNonSelectedFieldsObjectIsACollectionAndValidSelectedFieldsMustReturnNonSelectedFields/4.patch,108.80911518004723,TRUE
https://github.com/apache/druid,4b0d1b3488add75097532f25c8bbbcb35daa4987,processing,ID,org.apache.druid.math.expr.ParserTest.testSimpleMultiplicativeOp1,testSimpleMultiplicativeOp1,Accepted,https://github.com/apache/druid/pull/15318,,projects/4b0d1b3488add75097532f25c8bbbcb35daa4987/druid/processing/src/test/java/org/apache/druid/math/expr/ParserTest.java,,"{0: 'test_failure', 1: 'test_failure', 2: 'test_failure', 3: 'test_failure', 4: 'test_failure', 5: 'test_failure'}",8,"{0: 'BUILD SUCCESS', 1: 'BUILD SUCCESS', 2: 'BUILD SUCCESS', 3: 'BUILD SUCCESS', 4: 'BUILD SUCCESS', 5: 'BUILD SUCCESS'}",{},outputs/ID_Results_MagicCoder_projects_f2d66308f4c1db153f889ede330de32f2e2817af/all_rounds/druid/4b0d1b3488add75097532f25c8bbbcb35daa4987/processing/org.apache.druid.math.expr.ParserTest.testSimpleMultiplicativeOp1/5.patch,234.80695396999363,TRUE
https://github.com/apache/hop,be70e6fa1d4bf180c2766edc4c21d10fc215118b,core,ID,org.apache.hop.core.svg.HopSvgGraphics2DTest.testNewDocumentXml,testNewDocumentXml,Accepted,https://github.com/apache/hop/pull/3421,,projects/be70e6fa1d4bf180c2766edc4c21d10fc215118b/hop/core/src/test/java/org/apache/hop/core/svg/HopSvgGraphics2DTest.java,,"{0: 'test_failure', 1: 'test_failure', 2: 'test_failure', 3: 'test_failure', 4: 'test_failure', 5: 'test_failure'}",11,"{0: 'BUILD SUCCESS', 1: 'BUILD SUCCESS', 2: 'BUILD SUCCESS', 3: 'BUILD SUCCESS', 4: 'BUILD SUCCESS', 5: 'BUILD SUCCESS'}",{},outputs/ID_Results_MagicCoder_projects_f2d66308f4c1db153f889ede330de32f2e2817af/all_rounds/hop/be70e6fa1d4bf180c2766edc4c21d10fc215118b/core/org.apache.hop.core.svg.HopSvgGraphics2DTest.testNewDocumentXml/5.patch,111.15782942599617,TRUE
https://github.com/apache/incubator-kie-drools,8440dc2d4b95412a05a3c7b9501993e1ace9b496,drools-decisiontables,ID,org.drools.decisiontable.parser.RuleWorksheetParse2Test.packageLevelAttributesShouldNotBeDuplicated,packageLevelAttributesShouldNotBeDuplicated,Accepted,https://github.com/apache/incubator-kie-drools/pull/5610,,projects/8440dc2d4b95412a05a3c7b9501993e1ace9b496/incubator-kie-drools/drools-decisiontables/src/test/java/org/drools/decisiontable/parser/RuleWorksheetParse2Test.java,,"{0: 'test_failure', 1: 'test_failure', 2: 'test_failure', 3: 'test_failure', 4: 'test_failure', 5: 'test_failure'}",11,"{0: 'BUILD SUCCESS', 1: 'BUILD SUCCESS', 2: 'BUILD SUCCESS', 3: 'BUILD SUCCESS', 4: 'BUILD SUCCESS', 5: 'BUILD SUCCESS'}",{},outputs/ID_Results_MagicCoder_projects_f2d66308f4c1db153f889ede330de32f2e2817af/all_rounds/incubator-kie-drools/8440dc2d4b95412a05a3c7b9501993e1ace9b496/drools-decisiontables/org.drools.decisiontable.parser.RuleWorksheetParse2Test.packageLevelAttributesShouldNotBeDuplicated/5.patch,131.34734332794324,TRUE
https://github.com/apache/seatunnel,e3f8009564d22ccddbf1da1b47b3a64df8405150,seatunnel-api,ID,org.apache.seatunnel.api.configuration.util.OptionUtilTest.test,test,Accepted,https://github.com/apache/seatunnel/pull/5894,,projects/e3f8009564d22ccddbf1da1b47b3a64df8405150/seatunnel/seatunnel-api/src/test/java/org/apache/seatunnel/api/configuration/util/OptionUtilTest.java,,"{0: 'test_failure', 1: 'compilation_error;Stitched:test_failure', 2: 'test_failure', 3: 'test_failure', 4: 'test_failure', 5: 'test_failure'}",8,"{0: 'BUILD SUCCESS', 1: 'BUILD FAILURE;Stitched:BUILD SUCCESS', 2: 'BUILD SUCCESS', 3: 'BUILD SUCCESS', 4: 'BUILD SUCCESS', 5: 'BUILD SUCCESS'}",{},outputs/ID_Results_MagicCoder_projects_f2d66308f4c1db153f889ede330de32f2e2817af/all_rounds/seatunnel/e3f8009564d22ccddbf1da1b47b3a64df8405150/seatunnel-api/org.apache.seatunnel.api.configuration.util.OptionUtilTest.test/5.patch,270.6212272410048,TRUE
https://github.com/apache/tez,51d6f53967110e2b91b6d90b46f8e16bdc062091,tez-dag,ID,org.apache.tez.dag.app.dag.impl.TestVertexImpl.testVertexInit,testVertexInit,Opened,https://github.com/apache/tez/pull/316,,projects/51d6f53967110e2b91b6d90b46f8e16bdc062091/tez/tez-dag/src/test/java/org/apache/tez/dag/app/dag/impl/TestVertexImpl.java,,"{0: 'test_failure', 1: 'test_failure', 2: 'test_failure', 3: 'build_failure', 4: 'build_failure', 5: 'build_failure'}",8,"{0: 'BUILD SUCCESS', 1: 'BUILD SUCCESS', 2: 'BUILD SUCCESS', 3: 'BUILD FAILURE', 4: 'BUILD FAILURE', 5: 'BUILD FAILURE'}",{},outputs/ID_Results_MagicCoder_projects_f2d66308f4c1db153f889ede330de32f2e2817af/all_rounds/tez/51d6f53967110e2b91b6d90b46f8e16bdc062091/tez-dag/org.apache.tez.dag.app.dag.impl.TestVertexImpl.testVertexInit/5.patch,302.6109726720024,TRUE
https://github.com/apache/cloudstack,64262d943f012c40deac3cd87c67d44fdc727b52,server,ID,com.cloud.server.StatsCollectorTest.persistVirtualMachineStatsTestPersistsSuccessfully,persistVirtualMachineStatsTestPersistsSuccessfully,Accepted,https://github.com/apache/cloudstack/pull/8183,,projects/64262d943f012c40deac3cd87c67d44fdc727b52/cloudstack/server/src/test/java/com/cloud/server/StatsCollectorTest.java,,"{0: 'test_failure', 1: 'test_failure', 2: 'test_failure', 3: 'test_failure', 4: 'test_failure', 5: 'test_failure'}",11,"{0: 'BUILD SUCCESS', 1: 'BUILD SUCCESS', 2: 'BUILD SUCCESS', 3: 'BUILD SUCCESS', 4: 'BUILD SUCCESS', 5: 'BUILD SUCCESS'}",{},outputs/ID_Results_MagicCoder_projects_f2d66308f4c1db153f889ede330de32f2e2817af/all_rounds/cloudstack/64262d943f012c40deac3cd87c67d44fdc727b52/server/com.cloud.server.StatsCollectorTest.persistVirtualMachineStatsTestPersistsSuccessfully/5.patch,440.5624730230775,TRUE
https://github.com/apache/commons-lang,912ab7154d5280a2632f375b5efd97e1b70149a4,.,ID,org.apache.commons.lang3.EnumUtilsTest.test_getEnumMap_keyFunction,test_getEnumMap_keyFunction,Accepted,https://github.com/apache/commons-lang/pull/1131,,projects/912ab7154d5280a2632f375b5efd97e1b70149a4/commons-lang/src/test/java/org/apache/commons/lang3/EnumUtilsTest.java,outputs/ID_Results_MagicCoder_projects_f2d66308f4c1db153f889ede330de32f2e2817af/GoodPatches/commons-lang/912ab7154d5280a2632f375b5efd97e1b70149a4/./org.apache.commons.lang3.EnumUtilsTest.test_getEnumMap_keyFunction/3.patch,"{0: 'test_failure', 1: 'test_failure', 2: 'test_failure', 3: 'test_pass'}",8,"{0: 'BUILD SUCCESS', 1: 'BUILD SUCCESS', 2: 'BUILD SUCCESS', 3: 'BUILD SUCCESS'}",{},outputs/ID_Results_MagicCoder_projects_f2d66308f4c1db153f889ede330de32f2e2817af/all_rounds/commons-lang/912ab7154d5280a2632f375b5efd97e1b70149a4/./org.apache.commons.lang3.EnumUtilsTest.test_getEnumMap_keyFunction/3.patch,135.07089277298655,TRUE
https://github.com/apache/dolphinscheduler,26a84b30d822b59925a82fa6724df24fd5c13213,dolphinscheduler-spi,ID,org.apache.dolphinscheduler.spi.params.PluginParamsTransferTest.testGetParamsJson,testGetParamsJson,Opened,https://github.com/apache/dolphinscheduler/pull/6773,,projects/26a84b30d822b59925a82fa6724df24fd5c13213/dolphinscheduler/dolphinscheduler-spi/src/test/java/org/apache/dolphinscheduler/spi/params/PluginParamsTransferTest.java,,{0: 'test_failure'},8,{0: 'BUILD SUCCESS'},"{1: 'CUDA out of memory. Tried to allocate 7.28 GiB. GPU 0 has a total capacity of 23.69 GiB of which 1.01 GiB is free. Process 28475 has 4.92 GiB memory in use. Including non-PyTorch memory, this process has 17.76 GiB memory in use. Of the allocated memory 13.64 GiB is allocated by PyTorch, and 3.12 GiB is reserved by PyTorch but unallocated. If reserved but unallocated memory is large try setting PYTORCH_CUDA_ALLOC_CONF=expandable_segments:True to avoid fragmentation.  See documentation for Memory Management  (https://pytorch.org/docs/stable/notes/cuda.html#environment-variables)'}",outputs/ID_Results_MagicCoder_projects_f2d66308f4c1db153f889ede330de32f2e2817af/all_rounds/dolphinscheduler/26a84b30d822b59925a82fa6724df24fd5c13213/dolphinscheduler-spi/org.apache.dolphinscheduler.spi.params.PluginParamsTransferTest.testGetParamsJson/0.patch,0.14174141094554216,TRUE
https://github.com/apache/druid,ad32f8458670339808a3136a9578a10a52b8394f,extensions-core/parquet-extensions,ID,org.apache.druid.data.input.parquet.CompatParquetReaderTest.testReadNestedArrayStruct,testReadNestedArrayStruct,Opened,https://github.com/apache/druid/pull/15418,,projects/ad32f8458670339808a3136a9578a10a52b8394f/druid/extensions-core/parquet-extensions/src/test/java/org/apache/druid/data/input/parquet/CompatParquetReaderTest.java,,"{0: 'test_failure', 1: 'test_failure', 2: 'compilation_error;Stitched:compilation_error', 3: 'compilation_error', 4: 'compilation_error', 5: 'compilation_error'}",8,"{0: 'BUILD SUCCESS', 1: 'BUILD SUCCESS', 2: 'BUILD FAILURE;Stitched:BUILD FAILURE', 3: 'BUILD FAILURE', 4: 'BUILD FAILURE', 5: 'BUILD FAILURE'}",{},outputs/ID_Results_MagicCoder_projects_f2d66308f4c1db153f889ede330de32f2e2817af/all_rounds/druid/ad32f8458670339808a3136a9578a10a52b8394f/extensions-core/parquet-extensions/org.apache.druid.data.input.parquet.CompatParquetReaderTest.testReadNestedArrayStruct/5.patch,154.50871301896404,TRUE
https://github.com/apache/druid,ad32f8458670339808a3136a9578a10a52b8394f,extensions-core/protobuf-extensions,ID,org.apache.druid.data.input.protobuf.ProtobufInputFormatTest.testParseNestedDataSchemaless,testParseNestedDataSchemaless,Accepted,https://github.com/apache/druid/pull/15376,,projects/ad32f8458670339808a3136a9578a10a52b8394f/druid/extensions-core/protobuf-extensions/src/test/java/org/apache/druid/data/input/protobuf/ProtobufInputFormatTest.java,,"{0: 'test_failure', 1: 'test_failure', 2: 'Stitched:test_failure', 3: 'Stitched:test_failure', 4: 'test_failure', 5: 'Stitched:test_failure'}",8,"{0: 'BUILD SUCCESS', 1: 'BUILD SUCCESS', 2: 'BUILD SUCCESS', 3: 'BUILD SUCCESS', 4: 'BUILD SUCCESS', 5: 'BUILD SUCCESS'}",{},outputs/ID_Results_MagicCoder_projects_f2d66308f4c1db153f889ede330de32f2e2817af/all_rounds/druid/ad32f8458670339808a3136a9578a10a52b8394f/extensions-core/protobuf-extensions/org.apache.druid.data.input.protobuf.ProtobufInputFormatTest.testParseNestedDataSchemaless/5.patch,290.1140222180402,TRUE
https://github.com/apache/druid,4a594bb9f6ab89eabda5db654a9d215633340c66,server,ID,org.apache.druid.indexing.overlord.supervisor.SupervisorStatusTest.testJsonAttr,testJsonAttr,Opened,https://github.com/apache/druid/pull/15418,,projects/4a594bb9f6ab89eabda5db654a9d215633340c66/druid/server/src/test/java/org/apache/druid/indexing/overlord/supervisor/SupervisorStatusTest.java,,"{0: 'test_failure', 1: 'test_failure', 2: 'test_failure', 3: 'test_failure', 4: 'test_failure', 5: 'test_failure'}",8,"{0: 'BUILD SUCCESS', 1: 'BUILD SUCCESS', 2: 'BUILD SUCCESS', 3: 'BUILD SUCCESS', 4: 'BUILD SUCCESS', 5: 'BUILD SUCCESS'}",{},outputs/ID_Results_MagicCoder_projects_f2d66308f4c1db153f889ede330de32f2e2817af/all_rounds/druid/4a594bb9f6ab89eabda5db654a9d215633340c66/server/org.apache.druid.indexing.overlord.supervisor.SupervisorStatusTest.testJsonAttr/5.patch,245.01325525599532,TRUE
https://github.com/apache/druid,ad32f8458670339808a3136a9578a10a52b8394f,indexing-service,ID,org.apache.druid.indexing.common.task.batch.parallel.ParallelIndexSupervisorTaskResourceTest.testAPIs,testAPIs,Accepted,https://github.com/apache/druid/pull/15375,,projects/ad32f8458670339808a3136a9578a10a52b8394f/druid/indexing-service/src/test/java/org/apache/druid/indexing/common/task/batch/parallel/ParallelIndexSupervisorTaskResourceTest.java,,{0: 'test_failure'},8,{0: 'BUILD SUCCESS'},"{1: 'CUDA out of memory. Tried to allocate 64.00 MiB. GPU 1 has a total capacity of 23.69 GiB of which 27.19 MiB is free. Process 28475 has 4.92 GiB memory in use. Including non-PyTorch memory, this process has 18.73 GiB memory in use. Of the allocated memory 16.69 GiB is allocated by PyTorch, and 1.05 GiB is reserved by PyTorch but unallocated. If reserved but unallocated memory is large try setting PYTORCH_CUDA_ALLOC_CONF=expandable_segments:True to avoid fragmentation.  See documentation for Memory Management  (https://pytorch.org/docs/stable/notes/cuda.html#environment-variables)'}",outputs/ID_Results_MagicCoder_projects_f2d66308f4c1db153f889ede330de32f2e2817af/all_rounds/druid/ad32f8458670339808a3136a9578a10a52b8394f/indexing-service/org.apache.druid.indexing.common.task.batch.parallel.ParallelIndexSupervisorTaskResourceTest.testAPIs/0.patch,58.41797622595914,TRUE
https://github.com/apache/druid,ad32f8458670339808a3136a9578a10a52b8394f,extensions-core/histogram,ID,org.apache.druid.query.aggregation.histogram.ApproximateHistogramAggregatorTest.testFinalize,testFinalize,Accepted,https://github.com/apache/druid/pull/15364,,projects/ad32f8458670339808a3136a9578a10a52b8394f/druid/extensions-core/histogram/src/test/java/org/apache/druid/query/aggregation/histogram/ApproximateHistogramAggregatorTest.java,,"{0: 'test_failure', 1: 'test_failure', 2: 'test_failure', 3: 'test_failure', 4: 'test_failure', 5: 'test_failure'}",8,"{0: 'BUILD SUCCESS', 1: 'BUILD SUCCESS', 2: 'BUILD SUCCESS', 3: 'BUILD SUCCESS', 4: 'BUILD SUCCESS', 5: 'BUILD SUCCESS'}",{},outputs/ID_Results_MagicCoder_projects_f2d66308f4c1db153f889ede330de32f2e2817af/all_rounds/druid/ad32f8458670339808a3136a9578a10a52b8394f/extensions-core/histogram/org.apache.druid.query.aggregation.histogram.ApproximateHistogramAggregatorTest.testFinalize/5.patch,246.99545523198321,TRUE
https://github.com/apache/druid,c8eb7adeb9bb170e2bfe7879c23f42b72d263876,processing,ID,org.apache.druid.segment.nested.NestedDataColumnSupplierTest.testConcurrency,testConcurrency,Opened,https://github.com/apache/druid/pull/15418,,projects/c8eb7adeb9bb170e2bfe7879c23f42b72d263876/druid/processing/src/test/java/org/apache/druid/segment/nested/NestedDataColumnSupplierTest.java,,"{0: 'test_failure', 1: 'compilation_error'}",8,"{0: 'BUILD SUCCESS', 1: 'BUILD FAILURE'}","{2: 'CUDA out of memory. Tried to allocate 64.00 MiB. GPU 1 has a total capacity of 23.69 GiB of which 27.19 MiB is free. Process 28475 has 4.92 GiB memory in use. Including non-PyTorch memory, this process has 18.73 GiB memory in use. Of the allocated memory 16.69 GiB is allocated by PyTorch, and 1.05 GiB is reserved by PyTorch but unallocated. If reserved but unallocated memory is large try setting PYTORCH_CUDA_ALLOC_CONF=expandable_segments:True to avoid fragmentation.  See documentation for Memory Management  (https://pytorch.org/docs/stable/notes/cuda.html#environment-variables)'}",outputs/ID_Results_MagicCoder_projects_f2d66308f4c1db153f889ede330de32f2e2817af/all_rounds/druid/c8eb7adeb9bb170e2bfe7879c23f42b72d263876/processing/org.apache.druid.segment.nested.NestedDataColumnSupplierTest.testConcurrency/1.patch,195.2567503519822,TRUE
https://github.com/apache/flink,f91bd772de866a48d65dfcb31d4ef0d1ef2c001e,flink-core,ID,org.apache.flink.types.RowTest.testRowNamed,testRowNamed,Opened,https://github.com/apache/flink/pull/17934,,projects/f91bd772de866a48d65dfcb31d4ef0d1ef2c001e/flink/flink-core/src/test/java/org/apache/flink/types/RowTest.java,,"{0: 'test_failure', 1: 'Stitched:build_failure', 2: 'build_failure', 3: 'build_failure', 4: 'build_failure', 5: 'build_failure'}",8,"{0: 'BUILD SUCCESS', 1: 'BUILD FAILURE', 2: 'BUILD FAILURE', 3: 'BUILD FAILURE', 4: 'BUILD FAILURE', 5: 'BUILD FAILURE'}",{},outputs/ID_Results_MagicCoder_projects_f2d66308f4c1db153f889ede330de32f2e2817af/all_rounds/flink/f91bd772de866a48d65dfcb31d4ef0d1ef2c001e/flink-core/org.apache.flink.types.RowTest.testRowNamed/5.patch,186.68005584401544,TRUE
https://github.com/apache/hive,ecdac363e042200d85bb8b894aa20d91a1642a18,serde,ID,org.apache.hadoop.hive.serde2.columnar.TestLazyBinaryColumnarSerDe.testSerDe,testSerDe,Opened,https://github.com/apache/hive/pull/4813,,projects/ecdac363e042200d85bb8b894aa20d91a1642a18/hive/serde/src/test/org/apache/hadoop/hive/serde2/columnar/TestLazyBinaryColumnarSerDe.java,,"{0: 'test_failure', 1: 'Stitched:compilation_error', 2: 'compilation_error', 3: 'compilation_error', 4: 'compilation_error', 5: 'compilation_error'}",8,"{0: 'BUILD SUCCESS', 1: 'BUILD FAILURE', 2: 'BUILD FAILURE', 3: 'BUILD FAILURE', 4: 'BUILD FAILURE', 5: 'BUILD FAILURE'}",{},outputs/ID_Results_MagicCoder_projects_f2d66308f4c1db153f889ede330de32f2e2817af/all_rounds/hive/ecdac363e042200d85bb8b894aa20d91a1642a18/serde/org.apache.hadoop.hive.serde2.columnar.TestLazyBinaryColumnarSerDe.testSerDe/5.patch,308.2070914779324,TRUE
https://github.com/apache/iotdb,25a98ee165131047cda93dc92203db2ab9aecbc8,tsfile,ID,org.apache.iotdb.tsfile.read.controller.IMetadataQuerierByFileImplTest.testConvert2,testConvert2,Opened,https://github.com/apache/iotdb/pull/4383,,projects/25a98ee165131047cda93dc92203db2ab9aecbc8/iotdb/tsfile/src/test/java/org/apache/iotdb/tsfile/read/controller/IMetadataQuerierByFileImplTest.java,,"{0: 'test_failure', 1: 'test_failure', 2: 'test_failure', 3: 'compilation_error;Stitched:compilation_error', 4: 'build_failure;Stitched:build_failure', 5: 'build_failure'}",8,"{0: 'BUILD SUCCESS', 1: 'BUILD SUCCESS', 2: 'BUILD SUCCESS', 3: 'BUILD FAILURE;Stitched:BUILD FAILURE', 4: 'BUILD FAILURE;Stitched:BUILD FAILURE', 5: 'BUILD FAILURE'}",{},outputs/ID_Results_MagicCoder_projects_f2d66308f4c1db153f889ede330de32f2e2817af/all_rounds/iotdb/25a98ee165131047cda93dc92203db2ab9aecbc8/tsfile/org.apache.iotdb.tsfile.read.controller.IMetadataQuerierByFileImplTest.testConvert2/5.patch,158.0779084030073,TRUE
https://github.com/apache/nifi,2bd752d868a8f3e36113b078bb576cf054e945e8,nifi-nar-bundles/nifi-solr-bundle/nifi-solr-processors,ID,org.apache.nifi.processors.solr.TestQuerySolr.testAttributes,testAttributes,Accepted,https://github.com/apache/nifi/pull/6718,,projects/2bd752d868a8f3e36113b078bb576cf054e945e8/nifi/nifi-nar-bundles/nifi-solr-bundle/nifi-solr-processors/src/test/java/org/apache/nifi/processors/solr/TestQuerySolr.java,,{0: 'test_failure'},8,{0: 'BUILD SUCCESS'},"{1: 'CUDA out of memory. Tried to allocate 72.00 MiB. GPU 1 has a total capacity of 23.69 GiB of which 65.19 MiB is free. Process 28475 has 4.92 GiB memory in use. Including non-PyTorch memory, this process has 18.70 GiB memory in use. Of the allocated memory 17.12 GiB is allocated by PyTorch, and 591.80 MiB is reserved by PyTorch but unallocated. If reserved but unallocated memory is large try setting PYTORCH_CUDA_ALLOC_CONF=expandable_segments:True to avoid fragmentation.  See documentation for Memory Management  (https://pytorch.org/docs/stable/notes/cuda.html#environment-variables)'}",outputs/ID_Results_MagicCoder_projects_f2d66308f4c1db153f889ede330de32f2e2817af/all_rounds/nifi/2bd752d868a8f3e36113b078bb576cf054e945e8/nifi-nar-bundles/nifi-solr-bundle/nifi-solr-processors/org.apache.nifi.processors.solr.TestQuerySolr.testAttributes/0.patch,100.08765088196378,TRUE
https://github.com/apache/nifi,2bd752d868a8f3e36113b078bb576cf054e945e8,nifi-commons/nifi-site-to-site-client,ID,org.apache.nifi.remote.client.http.TestHttpClient.testSendSuccessWithProxyAuth,testSendSuccessWithProxyAuth,Opened,https://github.com/apache/nifi/pull/6508,,projects/2bd752d868a8f3e36113b078bb576cf054e945e8/nifi/nifi-commons/nifi-site-to-site-client/src/test/java/org/apache/nifi/remote/client/http/TestHttpClient.java,,"{0: 'test_failure', 1: 'test_failure', 2: 'build_failure;Stitched:build_failure', 3: 'build_failure', 4: 'build_failure', 5: 'build_failure'}",8,"{0: 'BUILD SUCCESS', 1: 'BUILD SUCCESS', 2: 'BUILD FAILURE;Stitched:BUILD FAILURE', 3: 'BUILD FAILURE', 4: 'BUILD FAILURE', 5: 'BUILD FAILURE'}",{},outputs/ID_Results_MagicCoder_projects_f2d66308f4c1db153f889ede330de32f2e2817af/all_rounds/nifi/2bd752d868a8f3e36113b078bb576cf054e945e8/nifi-commons/nifi-site-to-site-client/org.apache.nifi.remote.client.http.TestHttpClient.testSendSuccessWithProxyAuth/5.patch,121.21141233004164,TRUE
https://github.com/apache/nifi,2bd752d868a8f3e36113b078bb576cf054e945e8,nifi-nar-bundles/nifi-framework-bundle/nifi-framework/nifi-site-to-site,ID,org.apache.nifi.remote.protocol.http.TestHttpFlowFileServerProtocol.testTransferTwoFiles,testTransferTwoFiles,Opened,https://github.com/apache/nifi/pull/6507,,projects/2bd752d868a8f3e36113b078bb576cf054e945e8/nifi/nifi-nar-bundles/nifi-framework-bundle/nifi-framework/nifi-site-to-site/src/test/java/org/apache/nifi/remote/protocol/http/TestHttpFlowFileServerProtocol.java,,"{0: 'test_failure', 1: 'build_failure', 2: 'build_failure', 3: 'build_failure', 4: 'build_failure', 5: 'build_failure'}",8,"{0: 'BUILD SUCCESS', 1: 'BUILD FAILURE', 2: 'BUILD FAILURE', 3: 'BUILD FAILURE', 4: 'BUILD FAILURE', 5: 'BUILD FAILURE'}",{},outputs/ID_Results_MagicCoder_projects_f2d66308f4c1db153f889ede330de32f2e2817af/all_rounds/nifi/2bd752d868a8f3e36113b078bb576cf054e945e8/nifi-nar-bundles/nifi-framework-bundle/nifi-framework/nifi-site-to-site/org.apache.nifi.remote.protocol.http.TestHttpFlowFileServerProtocol.testTransferTwoFiles/5.patch,266.4529868460959,TRUE
https://github.com/apache/pinot,2253bd717a10c15220a1157316e233d11531e04b,pinot-common,ID,org.apache.pinot.common.utils.PinotDataTypeTest.testObject,testObject,Opened,https://github.com/apache/pinot/pull/9966,,projects/2253bd717a10c15220a1157316e233d11531e04b/pinot/pinot-common/src/test/java/org/apache/pinot/common/utils/PinotDataTypeTest.java,,"{0: 'test_failure', 1: 'test_failure', 2: 'test_failure', 3: 'test_failure', 4: 'test_failure', 5: 'test_failure'}",11,"{0: 'BUILD FAILURE', 1: 'BUILD FAILURE', 2: 'BUILD FAILURE', 3: 'BUILD FAILURE', 4: 'BUILD FAILURE', 5: 'BUILD FAILURE'}",{},outputs/ID_Results_MagicCoder_projects_f2d66308f4c1db153f889ede330de32f2e2817af/all_rounds/pinot/2253bd717a10c15220a1157316e233d11531e04b/pinot-common/org.apache.pinot.common.utils.PinotDataTypeTest.testObject/5.patch,252.1332694189623,TRUE
https://github.com/apache/pinot,98c536ee80516effc6fe2df642a07c8b05962532,pinot-core,ID,org.apache.pinot.queries.ExplainPlanQueriesTest.testSelectAggregateUsingFilterOnTextIndexColumn,testSelectAggregateUsingFilterOnTextIndexColumn,Accepted,https://github.com/apache/pinot/pull/11941,https://github.com/TestingResearchIllinois/idoft/issues/741,projects/98c536ee80516effc6fe2df642a07c8b05962532/pinot/pinot-core/src/test/java/org/apache/pinot/queries/ExplainPlanQueriesTest.java,,"{0: 'test_failure', 1: 'test_failure', 2: 'test_failure', 3: 'compilation_error', 4: 'build_failure', 5: 'build_failure'}",11,"{0: 'BUILD FAILURE', 1: 'BUILD FAILURE', 2: 'BUILD FAILURE', 3: 'BUILD FAILURE', 4: 'BUILD FAILURE', 5: 'BUILD FAILURE'}",{},outputs/ID_Results_MagicCoder_projects_f2d66308f4c1db153f889ede330de32f2e2817af/all_rounds/pinot/98c536ee80516effc6fe2df642a07c8b05962532/pinot-core/org.apache.pinot.queries.ExplainPlanQueriesTest.testSelectAggregateUsingFilterOnTextIndexColumn/5.patch,320.1307276849402,TRUE
https://github.com/apache/pinot,85e413ebe8c80513a8a676fc090b1af0f50861f0,pinot-spi,ID,org.apache.pinot.spi.plugin.PluginManagerTest.testGetPluginsToLoad,testGetPluginsToLoad,Accepted,https://github.com/apache/pinot/pull/9925,,projects/85e413ebe8c80513a8a676fc090b1af0f50861f0/pinot/pinot-spi/src/test/java/org/apache/pinot/spi/plugin/PluginManagerTest.java,,"{0: 'test_failure', 1: 'build_failure', 2: 'Stitched:build_failure;Stitched:build_failure', 3: 'build_failure', 4: 'build_failure', 5: 'Stitched:build_failure'}",11,"{0: 'BUILD FAILURE', 1: 'BUILD FAILURE', 2: 'BUILD FAILURE;Stitched:BUILD FAILURE', 3: 'BUILD FAILURE', 4: 'BUILD FAILURE', 5: 'BUILD FAILURE'}",{},outputs/ID_Results_MagicCoder_projects_f2d66308f4c1db153f889ede330de32f2e2817af/all_rounds/pinot/85e413ebe8c80513a8a676fc090b1af0f50861f0/pinot-spi/org.apache.pinot.spi.plugin.PluginManagerTest.testGetPluginsToLoad/5.patch,93.43562353693414,TRUE
https://github.com/apache/tez,51d6f53967110e2b91b6d90b46f8e16bdc062091,tez-api,ID,org.apache.tez.dag.api.TestDAG.testRecreateDAG,testRecreateDAG,Opened,https://github.com/apache/tez/pull/316,,projects/51d6f53967110e2b91b6d90b46f8e16bdc062091/tez/tez-api/src/test/java/org/apache/tez/dag/api/TestDAG.java,,{0: 'test_failure'},8,{0: 'BUILD SUCCESS'},"{1: 'CUDA out of memory. Tried to allocate 1.57 GiB. GPU 0 has a total capacity of 23.69 GiB of which 243.19 MiB is free. Process 28475 has 4.92 GiB memory in use. Including non-PyTorch memory, this process has 18.52 GiB memory in use. Of the allocated memory 15.54 GiB is allocated by PyTorch, and 1.98 GiB is reserved by PyTorch but unallocated. If reserved but unallocated memory is large try setting PYTORCH_CUDA_ALLOC_CONF=expandable_segments:True to avoid fragmentation.  See documentation for Memory Management  (https://pytorch.org/docs/stable/notes/cuda.html#environment-variables)'}",outputs/ID_Results_MagicCoder_projects_f2d66308f4c1db153f889ede330de32f2e2817af/all_rounds/tez/51d6f53967110e2b91b6d90b46f8e16bdc062091/tez-api/org.apache.tez.dag.api.TestDAG.testRecreateDAG/0.patch,0.8267550769960508,TRUE
https://github.com/classgraph/classgraph,d3b5aebd2d9bfc8b98539f7ce157775cc5af6e95,.,ID,io.github.classgraph.json.JSONSerializationTest.testJSON,testJSON,Accepted,https://github.com/classgraph/classgraph/pull/383,,projects/d3b5aebd2d9bfc8b98539f7ce157775cc5af6e95/classgraph/src/test/java/io/github/classgraph/json/JSONSerializationTest.java,,{0: 'test_failure'},8,{0: 'BUILD SUCCESS'},"{1: 'CUDA out of memory. Tried to allocate 64.00 MiB. GPU 1 has a total capacity of 23.69 GiB of which 65.19 MiB is free. Process 28475 has 4.92 GiB memory in use. Including non-PyTorch memory, this process has 18.70 GiB memory in use. Of the allocated memory 16.69 GiB is allocated by PyTorch, and 1.01 GiB is reserved by PyTorch but unallocated. If reserved but unallocated memory is large try setting PYTORCH_CUDA_ALLOC_CONF=expandable_segments:True to avoid fragmentation.  See documentation for Memory Management  (https://pytorch.org/docs/stable/notes/cuda.html#environment-variables)'}",outputs/ID_Results_MagicCoder_projects_f2d66308f4c1db153f889ede330de32f2e2817af/all_rounds/classgraph/d3b5aebd2d9bfc8b98539f7ce157775cc5af6e95/./io.github.classgraph.json.JSONSerializationTest.testJSON/0.patch,96.28708489902783,TRUE
https://github.com/apolloconfig/apollo,ee028dd0981817b1b9f71d5a8e93ab1649271f75,apollo-configservice,ID,com.ctrip.framework.apollo.configservice.service.AppNamespaceServiceWithCacheTest.testAppNamespace,testAppNamespace,Accepted,https://github.com/apolloconfig/apollo/pull/4998,,projects/ee028dd0981817b1b9f71d5a8e93ab1649271f75/apollo/apollo-configservice/src/test/java/com/ctrip/framework/apollo/configservice/service/AppNamespaceServiceWithCacheTest.java,,{0: 'test_failure'},8,{0: 'BUILD SUCCESS'},"{1: 'CUDA out of memory. Tried to allocate 1.74 GiB. GPU 0 has a total capacity of 23.69 GiB of which 1.16 GiB is free. Process 28475 has 4.92 GiB memory in use. Including non-PyTorch memory, this process has 17.60 GiB memory in use. Of the allocated memory 14.90 GiB is allocated by PyTorch, and 1.70 GiB is reserved by PyTorch but unallocated. If reserved but unallocated memory is large try setting PYTORCH_CUDA_ALLOC_CONF=expandable_segments:True to avoid fragmentation.  See documentation for Memory Management  (https://pytorch.org/docs/stable/notes/cuda.html#environment-variables)'}",outputs/ID_Results_MagicCoder_projects_f2d66308f4c1db153f889ede330de32f2e2817af/all_rounds/apollo/ee028dd0981817b1b9f71d5a8e93ab1649271f75/apollo-configservice/com.ctrip.framework.apollo.configservice.service.AppNamespaceServiceWithCacheTest.testAppNamespace/0.patch,0.11916420806664973,TRUE
https://github.com/apolloconfig/apollo,24062ad9b314da0fb44ccb941dcfd3da46a91fb7,apollo-configservice,ID,com.ctrip.framework.apollo.configservice.service.ReleaseMessageServiceWithCacheTest.testWhenHasReleaseMsgAndHasRepeatMsg,testWhenHasReleaseMsgAndHasRepeatMsg,Accepted,https://github.com/apolloconfig/apollo/pull/2918,,projects/24062ad9b314da0fb44ccb941dcfd3da46a91fb7/apollo/apollo-configservice/src/test/java/com/ctrip/framework/apollo/configservice/service/ReleaseMessageServiceWithCacheTest.java,,"{0: 'test_failure', 1: 'test_failure', 2: 'test_failure', 3: 'test_failure', 4: 'test_failure', 5: 'test_failure'}",8,"{0: 'BUILD SUCCESS', 1: 'BUILD SUCCESS', 2: 'BUILD SUCCESS', 3: 'BUILD SUCCESS', 4: 'BUILD SUCCESS', 5: 'BUILD SUCCESS'}",{},outputs/ID_Results_MagicCoder_projects_f2d66308f4c1db153f889ede330de32f2e2817af/all_rounds/apollo/24062ad9b314da0fb44ccb941dcfd3da46a91fb7/apollo-configservice/com.ctrip.framework.apollo.configservice.service.ReleaseMessageServiceWithCacheTest.testWhenHasReleaseMsgAndHasRepeatMsg/5.patch,163.91424861899577,TRUE
https://github.com/apolloconfig/apollo,e35ce8c013327b91d034b62d53eece055fa64970,apollo-client,ID,com.ctrip.framework.apollo.internals.RemoteConfigLongPollServiceTest.testAssembleLongPollRefreshUrlWithMultipleNamespaces,testAssembleLongPollRefreshUrlWithMultipleNamespaces,Accepted,https://github.com/apolloconfig/apollo/pull/4095,,projects/e35ce8c013327b91d034b62d53eece055fa64970/apollo/apollo-client/src/test/java/com/ctrip/framework/apollo/internals/RemoteConfigLongPollServiceTest.java,,"{0: 'test_failure', 1: 'test_failure', 2: 'test_failure', 3: 'test_failure', 4: 'test_failure', 5: 'test_failure'}",8,"{0: 'BUILD SUCCESS', 1: 'BUILD SUCCESS', 2: 'BUILD SUCCESS', 3: 'BUILD SUCCESS', 4: 'BUILD SUCCESS', 5: 'BUILD SUCCESS'}",{},outputs/ID_Results_MagicCoder_projects_f2d66308f4c1db153f889ede330de32f2e2817af/all_rounds/apollo/e35ce8c013327b91d034b62d53eece055fa64970/apollo-client/com.ctrip.framework.apollo.internals.RemoteConfigLongPollServiceTest.testAssembleLongPollRefreshUrlWithMultipleNamespaces/5.patch,161.4335296220379,TRUE
https://github.com/apolloconfig/apollo,e35ce8c013327b91d034b62d53eece055fa64970,apollo-client,ID,com.ctrip.framework.apollo.internals.RemoteConfigLongPollServiceTest.testAssembleLongPollRefreshUrl,testAssembleLongPollRefreshUrl,Accepted,https://github.com/apolloconfig/apollo/pull/4095,,projects/e35ce8c013327b91d034b62d53eece055fa64970/apollo/apollo-client/src/test/java/com/ctrip/framework/apollo/internals/RemoteConfigLongPollServiceTest.java,outputs/ID_Results_MagicCoder_projects_f2d66308f4c1db153f889ede330de32f2e2817af/GoodPatches/apollo/e35ce8c013327b91d034b62d53eece055fa64970/apollo-client/com.ctrip.framework.apollo.internals.RemoteConfigLongPollServiceTest.testAssembleLongPollRefreshUrl/5.patch,"{0: 'test_failure', 1: 'test_failure', 2: 'test_failure', 3: 'test_failure', 4: 'test_failure', 5: 'test_pass'}",8,"{0: 'BUILD SUCCESS', 1: 'BUILD SUCCESS', 2: 'BUILD SUCCESS', 3: 'BUILD SUCCESS', 4: 'BUILD SUCCESS', 5: 'BUILD SUCCESS'}",{},outputs/ID_Results_MagicCoder_projects_f2d66308f4c1db153f889ede330de32f2e2817af/all_rounds/apollo/e35ce8c013327b91d034b62d53eece055fa64970/apollo-client/com.ctrip.framework.apollo.internals.RemoteConfigLongPollServiceTest.testAssembleLongPollRefreshUrl/5.patch,127.87913132400718,TRUE
https://github.com/apolloconfig/apollo,75f9950d5e1675dbb0617555c4502685ef4d4618,apollo-configservice,ID,com.ctrip.framework.apollo.configservice.service.ReleaseMessageServiceWithCacheTest.testWhenReleaseMsgSizeBiggerThan500,testWhenReleaseMsgSizeBiggerThan500,Accepted,https://github.com/apolloconfig/apollo/pull/4314,,projects/75f9950d5e1675dbb0617555c4502685ef4d4618/apollo/apollo-configservice/src/test/java/com/ctrip/framework/apollo/configservice/service/ReleaseMessageServiceWithCacheTest.java,,"{0: 'test_failure', 1: 'test_failure', 2: 'test_failure', 3: 'Stitched:test_failure', 4: 'test_failure', 5: 'Stitched:test_failure'}",8,"{0: 'BUILD SUCCESS', 1: 'BUILD SUCCESS', 2: 'BUILD SUCCESS', 3: 'BUILD SUCCESS', 4: 'BUILD SUCCESS', 5: 'BUILD SUCCESS'}",{},outputs/ID_Results_MagicCoder_projects_f2d66308f4c1db153f889ede330de32f2e2817af/all_rounds/apollo/75f9950d5e1675dbb0617555c4502685ef4d4618/apollo-configservice/com.ctrip.framework.apollo.configservice.service.ReleaseMessageServiceWithCacheTest.testWhenReleaseMsgSizeBiggerThan500/5.patch,183.19092860096134,TRUE
https://github.com/apolloconfig/apollo,75f9950d5e1675dbb0617555c4502685ef4d4618,apollo-biz,ID,com.ctrip.framework.apollo.biz.service.NamespaceBranchServiceTest.testUpdateBranchGrayRulesWithUpdateOnce,testUpdateBranchGrayRulesWithUpdateOnce,Accepted,https://github.com/apolloconfig/apollo/pull/4599,,projects/75f9950d5e1675dbb0617555c4502685ef4d4618/apollo/apollo-biz/src/test/java/com/ctrip/framework/apollo/biz/service/NamespaceBranchServiceTest.java,,"{0: 'test_failure', 1: 'build_failure', 2: 'build_failure', 3: 'build_failure', 4: 'build_failure', 5: 'build_failure'}",8,"{0: 'BUILD SUCCESS', 1: 'BUILD FAILURE', 2: 'BUILD FAILURE', 3: 'BUILD FAILURE', 4: 'BUILD FAILURE', 5: 'BUILD FAILURE'}",{},outputs/ID_Results_MagicCoder_projects_f2d66308f4c1db153f889ede330de32f2e2817af/all_rounds/apollo/75f9950d5e1675dbb0617555c4502685ef4d4618/apollo-biz/com.ctrip.framework.apollo.biz.service.NamespaceBranchServiceTest.testUpdateBranchGrayRulesWithUpdateOnce/5.patch,76.11193265,TRUE
https://github.com/apolloconfig/apollo-java,5344bc4f07288842bb850145bcf80a084bd94114,apollo-openapi,ID,com.ctrip.framework.apollo.openapi.client.service.ItemOpenApiServiceTest.testFindItemsByNamespace,testFindItemsByNamespace,Accepted,https://github.com/apolloconfig/apollo-java/pull/44,,projects/5344bc4f07288842bb850145bcf80a084bd94114/apollo-java/apollo-openapi/src/test/java/com/ctrip/framework/apollo/openapi/client/service/ItemOpenApiServiceTest.java,,"{0: 'test_failure', 1: 'test_failure', 2: 'test_failure', 3: 'test_failure', 4: 'Stitched:test_failure', 5: 'test_failure'}",8,"{0: 'BUILD SUCCESS', 1: 'BUILD SUCCESS', 2: 'BUILD SUCCESS', 3: 'BUILD SUCCESS', 4: 'BUILD SUCCESS', 5: 'BUILD SUCCESS'}",{},outputs/ID_Results_MagicCoder_projects_f2d66308f4c1db153f889ede330de32f2e2817af/all_rounds/apollo-java/5344bc4f07288842bb850145bcf80a084bd94114/apollo-openapi/com.ctrip.framework.apollo.openapi.client.service.ItemOpenApiServiceTest.testFindItemsByNamespace/5.patch,109.69599401892629,TRUE
https://github.com/OpenFeign/feign,744fd725ac60b534ff553ec96dcd6494631e677f,mock,ID,feign.mock.RequestHeadersTest.shouldPrintHeaders,shouldPrintHeaders,Accepted,https://github.com/OpenFeign/feign/pull/1165,,projects/744fd725ac60b534ff553ec96dcd6494631e677f/feign/mock/src/test/java/feign/mock/RequestHeadersTest.java,,"{0: 'test_failure', 1: 'test_failure', 2: 'test_failure', 3: 'test_failure', 4: 'test_failure', 5: 'test_failure'}",8,"{0: 'BUILD SUCCESS', 1: 'BUILD SUCCESS', 2: 'BUILD SUCCESS', 3: 'BUILD SUCCESS', 4: 'BUILD SUCCESS', 5: 'BUILD SUCCESS'}",{},outputs/ID_Results_MagicCoder_projects_f2d66308f4c1db153f889ede330de32f2e2817af/all_rounds/feign/744fd725ac60b534ff553ec96dcd6494631e677f/mock/feign.mock.RequestHeadersTest.shouldPrintHeaders/5.patch,87.372173,TRUE
https://github.com/OpenFeign/feign,5eb9905e58ecffce907ec3ee092ccee8383ca9ce,core,ID,feign.TypesResolveReturnTypeTest.overrideOverridingConcreteCollectionGenericFourthLevel,overrideOverridingConcreteCollectionGenericFourthLevel,Accepted,https://github.com/OpenFeign/feign/pull/1525,,projects/5eb9905e58ecffce907ec3ee092ccee8383ca9ce/feign/core/src/test/java/feign/TypesResolveReturnTypeTest.java,,"{0: 'test_failure', 1: 'compilation_error', 2: 'compilation_error', 3: 'compilation_error', 4: 'compilation_error', 5: 'compilation_error'}",8,"{0: 'BUILD SUCCESS', 1: 'BUILD FAILURE', 2: 'BUILD FAILURE', 3: 'BUILD FAILURE', 4: 'BUILD FAILURE', 5: 'BUILD FAILURE'}",{},outputs/ID_Results_MagicCoder_projects_f2d66308f4c1db153f889ede330de32f2e2817af/all_rounds/feign/5eb9905e58ecffce907ec3ee092ccee8383ca9ce/core/feign.TypesResolveReturnTypeTest.overrideOverridingConcreteCollectionGenericFourthLevel/5.patch,121.95622619206551,TRUE
https://github.com/OpenFeign/feign,3a351fa0716c51b5b4d7caa0c5f72cd61f80445f,json,ID,feign.json.JsonEncoderTest.encodesObject,encodesObject,Accepted,https://github.com/OpenFeign/feign/pull/1538,,projects/3a351fa0716c51b5b4d7caa0c5f72cd61f80445f/feign/json/src/test/java/feign/json/JsonEncoderTest.java,,"{0: 'test_failure', 1: 'Stitched:compilation_error', 2: 'Stitched:compilation_error', 3: 'Stitched:compilation_error', 4: 'Stitched:compilation_error', 5: 'Stitched:build_failure'}",8,"{0: 'BUILD SUCCESS', 1: 'BUILD FAILURE', 2: 'BUILD FAILURE', 3: 'BUILD FAILURE', 4: 'BUILD FAILURE', 5: 'BUILD FAILURE'}",{},outputs/ID_Results_MagicCoder_projects_f2d66308f4c1db153f889ede330de32f2e2817af/all_rounds/feign/3a351fa0716c51b5b4d7caa0c5f72cd61f80445f/json/feign.json.JsonEncoderTest.encodesObject/5.patch,154.29849908105098,TRUE
https://github.com/pedrovgs/Algorithms,ed6f8a49948c09a21bfeb7bc38b4f24141795e38,.,ID,com.github.pedrovgs.problem45.FindNthMostRepeatedElementTest.shouldFindNthMostRepeatedElement,shouldFindNthMostRepeatedElement,Accepted,https://github.com/pedrovgs/Algorithms/pull/63,,projects/ed6f8a49948c09a21bfeb7bc38b4f24141795e38/Algorithms/src/test/java/com/github/pedrovgs/problem45/FindNthMostRepeatedElementTest.java,,"{0: 'test_failure', 1: 'Stitched:compilation_error', 2: 'compilation_error', 3: 'compilation_error', 4: 'compilation_error', 5: 'Stitched:compilation_error'}",8,"{0: 'BUILD SUCCESS', 1: 'BUILD FAILURE', 2: 'BUILD FAILURE', 3: 'BUILD FAILURE', 4: 'BUILD FAILURE', 5: 'BUILD FAILURE'}",{},outputs/ID_Results_MagicCoder_projects_f2d66308f4c1db153f889ede330de32f2e2817af/all_rounds/Algorithms/ed6f8a49948c09a21bfeb7bc38b4f24141795e38/./com.github.pedrovgs.problem45.FindNthMostRepeatedElementTest.shouldFindNthMostRepeatedElement/5.patch,94.07333445199765,TRUE
https://github.com/square/retrofit,8c93b59dbc57841959f5237cb141ce0b3c18b778,retrofit-converters/jaxb,ID,retrofit2.converter.jaxb.JaxbConverterFactoryTest.userSuppliedJaxbContext,userSuppliedJaxbContext,Rejected,https://github.com/square/retrofit/pull/3295,,projects/8c93b59dbc57841959f5237cb141ce0b3c18b778/retrofit/retrofit-converters/jaxb/src/test/java/retrofit2/converter/jaxb/JaxbConverterFactoryTest.java,,"{0: 'test_failure', 1: 'test_failure', 2: 'build_failure', 3: 'build_failure', 4: 'build_failure', 5: 'build_failure'}",8,"{0: 'BUILD SUCCESS', 1: 'BUILD SUCCESS', 2: 'BUILD FAILURE', 3: 'BUILD FAILURE', 4: 'BUILD FAILURE', 5: 'BUILD FAILURE'}",{},outputs/ID_Results_MagicCoder_projects_f2d66308f4c1db153f889ede330de32f2e2817af/all_rounds/retrofit/8c93b59dbc57841959f5237cb141ce0b3c18b778/retrofit-converters/jaxb/retrofit2.converter.jaxb.JaxbConverterFactoryTest.userSuppliedJaxbContext/5.patch,89.14799044304527,TRUE
https://github.com/square/pagerduty-incidents,c95398ffcb246082bfccddf36fcb97c877a17204,.,ID,com.squareup.pagerduty.incidents.EventTest.serialization,serialization,Opened,https://github.com/square/pagerduty-incidents/pull/30,,projects/c95398ffcb246082bfccddf36fcb97c877a17204/pagerduty-incidents/src/test/java/com/squareup/pagerduty/incidents/EventTest.java,,"{0: 'test_failure', 1: 'build_failure', 2: 'build_failure', 3: 'build_failure', 4: 'build_failure', 5: 'build_failure'}",8,"{0: 'BUILD SUCCESS', 1: 'BUILD FAILURE', 2: 'BUILD FAILURE', 3: 'BUILD FAILURE', 4: 'BUILD FAILURE', 5: 'BUILD FAILURE'}",{},outputs/ID_Results_MagicCoder_projects_f2d66308f4c1db153f889ede330de32f2e2817af/all_rounds/pagerduty-incidents/c95398ffcb246082bfccddf36fcb97c877a17204/./com.squareup.pagerduty.incidents.EventTest.serialization/5.patch,128.65914321190212,TRUE
https://github.com/stanfordnlp/CoreNLP,08f6dca23e5296d6affdc40895bf294d9b3144f6,.,ID,edu.stanford.nlp.graph.DirectedMultiGraphTest.testConnectedComponents,testConnectedComponents,Accepted,https://github.com/stanfordnlp/CoreNLP/pull/1215,,projects/08f6dca23e5296d6affdc40895bf294d9b3144f6/CoreNLP/test/src/edu/stanford/nlp/graph/DirectedMultiGraphTest.java,,"{0: 'test_failure', 1: 'test_failure', 2: 'test_failure', 3: 'test_failure', 4: 'Stitched:compilation_error', 5: 'compilation_error'}",8,"{0: 'BUILD SUCCESS', 1: 'BUILD SUCCESS', 2: 'BUILD SUCCESS', 3: 'BUILD SUCCESS', 4: 'BUILD FAILURE', 5: 'BUILD FAILURE'}",{},outputs/ID_Results_MagicCoder_projects_f2d66308f4c1db153f889ede330de32f2e2817af/all_rounds/CoreNLP/08f6dca23e5296d6affdc40895bf294d9b3144f6/./edu.stanford.nlp.graph.DirectedMultiGraphTest.testConnectedComponents/5.patch,146.07407730503473,TRUE
https://github.com/stanfordnlp/CoreNLP,08f6dca23e5296d6affdc40895bf294d9b3144f6,.,ID,edu.stanford.nlp.naturalli.RelationTripleSegmenterTest.testAmericanActorChrisPratt,testAmericanActorChrisPratt,InspiredAFix,https://github.com/stanfordnlp/CoreNLP/pull/1218,,projects/08f6dca23e5296d6affdc40895bf294d9b3144f6/CoreNLP/test/src/edu/stanford/nlp/naturalli/RelationTripleSegmenterTest.java,,"{0: 'test_failure', 1: 'test_failure', 2: 'test_failure', 3: 'test_failure', 4: 'test_failure', 5: 'test_failure'}",8,"{0: 'BUILD SUCCESS', 1: 'BUILD SUCCESS', 2: 'BUILD SUCCESS', 3: 'BUILD SUCCESS', 4: 'BUILD SUCCESS', 5: 'BUILD SUCCESS'}",{},outputs/ID_Results_MagicCoder_projects_f2d66308f4c1db153f889ede330de32f2e2817af/all_rounds/CoreNLP/08f6dca23e5296d6affdc40895bf294d9b3144f6/./edu.stanford.nlp.naturalli.RelationTripleSegmenterTest.testAmericanActorChrisPratt/5.patch,165.3111866909312,TRUE
https://github.com/stanfordnlp/CoreNLP,08f6dca23e5296d6affdc40895bf294d9b3144f6,.,ID,edu.stanford.nlp.semgraph.semgrex.SemgrexTest.testEqualsRelation,testEqualsRelation,InspiredAFix,https://github.com/stanfordnlp/CoreNLP/pull/1218,,projects/08f6dca23e5296d6affdc40895bf294d9b3144f6/CoreNLP/test/src/edu/stanford/nlp/semgraph/semgrex/SemgrexTest.java,,"{0: 'test_failure', 1: 'Stitched:compilation_error', 2: 'Stitched:compilation_error', 3: 'compilation_error', 4: 'compilation_error', 5: 'compilation_error'}",8,"{0: 'BUILD SUCCESS', 1: 'BUILD FAILURE', 2: 'BUILD FAILURE', 3: 'BUILD FAILURE', 4: 'BUILD FAILURE', 5: 'BUILD FAILURE'}",{},outputs/ID_Results_MagicCoder_projects_f2d66308f4c1db153f889ede330de32f2e2817af/all_rounds/CoreNLP/08f6dca23e5296d6affdc40895bf294d9b3144f6/./edu.stanford.nlp.semgraph.semgrex.SemgrexTest.testEqualsRelation/5.patch,279.97493419400416,TRUE
https://github.com/stanfordnlp/CoreNLP,08f6dca23e5296d6affdc40895bf294d9b3144f6,.,ID,edu.stanford.nlp.semgraph.semgrex.SemgrexTest.testNotEquals,testNotEquals,InspiredAFix,https://github.com/stanfordnlp/CoreNLP/pull/1218,,projects/08f6dca23e5296d6affdc40895bf294d9b3144f6/CoreNLP/test/src/edu/stanford/nlp/semgraph/semgrex/SemgrexTest.java,,"{0: 'test_failure', 1: 'test_failure', 2: 'compilation_error', 3: 'compilation_error', 4: 'compilation_error', 5: 'compilation_error'}",8,"{0: 'BUILD SUCCESS', 1: 'BUILD SUCCESS', 2: 'BUILD FAILURE', 3: 'BUILD FAILURE', 4: 'BUILD FAILURE', 5: 'BUILD FAILURE'}",{},outputs/ID_Results_MagicCoder_projects_f2d66308f4c1db153f889ede330de32f2e2817af/all_rounds/CoreNLP/08f6dca23e5296d6affdc40895bf294d9b3144f6/./edu.stanford.nlp.semgraph.semgrex.SemgrexTest.testNotEquals/5.patch,361.8967452700017,TRUE
https://github.com/stanfordnlp/CoreNLP,08f6dca23e5296d6affdc40895bf294d9b3144f6,.,ID,edu.stanford.nlp.util.CollectionValuedMapTest.testAddRemove,testAddRemove,Accepted,https://github.com/stanfordnlp/CoreNLP/pull/1182,,projects/08f6dca23e5296d6affdc40895bf294d9b3144f6/CoreNLP/test/src/edu/stanford/nlp/util/CollectionValuedMapTest.java,,"{0: 'test_failure', 1: 'test_failure', 2: 'test_failure', 3: 'test_failure', 4: 'test_failure', 5: 'test_failure'}",8,"{0: 'BUILD SUCCESS', 1: 'BUILD SUCCESS', 2: 'BUILD SUCCESS', 3: 'BUILD SUCCESS', 4: 'BUILD SUCCESS', 5: 'BUILD SUCCESS'}",{},outputs/ID_Results_MagicCoder_projects_f2d66308f4c1db153f889ede330de32f2e2817af/all_rounds/CoreNLP/08f6dca23e5296d6affdc40895bf294d9b3144f6/./edu.stanford.nlp.util.CollectionValuedMapTest.testAddRemove/5.patch,142.08112334890757,TRUE
https://github.com/vipshop/vjtools,60c743da35913d72f37f2d79afa90ad2bf73cb89,vjkit,ID,com.vip.vjtools.vjkit.mapper.JsonMapperTest.jsonp,jsonp,Accepted,https://github.com/vipshop/vjtools/pull/168,,projects/60c743da35913d72f37f2d79afa90ad2bf73cb89/vjtools/vjkit/src/test/java/com/vip/vjtools/vjkit/mapper/JsonMapperTest.java,outputs/ID_Results_MagicCoder_projects_f2d66308f4c1db153f889ede330de32f2e2817af/GoodPatches/vjtools/60c743da35913d72f37f2d79afa90ad2bf73cb89/vjkit/com.vip.vjtools.vjkit.mapper.JsonMapperTest.jsonp/4.patch,"{0: 'test_failure', 1: 'test_failure', 2: 'test_failure', 3: 'test_failure', 4: 'test_pass'}",8,"{0: 'BUILD SUCCESS', 1: 'BUILD SUCCESS', 2: 'BUILD SUCCESS', 3: 'BUILD SUCCESS', 4: 'BUILD SUCCESS'}",{},outputs/ID_Results_MagicCoder_projects_f2d66308f4c1db153f889ede330de32f2e2817af/all_rounds/vjtools/60c743da35913d72f37f2d79afa90ad2bf73cb89/vjkit/com.vip.vjtools.vjkit.mapper.JsonMapperTest.jsonp/4.patch,59.39278291,TRUE
https://github.com/vipshop/vjtools,60c743da35913d72f37f2d79afa90ad2bf73cb89,vjkit,ID,com.vip.vjtools.vjkit.mapper.JsonMapperTest.threeTypeMappers,threeTypeMappers,Accepted,https://github.com/vipshop/vjtools/pull/168,,projects/60c743da35913d72f37f2d79afa90ad2bf73cb89/vjtools/vjkit/src/test/java/com/vip/vjtools/vjkit/mapper/JsonMapperTest.java,,"{0: 'test_failure', 1: 'test_failure', 2: 'compilation_error', 3: 'compilation_error', 4: 'compilation_error', 5: 'compilation_error'}",8,"{0: 'BUILD SUCCESS', 1: 'BUILD SUCCESS', 2: 'BUILD FAILURE', 3: 'BUILD FAILURE', 4: 'BUILD FAILURE', 5: 'BUILD FAILURE'}",{},outputs/ID_Results_MagicCoder_projects_f2d66308f4c1db153f889ede330de32f2e2817af/all_rounds/vjtools/60c743da35913d72f37f2d79afa90ad2bf73cb89/vjkit/com.vip.vjtools.vjkit.mapper.JsonMapperTest.threeTypeMappers/5.patch,173.65981109801214,TRUE
https://github.com/vipshop/vjtools,60c743da35913d72f37f2d79afa90ad2bf73cb89,vjkit,ID,com.vip.vjtools.vjkit.mapper.JsonMapperTest.toJson,toJson,Accepted,https://github.com/vipshop/vjtools/pull/168,,projects/60c743da35913d72f37f2d79afa90ad2bf73cb89/vjtools/vjkit/src/test/java/com/vip/vjtools/vjkit/mapper/JsonMapperTest.java,,"{0: 'test_failure', 1: 'test_failure', 2: 'test_failure', 3: 'test_failure', 4: 'Stitched:test_failure', 5: 'Stitched:test_failure'}",8,"{0: 'BUILD SUCCESS', 1: 'BUILD SUCCESS', 2: 'BUILD SUCCESS', 3: 'BUILD SUCCESS', 4: 'BUILD SUCCESS', 5: 'BUILD SUCCESS'}",{},outputs/ID_Results_MagicCoder_projects_f2d66308f4c1db153f889ede330de32f2e2817af/all_rounds/vjtools/60c743da35913d72f37f2d79afa90ad2bf73cb89/vjkit/com.vip.vjtools.vjkit.mapper.JsonMapperTest.toJson/5.patch,198.1703515,TRUE
https://github.com/dropwizard/dropwizard,616ed866460ca909cb30a4eafb786c6040218ae8,dropwizard-jersey,ID,io.dropwizard.jersey.errors.LoggingExceptionMapperTest.handlesMethodNotAllowedWithHeaders,handlesMethodNotAllowedWithHeaders,DeveloperFixed,,https://github.com/dropwizard/dropwizard/commit/430c1b9f04bb3d299a059d5f9a7b849231fa603a,projects/616ed866460ca909cb30a4eafb786c6040218ae8/dropwizard/dropwizard-jersey/src/test/java/io/dropwizard/jersey/errors/LoggingExceptionMapperTest.java,,"{0: 'test_failure', 1: 'Stitched:test_failure', 2: 'test_failure', 3: 'Stitched:compilation_error', 4: 'Stitched:test_failure', 5: 'test_failure'}",8,"{0: 'BUILD SUCCESS', 1: 'BUILD SUCCESS', 2: 'BUILD SUCCESS', 3: 'BUILD FAILURE', 4: 'BUILD SUCCESS', 5: 'BUILD SUCCESS'}",{},outputs/ID_Results_MagicCoder_projects_f2d66308f4c1db153f889ede330de32f2e2817af/all_rounds/dropwizard/616ed866460ca909cb30a4eafb786c6040218ae8/dropwizard-jersey/io.dropwizard.jersey.errors.LoggingExceptionMapperTest.handlesMethodNotAllowedWithHeaders/5.patch,335.14077776204795,TRUE
https://github.com/dropwizard/dropwizard,616ed866460ca909cb30a4eafb786c6040218ae8,dropwizard-jackson,ID,io.dropwizard.jackson.JacksonTest.objectMapperSerializesNullValues,objectMapperSerializesNullValues,InspiredAFix,https://github.com/dropwizard/dropwizard/pull/3284,,projects/616ed866460ca909cb30a4eafb786c6040218ae8/dropwizard/dropwizard-jackson/src/test/java/io/dropwizard/jackson/JacksonTest.java,,"{0: 'test_failure', 1: 'test_failure', 2: 'test_failure', 3: 'test_failure', 4: 'test_failure', 5: 'Stitched:test_failure'}",8,"{0: 'BUILD SUCCESS', 1: 'BUILD SUCCESS', 2: 'BUILD SUCCESS', 3: 'BUILD SUCCESS', 4: 'BUILD SUCCESS', 5: 'BUILD SUCCESS'}",{},outputs/ID_Results_MagicCoder_projects_f2d66308f4c1db153f889ede330de32f2e2817af/all_rounds/dropwizard/616ed866460ca909cb30a4eafb786c6040218ae8/dropwizard-jackson/io.dropwizard.jackson.JacksonTest.objectMapperSerializesNullValues/5.patch,226.21905073197559,TRUE
https://github.com/dropwizard/dropwizard,616ed866460ca909cb30a4eafb786c6040218ae8,dropwizard-json-logging,ID,io.dropwizard.logging.json.layout.JsonFormatterTest.testPrettyPrintWithLineSeparator,testPrettyPrintWithLineSeparator,InspiredAFix,https://github.com/dropwizard/dropwizard/pull/3284,,projects/616ed866460ca909cb30a4eafb786c6040218ae8/dropwizard/dropwizard-json-logging/src/test/java/io/dropwizard/logging/json/layout/JsonFormatterTest.java,,"{0: 'test_failure', 1: 'test_failure', 2: 'compilation_error;Stitched:compilation_error', 3: 'Stitched:compilation_error', 4: 'Stitched:compilation_error', 5: 'Stitched:compilation_error'}",8,"{0: 'BUILD SUCCESS', 1: 'BUILD SUCCESS', 2: 'BUILD FAILURE;Stitched:BUILD FAILURE', 3: 'BUILD FAILURE', 4: 'BUILD FAILURE', 5: 'BUILD FAILURE'}",{},outputs/ID_Results_MagicCoder_projects_f2d66308f4c1db153f889ede330de32f2e2817af/all_rounds/dropwizard/616ed866460ca909cb30a4eafb786c6040218ae8/dropwizard-json-logging/io.dropwizard.logging.json.layout.JsonFormatterTest.testPrettyPrintWithLineSeparator/5.patch,242.0236774289515,TRUE
https://github.com/dropwizard/dropwizard,616ed866460ca909cb30a4eafb786c6040218ae8,dropwizard-views-freemarker,ID,io.dropwizard.views.freemarker.MultipleContentTypeTest.testJsonContentType,testJsonContentType,InspiredAFix,,https://github.com/dropwizard/dropwizard/pull/3056,projects/616ed866460ca909cb30a4eafb786c6040218ae8/dropwizard/dropwizard-views-freemarker/src/test/java/io/dropwizard/views/freemarker/MultipleContentTypeTest.java,,"{0: 'test_failure', 1: 'compilation_error', 2: 'Stitched:test_failure', 3: 'test_failure', 4: 'test_failure', 5: 'test_failure'}",8,"{0: 'BUILD SUCCESS', 1: 'BUILD FAILURE', 2: 'BUILD SUCCESS', 3: 'BUILD SUCCESS', 4: 'BUILD SUCCESS', 5: 'BUILD SUCCESS'}",{},outputs/ID_Results_MagicCoder_projects_f2d66308f4c1db153f889ede330de32f2e2817af/all_rounds/dropwizard/616ed866460ca909cb30a4eafb786c6040218ae8/dropwizard-views-freemarker/io.dropwizard.views.freemarker.MultipleContentTypeTest.testJsonContentType/5.patch,318.21302617690526,TRUE
https://github.com/dropwizard/dropwizard,616ed866460ca909cb30a4eafb786c6040218ae8,dropwizard-views-freemarker,ID,io.dropwizard.views.freemarker.MultipleContentTypeTest.testOnlyJsonContentType,testOnlyJsonContentType,InspiredAFix,,https://github.com/dropwizard/dropwizard/pull/3056,projects/616ed866460ca909cb30a4eafb786c6040218ae8/dropwizard/dropwizard-views-freemarker/src/test/java/io/dropwizard/views/freemarker/MultipleContentTypeTest.java,,"{0: 'test_failure', 1: 'compilation_error', 2: 'test_failure', 3: 'test_failure', 4: 'test_failure', 5: 'compilation_error'}",8,"{0: 'BUILD SUCCESS', 1: 'BUILD FAILURE', 2: 'BUILD SUCCESS', 3: 'BUILD SUCCESS', 4: 'BUILD SUCCESS', 5: 'BUILD FAILURE'}",{},outputs/ID_Results_MagicCoder_projects_f2d66308f4c1db153f889ede330de32f2e2817af/all_rounds/dropwizard/616ed866460ca909cb30a4eafb786c6040218ae8/dropwizard-views-freemarker/io.dropwizard.views.freemarker.MultipleContentTypeTest.testOnlyJsonContentType/5.patch,194.57237306702882,TRUE
https://github.com/dropwizard/dropwizard,df39fdeed1d14f7b014a22db59b06bfd4e562edd,dropwizard-health,ID,io.dropwizard.health.response.JsonHealthResponseProviderTest.shouldHandleMultipleHealthStateViewsCorrectly,shouldHandleMultipleHealthStateViewsCorrectly,Accepted,https://github.com/dropwizard/dropwizard/pull/6134,,projects/df39fdeed1d14f7b014a22db59b06bfd4e562edd/dropwizard/dropwizard-health/src/test/java/io/dropwizard/health/response/JsonHealthResponseProviderTest.java,,"{0: 'test_failure', 1: 'Stitched:build_failure', 2: 'Stitched:build_failure;Stitched:build_failure', 3: 'build_failure', 4: 'Stitched:build_failure;Stitched:build_failure', 5: 'Stitched:build_failure'}",8,"{0: 'BUILD SUCCESS', 1: 'BUILD FAILURE', 2: 'BUILD FAILURE;Stitched:BUILD FAILURE', 3: 'BUILD FAILURE', 4: 'BUILD FAILURE;Stitched:BUILD FAILURE', 5: 'BUILD FAILURE'}",{},outputs/ID_Results_MagicCoder_projects_f2d66308f4c1db153f889ede330de32f2e2817af/all_rounds/dropwizard/df39fdeed1d14f7b014a22db59b06bfd4e562edd/dropwizard-health/io.dropwizard.health.response.JsonHealthResponseProviderTest.shouldHandleMultipleHealthStateViewsCorrectly/5.patch,404.1751196369296,TRUE
https://github.com/jetty/jetty.project,9cede68b355515e1cf8802fd1fcf67aa7547aad1,jetty-server,ID,org.eclipse.jetty.server.ssl.SniSslConnectionFactoryTest.testSNIConnectNoWild,testSNIConnectNoWild,Accepted,https://github.com/jetty/jetty.project/pull/10885,,projects/9cede68b355515e1cf8802fd1fcf67aa7547aad1/jetty.project/jetty-server/src/test/java/org/eclipse/jetty/server/ssl/SniSslConnectionFactoryTest.java,,"{0: 'test_failure', 1: 'compilation_error', 2: 'Stitched:compilation_error', 3: 'compilation_error', 4: 'Stitched:compilation_error', 5: 'compilation_error'}",8,"{0: 'BUILD SUCCESS', 1: 'BUILD FAILURE', 2: 'BUILD FAILURE', 3: 'BUILD FAILURE', 4: 'BUILD FAILURE', 5: 'BUILD FAILURE'}",{},outputs/ID_Results_MagicCoder_projects_f2d66308f4c1db153f889ede330de32f2e2817af/all_rounds/jetty.project/9cede68b355515e1cf8802fd1fcf67aa7547aad1/jetty-server/org.eclipse.jetty.server.ssl.SniSslConnectionFactoryTest.testSNIConnectNoWild/5.patch,319.7177185449982,TRUE
https://github.com/jetty/jetty.project,9cede68b355515e1cf8802fd1fcf67aa7547aad1,jetty-server,ID,org.eclipse.jetty.server.ssl.SslConnectionFactoryTest.testSNIConnect,testSNIConnect,Accepted,https://github.com/jetty/jetty.project/pull/10885,,projects/9cede68b355515e1cf8802fd1fcf67aa7547aad1/jetty.project/jetty-server/src/test/java/org/eclipse/jetty/server/ssl/SslConnectionFactoryTest.java,,"{0: 'test_failure', 1: 'test_failure', 2: 'test_failure', 3: 'test_failure', 4: 'test_failure', 5: 'test_failure'}",8,"{0: 'BUILD SUCCESS', 1: 'BUILD SUCCESS', 2: 'BUILD SUCCESS', 3: 'BUILD SUCCESS', 4: 'BUILD SUCCESS', 5: 'BUILD SUCCESS'}",{},outputs/ID_Results_MagicCoder_projects_f2d66308f4c1db153f889ede330de32f2e2817af/all_rounds/jetty.project/9cede68b355515e1cf8802fd1fcf67aa7547aad1/jetty-server/org.eclipse.jetty.server.ssl.SslConnectionFactoryTest.testSNIConnect/5.patch,274.1005146750249,TRUE
https://github.com/flowable/flowable-engine,399ab58c5c29b2437c56f5418d8610bc3fb3381d,modules/flowable-engine,ID,org.flowable.engine.test.api.runtime.changestate.ChangeStateForGatewaysTest.testSetCurrentActivityToMultipleActivitiesForParallelGateway,testSetCurrentActivityToMultipleActivitiesForParallelGateway,Accepted,https://github.com/flowable/flowable-engine/pull/2197,,projects/399ab58c5c29b2437c56f5418d8610bc3fb3381d/flowable-engine/modules/flowable-engine/src/test/java/org/flowable/engine/test/api/runtime/changestate/ChangeStateForGatewaysTest.java,,"{0: 'test_failure', 1: 'Stitched:compilation_error', 2: 'compilation_error', 3: 'compilation_error', 4: 'compilation_error', 5: 'compilation_error'}",8,"{0: 'BUILD SUCCESS', 1: 'BUILD FAILURE', 2: 'BUILD FAILURE', 3: 'BUILD FAILURE', 4: 'BUILD FAILURE', 5: 'BUILD FAILURE'}",{},outputs/ID_Results_MagicCoder_projects_f2d66308f4c1db153f889ede330de32f2e2817af/all_rounds/flowable-engine/399ab58c5c29b2437c56f5418d8610bc3fb3381d/modules/flowable-engine/org.flowable.engine.test.api.runtime.changestate.ChangeStateForGatewaysTest.testSetCurrentActivityToMultipleActivitiesForParallelGateway/5.patch,763.4024102780968,TRUE
https://github.com/flowable/flowable-engine,399ab58c5c29b2437c56f5418d8610bc3fb3381d,modules/flowable-engine,ID,org.flowable.engine.test.api.runtime.changestate.ChangeStateTest.testSetCurrentActivityForSubProcessWithVariables,testSetCurrentActivityForSubProcessWithVariables,Accepted,https://github.com/flowable/flowable-engine/pull/2147,,projects/399ab58c5c29b2437c56f5418d8610bc3fb3381d/flowable-engine/modules/flowable-engine/src/test/java/org/flowable/engine/test/api/runtime/changestate/ChangeStateTest.java,,"{0: 'test_failure', 1: 'test_failure', 2: 'test_failure', 3: 'test_failure', 4: 'test_failure', 5: 'test_failure'}",8,"{0: 'BUILD SUCCESS', 1: 'BUILD SUCCESS', 2: 'BUILD SUCCESS', 3: 'BUILD SUCCESS', 4: 'BUILD SUCCESS', 5: 'BUILD SUCCESS'}",{},outputs/ID_Results_MagicCoder_projects_f2d66308f4c1db153f889ede330de32f2e2817af/all_rounds/flowable-engine/399ab58c5c29b2437c56f5418d8610bc3fb3381d/modules/flowable-engine/org.flowable.engine.test.api.runtime.changestate.ChangeStateTest.testSetCurrentActivityForSubProcessWithVariables/5.patch,1032.1619300309103,TRUE
https://github.com/flowable/flowable-engine,399ab58c5c29b2437c56f5418d8610bc3fb3381d,modules/flowable-cmmn-engine,ID,org.flowable.cmmn.test.el.VariableFunctionDelegatesTest.testVariableEquals,testVariableEquals,Accepted,https://github.com/flowable/flowable-engine/pull/2204,,projects/399ab58c5c29b2437c56f5418d8610bc3fb3381d/flowable-engine/modules/flowable-cmmn-engine/src/test/java/org/flowable/cmmn/test/el/VariableFunctionDelegatesTest.java,,"{0: 'test_failure', 1: 'Stitched:build_failure', 2: 'Stitched:build_failure', 3: 'build_failure', 4: 'Stitched:build_failure;Stitched:build_failure', 5: 'build_failure'}",8,"{0: 'BUILD SUCCESS', 1: 'BUILD FAILURE', 2: 'BUILD FAILURE', 3: 'BUILD FAILURE', 4: 'BUILD FAILURE;Stitched:BUILD FAILURE', 5: 'BUILD FAILURE'}",{},outputs/ID_Results_MagicCoder_projects_f2d66308f4c1db153f889ede330de32f2e2817af/all_rounds/flowable-engine/399ab58c5c29b2437c56f5418d8610bc3fb3381d/modules/flowable-cmmn-engine/org.flowable.cmmn.test.el.VariableFunctionDelegatesTest.testVariableEquals/5.patch,249.9099834250519,TRUE
https://github.com/flowable/flowable-engine,399ab58c5c29b2437c56f5418d8610bc3fb3381d,modules/flowable-engine,ID,org.flowable.engine.test.api.runtime.migration.ProcessInstanceMigrationGatewaysTest.testMigrateActivityToExclusiveGatewayStartWithDefaultFlow,testMigrateActivityToExclusiveGatewayStartWithDefaultFlow,Accepted,https://github.com/flowable/flowable-engine/pull/2204,,projects/399ab58c5c29b2437c56f5418d8610bc3fb3381d/flowable-engine/modules/flowable-engine/src/test/java/org/flowable/engine/test/api/runtime/migration/ProcessInstanceMigrationGatewaysTest.java,,"{0: 'test_failure', 1: 'test_failure', 2: 'Stitched:test_failure', 3: 'test_failure', 4: 'Stitched:compilation_error', 5: 'compilation_error'}",8,"{0: 'BUILD SUCCESS', 1: 'BUILD SUCCESS', 2: 'BUILD SUCCESS', 3: 'BUILD SUCCESS', 4: 'BUILD FAILURE', 5: 'BUILD FAILURE'}",{},outputs/ID_Results_MagicCoder_projects_f2d66308f4c1db153f889ede330de32f2e2817af/all_rounds/flowable-engine/399ab58c5c29b2437c56f5418d8610bc3fb3381d/modules/flowable-engine/org.flowable.engine.test.api.runtime.migration.ProcessInstanceMigrationGatewaysTest.testMigrateActivityToExclusiveGatewayStartWithDefaultFlow/5.patch,1008.1592670839746,TRUE
https://github.com/flowable/flowable-engine,399ab58c5c29b2437c56f5418d8610bc3fb3381d,modules/flowable-cmmn-engine,ID,org.flowable.cmmn.test.el.VariableFunctionDelegatesTest.testVariableEqualsVariableNotQuoted,testVariableEqualsVariableNotQuoted,Accepted,https://github.com/flowable/flowable-engine/pull/2204,,projects/399ab58c5c29b2437c56f5418d8610bc3fb3381d/flowable-engine/modules/flowable-cmmn-engine/src/test/java/org/flowable/cmmn/test/el/VariableFunctionDelegatesTest.java,,"{0: 'test_failure', 1: 'Stitched:build_failure', 2: 'build_failure', 3: 'build_failure', 4: 'Stitched:build_failure', 5: 'Stitched:build_failure'}",8,"{0: 'BUILD SUCCESS', 1: 'BUILD FAILURE', 2: 'BUILD FAILURE', 3: 'BUILD FAILURE', 4: 'BUILD FAILURE', 5: 'BUILD FAILURE'}",{},outputs/ID_Results_MagicCoder_projects_f2d66308f4c1db153f889ede330de32f2e2817af/all_rounds/flowable-engine/399ab58c5c29b2437c56f5418d8610bc3fb3381d/modules/flowable-cmmn-engine/org.flowable.cmmn.test.el.VariableFunctionDelegatesTest.testVariableEqualsVariableNotQuoted/5.patch,216.9983642300358,TRUE
https://github.com/flowable/flowable-engine,399ab58c5c29b2437c56f5418d8610bc3fb3381d,modules/flowable-cmmn-engine,ID,org.flowable.cmmn.test.itemcontrol.RepetitionRuleTest.testRepeatingRuleUserEventListener,testRepeatingRuleUserEventListener,Accepted,https://github.com/flowable/flowable-engine/pull/2204,,projects/399ab58c5c29b2437c56f5418d8610bc3fb3381d/flowable-engine/modules/flowable-cmmn-engine/src/test/java/org/flowable/cmmn/test/itemcontrol/RepetitionRuleTest.java,,"{0: 'test_failure', 1: 'test_failure', 2: 'compilation_error', 3: 'compilation_error', 4: 'Stitched:compilation_error', 5: 'compilation_error'}",8,"{0: 'BUILD SUCCESS', 1: 'BUILD SUCCESS', 2: 'BUILD FAILURE', 3: 'BUILD FAILURE', 4: 'BUILD FAILURE', 5: 'BUILD FAILURE'}",{},outputs/ID_Results_MagicCoder_projects_f2d66308f4c1db153f889ede330de32f2e2817af/all_rounds/flowable-engine/399ab58c5c29b2437c56f5418d8610bc3fb3381d/modules/flowable-cmmn-engine/org.flowable.cmmn.test.itemcontrol.RepetitionRuleTest.testRepeatingRuleUserEventListener/5.patch,277.26703893602826,TRUE
https://github.com/flowable/flowable-engine,399ab58c5c29b2437c56f5418d8610bc3fb3381d,modules/flowable-cmmn-engine-configurator,ID,org.flowable.cmmn.test.ProcessTaskTest.testExitAvailableProcessTaskThroughExitSentryOnStage,testExitAvailableProcessTaskThroughExitSentryOnStage,Accepted,https://github.com/flowable/flowable-engine/pull/2204,,projects/399ab58c5c29b2437c56f5418d8610bc3fb3381d/flowable-engine/modules/flowable-cmmn-engine-configurator/src/test/java/org/flowable/cmmn/test/ProcessTaskTest.java,,"{0: 'test_failure', 1: 'Stitched:build_failure', 2: 'Stitched:build_failure', 3: 'build_failure', 4: 'build_failure', 5: 'Stitched:build_failure'}",8,"{0: 'BUILD SUCCESS', 1: 'BUILD SUCCESS', 2: 'BUILD FAILURE', 3: 'BUILD FAILURE', 4: 'BUILD FAILURE', 5: 'BUILD FAILURE'}",{},outputs/ID_Results_MagicCoder_projects_f2d66308f4c1db153f889ede330de32f2e2817af/all_rounds/flowable-engine/399ab58c5c29b2437c56f5418d8610bc3fb3381d/modules/flowable-cmmn-engine-configurator/org.flowable.cmmn.test.ProcessTaskTest.testExitAvailableProcessTaskThroughExitSentryOnStage/5.patch,320.42010299803223,TRUE
https://github.com/flowable/flowable-engine,399ab58c5c29b2437c56f5418d8610bc3fb3381d,modules/flowable-cmmn-engine,ID,org.flowable.cmmn.test.runtime.CaseTaskTest.testTerminateAvailableCaseTask,testTerminateAvailableCaseTask,Accepted,https://github.com/flowable/flowable-engine/pull/2204,,projects/399ab58c5c29b2437c56f5418d8610bc3fb3381d/flowable-engine/modules/flowable-cmmn-engine/src/test/java/org/flowable/cmmn/test/runtime/CaseTaskTest.java,,"{0: 'test_failure', 1: 'Stitched:compilation_error', 2: 'Stitched:build_failure', 3: 'Stitched:build_failure', 4: 'build_failure', 5: 'build_failure'}",8,"{0: 'BUILD SUCCESS', 1: 'BUILD FAILURE', 2: 'BUILD FAILURE', 3: 'BUILD FAILURE', 4: 'BUILD FAILURE', 5: 'BUILD FAILURE'}",{},outputs/ID_Results_MagicCoder_projects_f2d66308f4c1db153f889ede330de32f2e2817af/all_rounds/flowable-engine/399ab58c5c29b2437c56f5418d8610bc3fb3381d/modules/flowable-cmmn-engine/org.flowable.cmmn.test.runtime.CaseTaskTest.testTerminateAvailableCaseTask/5.patch,331.14539571502246,TRUE
https://github.com/flowable/flowable-engine,399ab58c5c29b2437c56f5418d8610bc3fb3381d,modules/flowable-cmmn-engine,ID,org.flowable.cmmn.test.runtime.ExitCriteriaTest.testExitPlanModelWithExpression,testExitPlanModelWithExpression,Accepted,https://github.com/flowable/flowable-engine/pull/2204,,projects/399ab58c5c29b2437c56f5418d8610bc3fb3381d/flowable-engine/modules/flowable-cmmn-engine/src/test/java/org/flowable/cmmn/test/runtime/ExitCriteriaTest.java,outputs/ID_Results_MagicCoder_projects_f2d66308f4c1db153f889ede330de32f2e2817af/GoodPatches/flowable-engine/399ab58c5c29b2437c56f5418d8610bc3fb3381d/modules/flowable-cmmn-engine/org.flowable.cmmn.test.runtime.ExitCriteriaTest.testExitPlanModelWithExpression/1.patch,"{0: 'test_failure', 1: 'Stitched:test_pass'}",8,"{0: 'BUILD SUCCESS', 1: 'BUILD SUCCESS'}",{},outputs/ID_Results_MagicCoder_projects_f2d66308f4c1db153f889ede330de32f2e2817af/all_rounds/flowable-engine/399ab58c5c29b2437c56f5418d8610bc3fb3381d/modules/flowable-cmmn-engine/org.flowable.cmmn.test.runtime.ExitCriteriaTest.testExitPlanModelWithExpression/1.patch,63.249865877092816,TRUE
https://github.com/flowable/flowable-engine,399ab58c5c29b2437c56f5418d8610bc3fb3381d,modules/flowable-engine,ID,org.flowable.engine.test.api.runtime.changestate.ChangeStateTest.testSetCurrentExecutionForSubProcessWithVariables,testSetCurrentExecutionForSubProcessWithVariables,Accepted,https://github.com/flowable/flowable-engine/pull/2147,,projects/399ab58c5c29b2437c56f5418d8610bc3fb3381d/flowable-engine/modules/flowable-engine/src/test/java/org/flowable/engine/test/api/runtime/changestate/ChangeStateTest.java,,"{0: 'test_failure', 1: 'test_failure', 2: 'test_failure', 3: 'test_failure', 4: 'test_failure', 5: 'test_failure'}",8,"{0: 'BUILD SUCCESS', 1: 'BUILD SUCCESS', 2: 'BUILD SUCCESS', 3: 'BUILD SUCCESS', 4: 'BUILD SUCCESS', 5: 'BUILD SUCCESS'}",{},outputs/ID_Results_MagicCoder_projects_f2d66308f4c1db153f889ede330de32f2e2817af/all_rounds/flowable-engine/399ab58c5c29b2437c56f5418d8610bc3fb3381d/modules/flowable-engine/org.flowable.engine.test.api.runtime.changestate.ChangeStateTest.testSetCurrentExecutionForSubProcessWithVariables/5.patch,1050.1543889029417,TRUE
https://github.com/flowable/flowable-engine,399ab58c5c29b2437c56f5418d8610bc3fb3381d,modules/flowable-engine,ID,org.flowable.engine.test.api.runtime.migration.ProcessInstanceMigrationGatewaysTest.testMigrateActivityInsideExclusiveGatewayToActivityOutside,testMigrateActivityInsideExclusiveGatewayToActivityOutside,Accepted,https://github.com/flowable/flowable-engine/pull/2204,,projects/399ab58c5c29b2437c56f5418d8610bc3fb3381d/flowable-engine/modules/flowable-engine/src/test/java/org/flowable/engine/test/api/runtime/migration/ProcessInstanceMigrationGatewaysTest.java,,"{0: 'test_failure', 1: 'Stitched:compilation_error', 2: 'Stitched:compilation_error', 3: 'Stitched:compilation_error', 4: 'Stitched:compilation_error', 5: 'Stitched:compilation_error'}",8,"{0: 'BUILD SUCCESS', 1: 'BUILD FAILURE', 2: 'BUILD FAILURE', 3: 'BUILD FAILURE', 4: 'BUILD FAILURE', 5: 'BUILD FAILURE'}",{},outputs/ID_Results_MagicCoder_projects_f2d66308f4c1db153f889ede330de32f2e2817af/all_rounds/flowable-engine/399ab58c5c29b2437c56f5418d8610bc3fb3381d/modules/flowable-engine/org.flowable.engine.test.api.runtime.migration.ProcessInstanceMigrationGatewaysTest.testMigrateActivityInsideExclusiveGatewayToActivityOutside/5.patch,963.9400258100359,TRUE
https://github.com/flowable/flowable-engine,399ab58c5c29b2437c56f5418d8610bc3fb3381d,modules/flowable-engine,ID,org.flowable.engine.test.api.runtime.migration.ProcessInstanceMigrationGatewaysTest.testMigrateActivityToExclusiveGatewayStartInsideEmbeddedSubProcessDefaultFlow,testMigrateActivityToExclusiveGatewayStartInsideEmbeddedSubProcessDefaultFlow,Accepted,https://github.com/flowable/flowable-engine/pull/2204,,projects/399ab58c5c29b2437c56f5418d8610bc3fb3381d/flowable-engine/modules/flowable-engine/src/test/java/org/flowable/engine/test/api/runtime/migration/ProcessInstanceMigrationGatewaysTest.java,,"{0: 'test_failure', 1: 'Stitched:compilation_error', 2: 'compilation_error', 3: 'compilation_error', 4: 'compilation_error', 5: 'compilation_error'}",8,"{0: 'BUILD SUCCESS', 1: 'BUILD FAILURE', 2: 'BUILD FAILURE', 3: 'BUILD FAILURE', 4: 'BUILD FAILURE', 5: 'BUILD FAILURE'}",{},outputs/ID_Results_MagicCoder_projects_f2d66308f4c1db153f889ede330de32f2e2817af/all_rounds/flowable-engine/399ab58c5c29b2437c56f5418d8610bc3fb3381d/modules/flowable-engine/org.flowable.engine.test.api.runtime.migration.ProcessInstanceMigrationGatewaysTest.testMigrateActivityToExclusiveGatewayStartInsideEmbeddedSubProcessDefaultFlow/5.patch,1218.2754611819983,TRUE
https://github.com/flowable/flowable-engine,399ab58c5c29b2437c56f5418d8610bc3fb3381d,modules/flowable-engine,ID,org.flowable.engine.test.api.runtime.migration.ProcessInstanceMigrationGatewaysTest.testMigrateActivityToExclusiveGatewayStartInsideEmbeddedSubProcess,testMigrateActivityToExclusiveGatewayStartInsideEmbeddedSubProcess,Accepted,https://github.com/flowable/flowable-engine/pull/2204,,projects/399ab58c5c29b2437c56f5418d8610bc3fb3381d/flowable-engine/modules/flowable-engine/src/test/java/org/flowable/engine/test/api/runtime/migration/ProcessInstanceMigrationGatewaysTest.java,,"{0: 'test_failure', 1: 'Stitched:test_failure', 2: 'Stitched:compilation_error', 3: 'compilation_error', 4: 'compilation_error', 5: 'compilation_error'}",8,"{0: 'BUILD SUCCESS', 1: 'BUILD SUCCESS', 2: 'BUILD FAILURE', 3: 'BUILD FAILURE', 4: 'BUILD FAILURE', 5: 'BUILD FAILURE'}",{},outputs/ID_Results_MagicCoder_projects_f2d66308f4c1db153f889ede330de32f2e2817af/all_rounds/flowable-engine/399ab58c5c29b2437c56f5418d8610bc3fb3381d/modules/flowable-engine/org.flowable.engine.test.api.runtime.migration.ProcessInstanceMigrationGatewaysTest.testMigrateActivityToExclusiveGatewayStartInsideEmbeddedSubProcess/5.patch,1185.002816990018,TRUE
https://github.com/flowable/flowable-engine,399ab58c5c29b2437c56f5418d8610bc3fb3381d,modules/flowable-engine,ID,org.flowable.engine.test.api.runtime.migration.ProcessInstanceMigrationGatewaysTest.testMigrateActivityToExclusiveGatewayStartWithConditionSpecifiedAsProcessVariableDuringMigration,testMigrateActivityToExclusiveGatewayStartWithConditionSpecifiedAsProcessVariableDuringMigration,Accepted,https://github.com/flowable/flowable-engine/pull/2204,,projects/399ab58c5c29b2437c56f5418d8610bc3fb3381d/flowable-engine/modules/flowable-engine/src/test/java/org/flowable/engine/test/api/runtime/migration/ProcessInstanceMigrationGatewaysTest.java,,"{0: 'test_failure', 1: 'Stitched:compilation_error', 2: 'compilation_error', 3: 'Stitched:compilation_error', 4: 'Stitched:compilation_error', 5: 'compilation_error'}",8,"{0: 'BUILD SUCCESS', 1: 'BUILD FAILURE', 2: 'BUILD FAILURE', 3: 'BUILD FAILURE', 4: 'BUILD FAILURE', 5: 'BUILD FAILURE'}",{},outputs/ID_Results_MagicCoder_projects_f2d66308f4c1db153f889ede330de32f2e2817af/all_rounds/flowable-engine/399ab58c5c29b2437c56f5418d8610bc3fb3381d/modules/flowable-engine/org.flowable.engine.test.api.runtime.migration.ProcessInstanceMigrationGatewaysTest.testMigrateActivityToExclusiveGatewayStartWithConditionSpecifiedAsProcessVariableDuringMigration/5.patch,760.7927002400393,TRUE
https://github.com/flowable/flowable-engine,399ab58c5c29b2437c56f5418d8610bc3fb3381d,modules/flowable-engine,ID,org.flowable.engine.test.api.runtime.migration.ProcessInstanceMigrationGatewaysTest.testMigrateActivityToExclusiveGatewayStartWithConditionSpecifiedBeforeMigration,testMigrateActivityToExclusiveGatewayStartWithConditionSpecifiedBeforeMigration,Accepted,https://github.com/flowable/flowable-engine/pull/2204,,projects/399ab58c5c29b2437c56f5418d8610bc3fb3381d/flowable-engine/modules/flowable-engine/src/test/java/org/flowable/engine/test/api/runtime/migration/ProcessInstanceMigrationGatewaysTest.java,,"{0: 'test_failure', 1: 'Stitched:test_failure', 2: 'test_failure', 3: 'test_failure', 4: 'test_failure', 5: 'test_failure'}",8,"{0: 'BUILD SUCCESS', 1: 'BUILD SUCCESS', 2: 'BUILD SUCCESS', 3: 'BUILD SUCCESS', 4: 'BUILD SUCCESS', 5: 'BUILD SUCCESS'}",{},outputs/ID_Results_MagicCoder_projects_f2d66308f4c1db153f889ede330de32f2e2817af/all_rounds/flowable-engine/399ab58c5c29b2437c56f5418d8610bc3fb3381d/modules/flowable-engine/org.flowable.engine.test.api.runtime.migration.ProcessInstanceMigrationGatewaysTest.testMigrateActivityToExclusiveGatewayStartWithConditionSpecifiedBeforeMigration/5.patch,555.581313,TRUE
https://github.com/flowable/flowable-engine,399ab58c5c29b2437c56f5418d8610bc3fb3381d,modules/flowable-engine,ID,org.flowable.engine.test.api.runtime.migration.ProcessInstanceMigrationGatewaysTest.testMigrateActivityToExclusiveGatewayStartWithConditionSpecifiedDuringMigration,testMigrateActivityToExclusiveGatewayStartWithConditionSpecifiedDuringMigration,Accepted,https://github.com/flowable/flowable-engine/pull/2204,,projects/399ab58c5c29b2437c56f5418d8610bc3fb3381d/flowable-engine/modules/flowable-engine/src/test/java/org/flowable/engine/test/api/runtime/migration/ProcessInstanceMigrationGatewaysTest.java,,"{0: 'test_failure', 1: 'Stitched:test_failure', 2: 'compilation_error', 3: 'compilation_error', 4: 'compilation_error', 5: 'compilation_error'}",8,"{0: 'BUILD SUCCESS', 1: 'BUILD SUCCESS', 2: 'BUILD FAILURE', 3: 'BUILD FAILURE', 4: 'BUILD FAILURE', 5: 'BUILD FAILURE'}",{},outputs/ID_Results_MagicCoder_projects_f2d66308f4c1db153f889ede330de32f2e2817af/all_rounds/flowable-engine/399ab58c5c29b2437c56f5418d8610bc3fb3381d/modules/flowable-engine/org.flowable.engine.test.api.runtime.migration.ProcessInstanceMigrationGatewaysTest.testMigrateActivityToExclusiveGatewayStartWithConditionSpecifiedDuringMigration/5.patch,508.0720347,TRUE
https://github.com/flowable/flowable-engine,399ab58c5c29b2437c56f5418d8610bc3fb3381d,modules/flowable-engine,ID,org.flowable.engine.test.el.function.VariableExpressionFunctionsTest.testGetVariableEquals,testGetVariableEquals,Accepted,https://github.com/flowable/flowable-engine/pull/2204,,projects/399ab58c5c29b2437c56f5418d8610bc3fb3381d/flowable-engine/modules/flowable-engine/src/test/java/org/flowable/engine/test/el/function/VariableExpressionFunctionsTest.java,,"{0: 'test_failure', 1: 'test_failure', 2: 'compilation_error', 3: 'compilation_error', 4: 'compilation_error', 5: 'Stitched:compilation_error'}",8,"{0: 'BUILD SUCCESS', 1: 'BUILD SUCCESS', 2: 'BUILD FAILURE', 3: 'BUILD FAILURE', 4: 'BUILD FAILURE', 5: 'BUILD FAILURE'}",{},outputs/ID_Results_MagicCoder_projects_f2d66308f4c1db153f889ede330de32f2e2817af/all_rounds/flowable-engine/399ab58c5c29b2437c56f5418d8610bc3fb3381d/modules/flowable-engine/org.flowable.engine.test.el.function.VariableExpressionFunctionsTest.testGetVariableEquals/5.patch,311.4395216139965,TRUE
https://github.com/graphhopper/graphhopper,91f1a89a0b515328109a659e445b1008d9db8769,isochrone,ID,com.graphhopper.isochrone.algorithm.IsochroneTest.testSearch,testSearch,MovedOrRenamed,,https://github.com/graphhopper/graphhopper/commit/e4eddf940bcd0383864d9176741941b9341c8fda,projects/91f1a89a0b515328109a659e445b1008d9db8769/graphhopper/isochrone/src/test/java/com/graphhopper/isochrone/algorithm/IsochroneTest.java,outputs/ID_Results_MagicCoder_projects_f2d66308f4c1db153f889ede330de32f2e2817af/GoodPatches/graphhopper/91f1a89a0b515328109a659e445b1008d9db8769/isochrone/com.graphhopper.isochrone.algorithm.IsochroneTest.testSearch/3.patch,"{0: 'test_failure', 1: 'test_failure', 2: 'test_failure', 3: 'test_pass'}",8,"{0: 'BUILD SUCCESS', 1: 'BUILD SUCCESS', 2: 'BUILD SUCCESS', 3: 'BUILD SUCCESS'}",{},outputs/ID_Results_MagicCoder_projects_f2d66308f4c1db153f889ede330de32f2e2817af/all_rounds/graphhopper/91f1a89a0b515328109a659e445b1008d9db8769/isochrone/com.graphhopper.isochrone.algorithm.IsochroneTest.testSearch/3.patch,161.14854191301856,TRUE
https://github.com/graphhopper/graphhopper,91f1a89a0b515328109a659e445b1008d9db8769,core,ID,com.graphhopper.routing.ch.CHProfileSelectorTest.onlyNodeBasedPresent,onlyNodeBasedPresent,DeveloperFixed,,https://github.com/graphhopper/graphhopper/commit/524aaeab96bb778936120de957d787e91d51cf47,projects/91f1a89a0b515328109a659e445b1008d9db8769/graphhopper/core/src/test/java/com/graphhopper/routing/ch/CHProfileSelectorTest.java,,"{0: 'test_failure', 1: 'test_failure', 2: 'build_failure', 3: 'build_failure', 4: 'Stitched:build_failure', 5: 'build_failure'}",8,"{0: 'BUILD SUCCESS', 1: 'BUILD SUCCESS', 2: 'BUILD FAILURE', 3: 'BUILD FAILURE', 4: 'BUILD FAILURE', 5: 'BUILD FAILURE'}",{},outputs/ID_Results_MagicCoder_projects_f2d66308f4c1db153f889ede330de32f2e2817af/all_rounds/graphhopper/91f1a89a0b515328109a659e445b1008d9db8769/core/com.graphhopper.routing.ch.CHProfileSelectorTest.onlyNodeBasedPresent/5.patch,278.15499467391055,TRUE
https://github.com/graphhopper/graphhopper,91f1a89a0b515328109a659e445b1008d9db8769,core,ID,com.graphhopper.routing.ch.CHProfileSelectorTest.onlyEdgeBasedPresent,onlyEdgeBasedPresent,DeveloperFixed,,https://github.com/graphhopper/graphhopper/commit/524aaeab96bb778936120de957d787e91d51cf47,projects/91f1a89a0b515328109a659e445b1008d9db8769/graphhopper/core/src/test/java/com/graphhopper/routing/ch/CHProfileSelectorTest.java,,"{0: 'test_failure', 1: 'Stitched:build_failure', 2: 'build_failure', 3: 'build_failure', 4: 'Stitched:build_failure', 5: 'build_failure'}",8,"{0: 'BUILD SUCCESS', 1: 'BUILD FAILURE', 2: 'BUILD FAILURE', 3: 'BUILD FAILURE', 4: 'BUILD FAILURE', 5: 'BUILD FAILURE'}",{},outputs/ID_Results_MagicCoder_projects_f2d66308f4c1db153f889ede330de32f2e2817af/all_rounds/graphhopper/91f1a89a0b515328109a659e445b1008d9db8769/core/com.graphhopper.routing.ch.CHProfileSelectorTest.onlyEdgeBasedPresent/5.patch,218.6216307040304,TRUE
https://github.com/graphhopper/graphhopper,91f1a89a0b515328109a659e445b1008d9db8769,tools,ID,com.graphhopper.tools.QueryTortureTest.testGetQuery,testGetQuery,Rejected,https://github.com/graphhopper/graphhopper/pull/1941,,projects/91f1a89a0b515328109a659e445b1008d9db8769/graphhopper/tools/src/test/java/com/graphhopper/tools/QueryTortureTest.java,,"{0: 'test_failure', 1: 'test_failure', 2: 'Stitched:build_failure', 3: 'build_failure', 4: 'build_failure', 5: 'compilation_error'}",8,"{0: 'BUILD SUCCESS', 1: 'BUILD SUCCESS', 2: 'BUILD FAILURE', 3: 'BUILD FAILURE', 4: 'BUILD FAILURE', 5: 'BUILD FAILURE'}",{},outputs/ID_Results_MagicCoder_projects_f2d66308f4c1db153f889ede330de32f2e2817af/all_rounds/graphhopper/91f1a89a0b515328109a659e445b1008d9db8769/tools/com.graphhopper.tools.QueryTortureTest.testGetQuery/5.patch,568.6198517140001,TRUE
https://github.com/graphhopper/graphhopper,91f1a89a0b515328109a659e445b1008d9db8769,web-api,ID,com.graphhopper.util.InstructionListRepresentationTest.testRoundaboutJsonIntegrity,testRoundaboutJsonIntegrity,Rejected,https://github.com/graphhopper/graphhopper/pull/2899,,projects/91f1a89a0b515328109a659e445b1008d9db8769/graphhopper/web-api/src/test/java/com/graphhopper/util/InstructionListRepresentationTest.java,,"{0: 'test_failure', 1: 'compilation_error', 2: 'compilation_error;Stitched:compilation_error', 3: 'compilation_error', 4: 'compilation_error;Stitched:compilation_error', 5: 'Stitched:compilation_error;Stitched:compilation_error'}",8,"{0: 'BUILD SUCCESS', 1: 'BUILD FAILURE', 2: 'BUILD FAILURE;Stitched:BUILD FAILURE', 3: 'BUILD FAILURE', 4: 'BUILD FAILURE;Stitched:BUILD FAILURE', 5: 'BUILD FAILURE;Stitched:BUILD FAILURE'}",{},outputs/ID_Results_MagicCoder_projects_f2d66308f4c1db153f889ede330de32f2e2817af/all_rounds/graphhopper/91f1a89a0b515328109a659e445b1008d9db8769/web-api/com.graphhopper.util.InstructionListRepresentationTest.testRoundaboutJsonIntegrity/5.patch,251.39012653101236,TRUE
https://github.com/graphhopper/graphhopper,91f1a89a0b515328109a659e445b1008d9db8769,web-api,ID,com.graphhopper.util.InstructionListRepresentationTest.testRoundaboutJsonNaN,testRoundaboutJsonNaN,Rejected,https://github.com/graphhopper/graphhopper/pull/1873,,projects/91f1a89a0b515328109a659e445b1008d9db8769/graphhopper/web-api/src/test/java/com/graphhopper/util/InstructionListRepresentationTest.java,,"{0: 'test_failure', 1: 'test_failure', 2: 'test_failure', 3: 'test_failure', 4: 'compilation_error;Stitched:compilation_error', 5: 'test_failure'}",8,"{0: 'BUILD SUCCESS', 1: 'BUILD SUCCESS', 2: 'BUILD SUCCESS', 3: 'BUILD SUCCESS', 4: 'BUILD FAILURE;Stitched:BUILD FAILURE', 5: 'BUILD SUCCESS'}",{},outputs/ID_Results_MagicCoder_projects_f2d66308f4c1db153f889ede330de32f2e2817af/all_rounds/graphhopper/91f1a89a0b515328109a659e445b1008d9db8769/web-api/com.graphhopper.util.InstructionListRepresentationTest.testRoundaboutJsonNaN/5.patch,244.15843739302363,TRUE
https://github.com/graphhopper/graphhopper,b65d9413e2dc29b662a1bb2db146b536471167a9,reader-gtfs,ID,com.graphhopper.gtfs.TransfersTest.testInternalTransfersByToRouteIfRouteSpecific,testInternalTransfersByToRouteIfRouteSpecific,Rejected,https://github.com/graphhopper/graphhopper/pull/2534,,projects/b65d9413e2dc29b662a1bb2db146b536471167a9/graphhopper/reader-gtfs/src/test/java/com/graphhopper/gtfs/TransfersTest.java,,"{0: 'test_failure', 1: 'test_failure', 2: 'Stitched:test_failure', 3: 'test_failure', 4: 'test_failure', 5: 'Stitched:build_failure'}",8,"{0: 'BUILD SUCCESS', 1: 'BUILD SUCCESS', 2: 'BUILD SUCCESS', 3: 'BUILD SUCCESS', 4: 'BUILD SUCCESS', 5: 'BUILD FAILURE'}",{},outputs/ID_Results_MagicCoder_projects_f2d66308f4c1db153f889ede330de32f2e2817af/all_rounds/graphhopper/b65d9413e2dc29b662a1bb2db146b536471167a9/reader-gtfs/com.graphhopper.gtfs.TransfersTest.testInternalTransfersByToRouteIfRouteSpecific/5.patch,272.64162488502916,TRUE
https://github.com/Graylog2/graylog2-server,87d63f677759336987fbb21fd9c688235618e7bb,graylog2-server,ID,org.graylog.plugins.views.search.elasticsearch.ElasticsearchBackendUsingCorrectIndicesTest.queryUsesOnlyIndicesBelongingToStream,queryUsesOnlyIndicesBelongingToStream,DeveloperFixed,,d7665100e7c7abc13fd54c8417d394d8bcf7cf52,projects/87d63f677759336987fbb21fd9c688235618e7bb/graylog2-server/graylog2-server/src/test/java/org/graylog/plugins/views/search/elasticsearch/ElasticsearchBackendUsingCorrectIndicesTest.java,,"{0: 'test_failure', 1: 'test_failure', 2: 'test_failure', 3: 'test_failure', 4: 'test_failure', 5: 'test_failure'}",8,"{0: 'BUILD SUCCESS', 1: 'BUILD SUCCESS', 2: 'BUILD SUCCESS', 3: 'BUILD SUCCESS', 4: 'BUILD SUCCESS', 5: 'BUILD SUCCESS'}",{},outputs/ID_Results_MagicCoder_projects_f2d66308f4c1db153f889ede330de32f2e2817af/all_rounds/graylog2-server/87d63f677759336987fbb21fd9c688235618e7bb/graylog2-server/org.graylog.plugins.views.search.elasticsearch.ElasticsearchBackendUsingCorrectIndicesTest.queryUsesOnlyIndicesBelongingToStream/5.patch,671.8340642,TRUE
https://github.com/Graylog2/graylog2-server,87d63f677759336987fbb21fd9c688235618e7bb,graylog2-server,ID,org.graylog.plugins.views.search.elasticsearch.ElasticsearchBackendUsingCorrectIndicesTest.queryUsesOnlyIndicesIncludingTimerangeAndStream,queryUsesOnlyIndicesIncludingTimerangeAndStream,DeveloperFixed,,d7665100e7c7abc13fd54c8417d394d8bcf7cf52,projects/87d63f677759336987fbb21fd9c688235618e7bb/graylog2-server/graylog2-server/src/test/java/org/graylog/plugins/views/search/elasticsearch/ElasticsearchBackendUsingCorrectIndicesTest.java,,"{0: 'test_failure', 1: 'test_failure', 2: 'Stitched:compilation_error', 3: 'Stitched:compilation_error', 4: 'Stitched:compilation_error', 5: 'compilation_error'}",8,"{0: 'BUILD SUCCESS', 1: 'BUILD SUCCESS', 2: 'BUILD FAILURE', 3: 'BUILD FAILURE', 4: 'BUILD FAILURE', 5: 'BUILD FAILURE'}",{},outputs/ID_Results_MagicCoder_projects_f2d66308f4c1db153f889ede330de32f2e2817af/all_rounds/graylog2-server/87d63f677759336987fbb21fd9c688235618e7bb/graylog2-server/org.graylog.plugins.views.search.elasticsearch.ElasticsearchBackendUsingCorrectIndicesTest.queryUsesOnlyIndicesIncludingTimerangeAndStream/5.patch,862.1130343519617,TRUE
https://github.com/Graylog2/graylog2-server,87d63f677759336987fbb21fd9c688235618e7bb,graylog2-server,ID,org.graylog.plugins.views.search.rest.ViewSharingResourceTest.summarizeUsersReturnsListOfUsersIfCurrentUserIsNull,summarizeUsersReturnsListOfUsersIfCurrentUserIsNull,Accepted,https://github.com/Graylog2/graylog2-server/pull/7473,,projects/87d63f677759336987fbb21fd9c688235618e7bb/graylog2-server/graylog2-server/src/test/java/org/graylog/plugins/views/search/rest/ViewSharingResourceTest.java,outputs/ID_Results_MagicCoder_projects_f2d66308f4c1db153f889ede330de32f2e2817af/GoodPatches/graylog2-server/87d63f677759336987fbb21fd9c688235618e7bb/graylog2-server/org.graylog.plugins.views.search.rest.ViewSharingResourceTest.summarizeUsersReturnsListOfUsersIfCurrentUserIsNull/1.patch,"{0: 'test_failure', 1: 'test_pass'}",8,"{0: 'BUILD SUCCESS', 1: 'BUILD SUCCESS'}",{},outputs/ID_Results_MagicCoder_projects_f2d66308f4c1db153f889ede330de32f2e2817af/all_rounds/graylog2-server/87d63f677759336987fbb21fd9c688235618e7bb/graylog2-server/org.graylog.plugins.views.search.rest.ViewSharingResourceTest.summarizeUsersReturnsListOfUsersIfCurrentUserIsNull/1.patch,74.90550868294667,TRUE
https://github.com/Graylog2/graylog2-server,87d63f677759336987fbb21fd9c688235618e7bb,graylog2-server,ID,org.graylog.plugins.views.search.rest.ViewSharingResourceTest.summarizeUsersReturnsListOfUsersWithoutTheCurrent,summarizeUsersReturnsListOfUsersWithoutTheCurrent,Accepted,https://github.com/Graylog2/graylog2-server/pull/7473,,projects/87d63f677759336987fbb21fd9c688235618e7bb/graylog2-server/graylog2-server/src/test/java/org/graylog/plugins/views/search/rest/ViewSharingResourceTest.java,outputs/ID_Results_MagicCoder_projects_f2d66308f4c1db153f889ede330de32f2e2817af/GoodPatches/graylog2-server/87d63f677759336987fbb21fd9c688235618e7bb/graylog2-server/org.graylog.plugins.views.search.rest.ViewSharingResourceTest.summarizeUsersReturnsListOfUsersWithoutTheCurrent/1.patch,"{0: 'test_failure', 1: 'test_pass'}",8,"{0: 'BUILD SUCCESS', 1: 'BUILD SUCCESS'}",{},outputs/ID_Results_MagicCoder_projects_f2d66308f4c1db153f889ede330de32f2e2817af/all_rounds/graylog2-server/87d63f677759336987fbb21fd9c688235618e7bb/graylog2-server/org.graylog.plugins.views.search.rest.ViewSharingResourceTest.summarizeUsersReturnsListOfUsersWithoutTheCurrent/1.patch,64.43797404295765,TRUE
https://github.com/Graylog2/graylog2-server,87d63f677759336987fbb21fd9c688235618e7bb,graylog2-server,ID,org.graylog.plugins.views.search.views.ViewRequirementsTest.mergesMultipleResultsFromMultipleChecksWithConflictingKeys,mergesMultipleResultsFromMultipleChecksWithConflictingKeys,Accepted,https://github.com/Graylog2/graylog2-server/pull/6562,,projects/87d63f677759336987fbb21fd9c688235618e7bb/graylog2-server/graylog2-server/src/test/java/org/graylog/plugins/views/search/views/ViewRequirementsTest.java,,"{0: 'test_failure', 1: 'compilation_error', 2: 'Stitched:compilation_error', 3: 'compilation_error', 4: 'compilation_error', 5: 'compilation_error'}",8,"{0: 'BUILD SUCCESS', 1: 'BUILD FAILURE', 2: 'BUILD FAILURE', 3: 'BUILD FAILURE', 4: 'BUILD FAILURE', 5: 'BUILD FAILURE'}",{},outputs/ID_Results_MagicCoder_projects_f2d66308f4c1db153f889ede330de32f2e2817af/all_rounds/graylog2-server/87d63f677759336987fbb21fd9c688235618e7bb/graylog2-server/org.graylog.plugins.views.search.views.ViewRequirementsTest.mergesMultipleResultsFromMultipleChecksWithConflictingKeys/5.patch,299.03003824001644,TRUE
https://github.com/Graylog2/graylog2-server,87d63f677759336987fbb21fd9c688235618e7bb,graylog2-server,ID,org.graylog2.contentpacks.model.ContentPackTest.shouldDeserializeSerializedContentPack,shouldDeserializeSerializedContentPack,Opened,https://github.com/Graylog2/graylog2-server/pull/7446,,projects/87d63f677759336987fbb21fd9c688235618e7bb/graylog2-server/graylog2-server/src/test/java/org/graylog2/contentpacks/model/ContentPackTest.java,,{0: 'test_failure'},8,{0: 'BUILD SUCCESS'},"{1: 'CUDA out of memory. Tried to allocate 1.49 GiB. GPU 0 has a total capacity of 23.69 GiB of which 963.19 MiB is free. Process 28475 has 4.92 GiB memory in use. Including non-PyTorch memory, this process has 17.82 GiB memory in use. Of the allocated memory 15.11 GiB is allocated by PyTorch, and 1.71 GiB is reserved by PyTorch but unallocated. If reserved but unallocated memory is large try setting PYTORCH_CUDA_ALLOC_CONF=expandable_segments:True to avoid fragmentation.  See documentation for Memory Management  (https://pytorch.org/docs/stable/notes/cuda.html#environment-variables)'}",outputs/ID_Results_MagicCoder_projects_f2d66308f4c1db153f889ede330de32f2e2817af/all_rounds/graylog2-server/87d63f677759336987fbb21fd9c688235618e7bb/graylog2-server/org.graylog2.contentpacks.model.ContentPackTest.shouldDeserializeSerializedContentPack/0.patch,1.0436584460549057,TRUE
https://github.com/Graylog2/graylog2-server,87d63f677759336987fbb21fd9c688235618e7bb,graylog2-server,ID,org.graylog2.contentpacks.model.entities.references.ValueReferenceTest.serializeBoolean,serializeBoolean,Accepted,https://github.com/Graylog2/graylog2-server/pull/6908,,projects/87d63f677759336987fbb21fd9c688235618e7bb/graylog2-server/graylog2-server/src/test/java/org/graylog2/contentpacks/model/entities/references/ValueReferenceTest.java,,"{0: 'test_failure', 1: 'test_failure', 2: 'Stitched:test_failure', 3: 'test_failure', 4: 'test_failure', 5: 'test_failure'}",8,"{0: 'BUILD SUCCESS', 1: 'BUILD SUCCESS', 2: 'BUILD SUCCESS', 3: 'BUILD SUCCESS', 4: 'BUILD SUCCESS', 5: 'BUILD SUCCESS'}",{},outputs/ID_Results_MagicCoder_projects_f2d66308f4c1db153f889ede330de32f2e2817af/all_rounds/graylog2-server/87d63f677759336987fbb21fd9c688235618e7bb/graylog2-server/org.graylog2.contentpacks.model.entities.references.ValueReferenceTest.serializeBoolean/5.patch,273.7210904279491,TRUE
https://github.com/Graylog2/graylog2-server,87d63f677759336987fbb21fd9c688235618e7bb,graylog2-server,ID,org.graylog2.contentpacks.model.entities.references.ValueReferenceTest.serializeEnum,serializeEnum,Accepted,https://github.com/Graylog2/graylog2-server/pull/6908,,projects/87d63f677759336987fbb21fd9c688235618e7bb/graylog2-server/graylog2-server/src/test/java/org/graylog2/contentpacks/model/entities/references/ValueReferenceTest.java,,"{0: 'test_failure', 1: 'test_failure', 2: 'test_failure', 3: 'test_failure', 4: 'compilation_error', 5: 'Stitched:compilation_error;Stitched:compilation_error'}",8,"{0: 'BUILD SUCCESS', 1: 'BUILD SUCCESS', 2: 'BUILD SUCCESS', 3: 'BUILD SUCCESS', 4: 'BUILD FAILURE', 5: 'BUILD FAILURE;Stitched:BUILD FAILURE'}",{},outputs/ID_Results_MagicCoder_projects_f2d66308f4c1db153f889ede330de32f2e2817af/all_rounds/graylog2-server/87d63f677759336987fbb21fd9c688235618e7bb/graylog2-server/org.graylog2.contentpacks.model.entities.references.ValueReferenceTest.serializeEnum/5.patch,250.11693262297194,TRUE
https://github.com/Graylog2/graylog2-server,87d63f677759336987fbb21fd9c688235618e7bb,graylog2-server,ID,org.graylog2.contentpacks.model.entities.references.ValueReferenceTest.serializeFloat,serializeFloat,Accepted,https://github.com/Graylog2/graylog2-server/pull/6908,,projects/87d63f677759336987fbb21fd9c688235618e7bb/graylog2-server/graylog2-server/src/test/java/org/graylog2/contentpacks/model/entities/references/ValueReferenceTest.java,outputs/ID_Results_MagicCoder_projects_f2d66308f4c1db153f889ede330de32f2e2817af/GoodPatches/graylog2-server/87d63f677759336987fbb21fd9c688235618e7bb/graylog2-server/org.graylog2.contentpacks.model.entities.references.ValueReferenceTest.serializeFloat/2.patch,"{0: 'test_failure', 1: 'test_failure', 2: 'Stitched:compilation_error;Stitched:test_pass'}",8,"{0: 'BUILD SUCCESS', 1: 'BUILD SUCCESS', 2: 'BUILD FAILURE;Stitched:BUILD SUCCESS'}",{},outputs/ID_Results_MagicCoder_projects_f2d66308f4c1db153f889ede330de32f2e2817af/all_rounds/graylog2-server/87d63f677759336987fbb21fd9c688235618e7bb/graylog2-server/org.graylog2.contentpacks.model.entities.references.ValueReferenceTest.serializeFloat/2.patch,117.99145775497891,TRUE
https://github.com/Graylog2/graylog2-server,87d63f677759336987fbb21fd9c688235618e7bb,graylog2-server,ID,org.graylog2.contentpacks.model.entities.references.ValueReferenceTest.serializeInteger,serializeInteger,Accepted,https://github.com/Graylog2/graylog2-server/pull/6908,,projects/87d63f677759336987fbb21fd9c688235618e7bb/graylog2-server/graylog2-server/src/test/java/org/graylog2/contentpacks/model/entities/references/ValueReferenceTest.java,,"{0: 'test_failure', 1: 'compilation_error', 2: 'Stitched:compilation_error', 3: 'build_failure', 4: 'build_failure', 5: 'build_failure'}",8,"{0: 'BUILD SUCCESS', 1: 'BUILD FAILURE', 2: 'BUILD FAILURE', 3: 'BUILD FAILURE', 4: 'BUILD FAILURE', 5: 'BUILD FAILURE'}",{},outputs/ID_Results_MagicCoder_projects_f2d66308f4c1db153f889ede330de32f2e2817af/all_rounds/graylog2-server/87d63f677759336987fbb21fd9c688235618e7bb/graylog2-server/org.graylog2.contentpacks.model.entities.references.ValueReferenceTest.serializeInteger/5.patch,256.5382643979974,TRUE
https://github.com/Graylog2/graylog2-server,87d63f677759336987fbb21fd9c688235618e7bb,graylog2-server,ID,org.graylog2.contentpacks.model.entities.references.ValueReferenceTest.serializeParameter,serializeParameter,Accepted,https://github.com/Graylog2/graylog2-server/pull/6908,,projects/87d63f677759336987fbb21fd9c688235618e7bb/graylog2-server/graylog2-server/src/test/java/org/graylog2/contentpacks/model/entities/references/ValueReferenceTest.java,,"{0: 'test_failure', 1: 'test_failure', 2: 'Stitched:test_failure', 3: 'Stitched:test_failure', 4: 'test_failure', 5: 'Stitched:test_failure'}",8,"{0: 'BUILD SUCCESS', 1: 'BUILD SUCCESS', 2: 'BUILD SUCCESS', 3: 'BUILD SUCCESS', 4: 'BUILD SUCCESS', 5: 'BUILD SUCCESS'}",{},outputs/ID_Results_MagicCoder_projects_f2d66308f4c1db153f889ede330de32f2e2817af/all_rounds/graylog2-server/87d63f677759336987fbb21fd9c688235618e7bb/graylog2-server/org.graylog2.contentpacks.model.entities.references.ValueReferenceTest.serializeParameter/5.patch,251.2481054380769,TRUE
https://github.com/Graylog2/graylog2-server,87d63f677759336987fbb21fd9c688235618e7bb,graylog2-server,ID,org.graylog2.contentpacks.model.entities.references.ValueReferenceTest.serializeString,serializeString,Accepted,https://github.com/Graylog2/graylog2-server/pull/6908,,projects/87d63f677759336987fbb21fd9c688235618e7bb/graylog2-server/graylog2-server/src/test/java/org/graylog2/contentpacks/model/entities/references/ValueReferenceTest.java,outputs/ID_Results_MagicCoder_projects_f2d66308f4c1db153f889ede330de32f2e2817af/GoodPatches/graylog2-server/87d63f677759336987fbb21fd9c688235618e7bb/graylog2-server/org.graylog2.contentpacks.model.entities.references.ValueReferenceTest.serializeString/4.patch,"{0: 'test_failure', 1: 'test_failure', 2: 'Stitched:test_failure', 3: 'Stitched:test_failure', 4: 'Stitched:test_failure;Stitched:test_pass'}",8,"{0: 'BUILD SUCCESS', 1: 'BUILD SUCCESS', 2: 'BUILD SUCCESS', 3: 'BUILD SUCCESS', 4: 'BUILD FAILURE;Stitched:BUILD SUCCESS'}",{},outputs/ID_Results_MagicCoder_projects_f2d66308f4c1db153f889ede330de32f2e2817af/all_rounds/graylog2-server/87d63f677759336987fbb21fd9c688235618e7bb/graylog2-server/org.graylog2.contentpacks.model.entities.references.ValueReferenceTest.serializeString/4.patch,247.5880595620256,TRUE
https://github.com/Graylog2/graylog2-server,87d63f677759336987fbb21fd9c688235618e7bb,graylog2-server,ID,org.graylog2.migrations.V20161215163900_MoveIndexSetDefaultConfigTest.upgrade,upgrade,Accepted,https://github.com/Graylog2/graylog2-server/pull/8078,,projects/87d63f677759336987fbb21fd9c688235618e7bb/graylog2-server/graylog2-server/src/test/java/org/graylog2/migrations/V20161215163900_MoveIndexSetDefaultConfigTest.java,,"{0: 'test_failure', 1: 'test_failure', 2: 'test_failure', 3: 'test_failure', 4: 'test_failure', 5: 'test_failure'}",8,"{0: 'BUILD SUCCESS', 1: 'BUILD SUCCESS', 2: 'BUILD SUCCESS', 3: 'BUILD SUCCESS', 4: 'BUILD SUCCESS', 5: 'BUILD SUCCESS'}",{},outputs/ID_Results_MagicCoder_projects_f2d66308f4c1db153f889ede330de32f2e2817af/all_rounds/graylog2-server/87d63f677759336987fbb21fd9c688235618e7bb/graylog2-server/org.graylog2.migrations.V20161215163900_MoveIndexSetDefaultConfigTest.upgrade/5.patch,330.14328827301506,TRUE
https://github.com/Graylog2/graylog2-server,87d63f677759336987fbb21fd9c688235618e7bb,graylog2-server,ID,org.graylog2.plugin.lookup.LookupCacheKeyTest.serialize,serialize,Accepted,https://github.com/Graylog2/graylog2-server/pull/7595,,projects/87d63f677759336987fbb21fd9c688235618e7bb/graylog2-server/graylog2-server/src/test/java/org/graylog2/plugin/lookup/LookupCacheKeyTest.java,outputs/ID_Results_MagicCoder_projects_f2d66308f4c1db153f889ede330de32f2e2817af/GoodPatches/graylog2-server/87d63f677759336987fbb21fd9c688235618e7bb/graylog2-server/org.graylog2.plugin.lookup.LookupCacheKeyTest.serialize/2.patch,"{0: 'test_failure', 1: 'test_failure', 2: 'test_pass'}",8,"{0: 'BUILD SUCCESS', 1: 'BUILD SUCCESS', 2: 'BUILD SUCCESS'}",{},outputs/ID_Results_MagicCoder_projects_f2d66308f4c1db153f889ede330de32f2e2817af/all_rounds/graylog2-server/87d63f677759336987fbb21fd9c688235618e7bb/graylog2-server/org.graylog2.plugin.lookup.LookupCacheKeyTest.serialize/2.patch,91.97009483107831,TRUE
https://github.com/Graylog2/graylog2-server,87d63f677759336987fbb21fd9c688235618e7bb,graylog2-server,ID,org.graylog2.plugin.lookup.LookupCacheKeyTest.serializePrefixOnly,serializePrefixOnly,Accepted,https://github.com/Graylog2/graylog2-server/pull/7595,,projects/87d63f677759336987fbb21fd9c688235618e7bb/graylog2-server/graylog2-server/src/test/java/org/graylog2/plugin/lookup/LookupCacheKeyTest.java,outputs/ID_Results_MagicCoder_projects_f2d66308f4c1db153f889ede330de32f2e2817af/GoodPatches/graylog2-server/87d63f677759336987fbb21fd9c688235618e7bb/graylog2-server/org.graylog2.plugin.lookup.LookupCacheKeyTest.serializePrefixOnly/1.patch,"{0: 'test_failure', 1: 'test_pass'}",8,"{0: 'BUILD SUCCESS', 1: 'BUILD SUCCESS'}",{},outputs/ID_Results_MagicCoder_projects_f2d66308f4c1db153f889ede330de32f2e2817af/all_rounds/graylog2-server/87d63f677759336987fbb21fd9c688235618e7bb/graylog2-server/org.graylog2.plugin.lookup.LookupCacheKeyTest.serializePrefixOnly/1.patch,50.08169784792699,TRUE
https://github.com/Graylog2/graylog2-server,87d63f677759336987fbb21fd9c688235618e7bb,graylog2-server,ID,org.graylog.plugins.views.search.elasticsearch.ElasticsearchBackendMultiSearchTest.everySearchTypeGeneratesOneESQuery,everySearchTypeGeneratesOneESQuery,Opened,https://github.com/Graylog2/graylog2-server/pull/7609,,projects/87d63f677759336987fbb21fd9c688235618e7bb/graylog2-server/graylog2-server/src/test/java/org/graylog/plugins/views/search/elasticsearch/ElasticsearchBackendMultiSearchTest.java,,"{0: 'test_failure', 1: 'test_failure', 2: 'test_failure', 3: 'test_failure', 4: 'test_failure', 5: 'build_failure'}",8,"{0: 'BUILD SUCCESS', 1: 'BUILD SUCCESS', 2: 'BUILD SUCCESS', 3: 'BUILD SUCCESS', 4: 'BUILD SUCCESS', 5: 'BUILD FAILURE'}",{},outputs/ID_Results_MagicCoder_projects_f2d66308f4c1db153f889ede330de32f2e2817af/all_rounds/graylog2-server/87d63f677759336987fbb21fd9c688235618e7bb/graylog2-server/org.graylog.plugins.views.search.elasticsearch.ElasticsearchBackendMultiSearchTest.everySearchTypeGeneratesOneESQuery/5.patch,257.16947202698793,TRUE
https://github.com/kiegroup/optaplanner,dff7457cb5ba1557727deddef5b675dd00fbf8a8,optaplanner-core,ID,org.optaplanner.core.impl.domain.solution.descriptor.SolutionDescriptorTest.extendedAbstractSolution,extendedAbstractSolution,Accepted,https://github.com/kiegroup/optaplanner/pull/690,,projects/dff7457cb5ba1557727deddef5b675dd00fbf8a8/optaplanner/optaplanner-core/src/test/java/org/optaplanner/core/impl/domain/solution/descriptor/SolutionDescriptorTest.java,,"{0: 'test_failure', 1: 'test_failure', 2: 'test_failure', 3: 'test_failure', 4: 'build_failure', 5: 'build_failure'}",8,"{0: 'BUILD SUCCESS', 1: 'BUILD SUCCESS', 2: 'BUILD SUCCESS', 3: 'BUILD SUCCESS', 4: 'BUILD FAILURE', 5: 'BUILD FAILURE'}",{},outputs/ID_Results_MagicCoder_projects_f2d66308f4c1db153f889ede330de32f2e2817af/all_rounds/optaplanner/dff7457cb5ba1557727deddef5b675dd00fbf8a8/optaplanner-core/org.optaplanner.core.impl.domain.solution.descriptor.SolutionDescriptorTest.extendedAbstractSolution/5.patch,241.71675271401182,TRUE
https://github.com/kiegroup/optaplanner,dff7457cb5ba1557727deddef5b675dd00fbf8a8,optaplanner-core,ID,org.optaplanner.core.impl.domain.solution.descriptor.SolutionDescriptorTest.extendedAbstractSolutionOverridesGetScore,extendedAbstractSolutionOverridesGetScore,Accepted,https://github.com/kiegroup/optaplanner/pull/690,,projects/dff7457cb5ba1557727deddef5b675dd00fbf8a8/optaplanner/optaplanner-core/src/test/java/org/optaplanner/core/impl/domain/solution/descriptor/SolutionDescriptorTest.java,,"{0: 'test_failure', 1: 'Stitched:test_failure', 2: 'test_failure', 3: 'test_failure', 4: 'build_failure', 5: 'build_failure'}",8,"{0: 'BUILD SUCCESS', 1: 'BUILD SUCCESS', 2: 'BUILD SUCCESS', 3: 'BUILD SUCCESS', 4: 'BUILD FAILURE', 5: 'BUILD FAILURE'}",{},outputs/ID_Results_MagicCoder_projects_f2d66308f4c1db153f889ede330de32f2e2817af/all_rounds/optaplanner/dff7457cb5ba1557727deddef5b675dd00fbf8a8/optaplanner-core/org.optaplanner.core.impl.domain.solution.descriptor.SolutionDescriptorTest.extendedAbstractSolutionOverridesGetScore/5.patch,221.38450491800904,TRUE
https://github.com/kiegroup/optaplanner,dff7457cb5ba1557727deddef5b675dd00fbf8a8,optaplanner-benchmark,ID,org.optaplanner.benchmark.config.PlannerBenchmarkConfigTest.xmlConfigFileRemainsSameAfterReadWrite,xmlConfigFileRemainsSameAfterReadWrite,DeveloperFixed,,,projects/dff7457cb5ba1557727deddef5b675dd00fbf8a8/optaplanner/optaplanner-benchmark/src/test/java/org/optaplanner/benchmark/config/PlannerBenchmarkConfigTest.java,,"{0: 'test_failure', 1: 'test_failure', 2: 'test_failure', 3: 'test_failure', 4: 'test_failure', 5: 'test_failure'}",8,"{0: 'BUILD SUCCESS', 1: 'BUILD SUCCESS', 2: 'BUILD SUCCESS', 3: 'BUILD SUCCESS', 4: 'BUILD SUCCESS', 5: 'BUILD SUCCESS'}",{},outputs/ID_Results_MagicCoder_projects_f2d66308f4c1db153f889ede330de32f2e2817af/all_rounds/optaplanner/dff7457cb5ba1557727deddef5b675dd00fbf8a8/optaplanner-benchmark/org.optaplanner.benchmark.config.PlannerBenchmarkConfigTest.xmlConfigFileRemainsSameAfterReadWrite/5.patch,252.48534841195215,TRUE
https://github.com/mybatis/mybatis-3,0ca486022cbc98bed6ae9d017919dae564986aec,.,ID,org.apache.ibatis.reflection.ReflectorTest.shouldSettersWithUnrelatedArgTypesThrowException,shouldSettersWithUnrelatedArgTypesThrowException,Accepted,https://github.com/mybatis/mybatis-3/pull/1833,,projects/0ca486022cbc98bed6ae9d017919dae564986aec/mybatis-3/src/test/java/org/apache/ibatis/reflection/ReflectorTest.java,,"{0: 'test_failure', 1: 'test_failure', 2: 'test_failure', 3: 'test_failure', 4: 'test_failure', 5: 'test_failure'}",8,"{0: 'BUILD SUCCESS', 1: 'BUILD SUCCESS', 2: 'BUILD SUCCESS', 3: 'BUILD SUCCESS', 4: 'BUILD SUCCESS', 5: 'BUILD SUCCESS'}",{},outputs/ID_Results_MagicCoder_projects_f2d66308f4c1db153f889ede330de32f2e2817af/all_rounds/mybatis-3/0ca486022cbc98bed6ae9d017919dae564986aec/./org.apache.ibatis.reflection.ReflectorTest.shouldSettersWithUnrelatedArgTypesThrowException/5.patch,500.35904674895573,TRUE
https://github.com/nutzam/nutz,97745dd754eb9aee59aa806d90be53aac051a3e5,.,ID,org.nutz.json.JsonTest.testDuplicateArrayList,testDuplicateArrayList,Accepted,https://github.com/nutzam/nutz/pull/1541,,projects/97745dd754eb9aee59aa806d90be53aac051a3e5/nutz/test/org/nutz/json/JsonTest.java,,"{0: 'test_failure', 1: 'Stitched:compilation_error', 2: 'Stitched:compilation_error', 3: 'Stitched:compilation_error', 4: 'Stitched:compilation_error', 5: 'compilation_error'}",8,"{0: 'BUILD SUCCESS', 1: 'BUILD FAILURE', 2: 'BUILD FAILURE', 3: 'BUILD FAILURE', 4: 'BUILD FAILURE', 5: 'BUILD FAILURE'}",{},outputs/ID_Results_MagicCoder_projects_f2d66308f4c1db153f889ede330de32f2e2817af/all_rounds/nutz/97745dd754eb9aee59aa806d90be53aac051a3e5/./org.nutz.json.JsonTest.testDuplicateArrayList/5.patch,268.70262776501477,TRUE
https://github.com/nutzam/nutz,97745dd754eb9aee59aa806d90be53aac051a3e5,.,ID,org.nutz.json.JsonTest.test_empty_obj_toJson,test_empty_obj_toJson,Accepted,https://github.com/nutzam/nutz/pull/1541,,projects/97745dd754eb9aee59aa806d90be53aac051a3e5/nutz/test/org/nutz/json/JsonTest.java,,"{0: 'test_failure', 1: 'test_failure', 2: 'compilation_error', 3: 'compilation_error', 4: 'compilation_error', 5: 'compilation_error'}",8,"{0: 'BUILD SUCCESS', 1: 'BUILD SUCCESS', 2: 'BUILD FAILURE', 3: 'BUILD FAILURE', 4: 'BUILD FAILURE', 5: 'BUILD FAILURE'}",{},outputs/ID_Results_MagicCoder_projects_f2d66308f4c1db153f889ede330de32f2e2817af/all_rounds/nutz/97745dd754eb9aee59aa806d90be53aac051a3e5/./org.nutz.json.JsonTest.test_empty_obj_toJson/5.patch,234.56141402805224,TRUE
https://github.com/nutzam/nutz,97745dd754eb9aee59aa806d90be53aac051a3e5,.,ID,org.nutz.json.JsonTest.test_enum,test_enum,Accepted,https://github.com/nutzam/nutz/pull/1541,,projects/97745dd754eb9aee59aa806d90be53aac051a3e5/nutz/test/org/nutz/json/JsonTest.java,,"{0: 'test_failure', 1: 'compilation_error', 2: 'compilation_error', 3: 'compilation_error', 4: 'compilation_error', 5: 'compilation_error'}",8,"{0: 'BUILD SUCCESS', 1: 'BUILD FAILURE', 2: 'BUILD FAILURE', 3: 'BUILD FAILURE', 4: 'BUILD FAILURE', 5: 'BUILD FAILURE'}",{},outputs/ID_Results_MagicCoder_projects_f2d66308f4c1db153f889ede330de32f2e2817af/all_rounds/nutz/97745dd754eb9aee59aa806d90be53aac051a3e5/./org.nutz.json.JsonTest.test_enum/5.patch,222.45296255405992,TRUE
https://github.com/nutzam/nutz,97745dd754eb9aee59aa806d90be53aac051a3e5,.,ID,org.nutz.json.JsonTest.test_final_field,test_final_field,Accepted,https://github.com/nutzam/nutz/pull/1541,,projects/97745dd754eb9aee59aa806d90be53aac051a3e5/nutz/test/org/nutz/json/JsonTest.java,,"{0: 'test_failure', 1: 'compilation_error', 2: 'compilation_error', 3: 'compilation_error', 4: 'compilation_error', 5: 'compilation_error'}",8,"{0: 'BUILD SUCCESS', 1: 'BUILD FAILURE', 2: 'BUILD FAILURE', 3: 'BUILD FAILURE', 4: 'BUILD FAILURE', 5: 'BUILD FAILURE'}",{},outputs/ID_Results_MagicCoder_projects_f2d66308f4c1db153f889ede330de32f2e2817af/all_rounds/nutz/97745dd754eb9aee59aa806d90be53aac051a3e5/./org.nutz.json.JsonTest.test_final_field/5.patch,215.0208147809608,TRUE
https://github.com/nutzam/nutz,97745dd754eb9aee59aa806d90be53aac051a3e5,.,ID,org.nutz.json.JsonTest.test_number_formt_tojson,test_number_formt_tojson,Accepted,https://github.com/nutzam/nutz/pull/1541,,projects/97745dd754eb9aee59aa806d90be53aac051a3e5/nutz/test/org/nutz/json/JsonTest.java,,"{0: 'test_failure', 1: 'test_failure', 2: 'test_failure', 3: 'test_failure', 4: 'test_failure', 5: 'test_failure'}",8,"{0: 'BUILD SUCCESS', 1: 'BUILD SUCCESS', 2: 'BUILD SUCCESS', 3: 'BUILD SUCCESS', 4: 'BUILD SUCCESS', 5: 'BUILD SUCCESS'}",{},outputs/ID_Results_MagicCoder_projects_f2d66308f4c1db153f889ede330de32f2e2817af/all_rounds/nutz/97745dd754eb9aee59aa806d90be53aac051a3e5/./org.nutz.json.JsonTest.test_number_formt_tojson/5.patch,275.1041839560494,TRUE
https://github.com/intuit/wasabi,eaac73406a80ca75fb9423bdf3faada67f955083,modules/experiment-objects,ID,com.intuit.wasabi.experimentobjects.ExperimentBatchTest.testToString,testToString,Opened,https://github.com/intuit/wasabi/pull/422,,projects/eaac73406a80ca75fb9423bdf3faada67f955083/wasabi/modules/experiment-objects/src/test/java/com/intuit/wasabi/experimentobjects/ExperimentBatchTest.java,,"{0: 'test_failure', 1: 'test_failure', 2: 'compilation_error', 3: 'compilation_error', 4: 'compilation_error', 5: 'Stitched:compilation_error'}",8,"{0: 'BUILD SUCCESS', 1: 'BUILD SUCCESS', 2: 'BUILD FAILURE', 3: 'BUILD FAILURE', 4: 'BUILD FAILURE', 5: 'BUILD FAILURE'}",{},outputs/ID_Results_MagicCoder_projects_f2d66308f4c1db153f889ede330de32f2e2817af/all_rounds/wasabi/eaac73406a80ca75fb9423bdf3faada67f955083/modules/experiment-objects/com.intuit.wasabi.experimentobjects.ExperimentBatchTest.testToString/5.patch,177.8973071880173,TRUE
https://github.com/Alluxio/alluxio,e6d76803f27133d7700811585f5310470e50e487,core/server/worker,ID,alluxio.worker.block.BlockLockManagerTest.lockAlreadyReadLockedBlock,lockAlreadyReadLockedBlock,DeveloperFixed,,https://github.com/Alluxio/alluxio/commit/921a053d0feafc3c831743d1ae996b31d3cc1288,projects/e6d76803f27133d7700811585f5310470e50e487/alluxio/core/server/worker/src/test/java/alluxio/worker/block/BlockLockManagerTest.java,outputs/ID_Results_MagicCoder_projects_f2d66308f4c1db153f889ede330de32f2e2817af/GoodPatches/alluxio/e6d76803f27133d7700811585f5310470e50e487/core/server/worker/alluxio.worker.block.BlockLockManagerTest.lockAlreadyReadLockedBlock/2.patch,"{0: 'test_failure', 1: 'compilation_error', 2: 'test_pass'}",8,"{0: 'BUILD SUCCESS', 1: 'BUILD FAILURE', 2: 'BUILD SUCCESS'}",{},outputs/ID_Results_MagicCoder_projects_f2d66308f4c1db153f889ede330de32f2e2817af/all_rounds/alluxio/e6d76803f27133d7700811585f5310470e50e487/core/server/worker/alluxio.worker.block.BlockLockManagerTest.lockAlreadyReadLockedBlock/2.patch,95.50366703805048,TRUE
https://github.com/Alluxio/alluxio,e6289d03c7316ccc0a5e3fba2e3b495633713589,dora/core/server/proxy,ID,alluxio.proxy.s3.S3RestServiceHandlerTest.testDeleteObjectReq,testDeleteObjectReq,Opened,https://github.com/Alluxio/alluxio/pull/18328,,projects/e6289d03c7316ccc0a5e3fba2e3b495633713589/alluxio/dora/core/server/proxy/src/test/java/alluxio/proxy/s3/S3RestServiceHandlerTest.java,,"{0: 'test_failure', 1: 'test_failure', 2: 'test_failure', 3: 'test_failure', 4: 'build_failure', 5: 'Stitched:build_failure'}",8,"{0: 'BUILD SUCCESS', 1: 'BUILD SUCCESS', 2: 'BUILD SUCCESS', 3: 'BUILD SUCCESS', 4: 'BUILD FAILURE', 5: 'BUILD FAILURE'}",{},outputs/ID_Results_MagicCoder_projects_f2d66308f4c1db153f889ede330de32f2e2817af/all_rounds/alluxio/e6289d03c7316ccc0a5e3fba2e3b495633713589/dora/core/server/proxy/alluxio.proxy.s3.S3RestServiceHandlerTest.testDeleteObjectReq/5.patch,253.98362896998879,TRUE
https://github.com/seata/seata,d334f85395887193f72fa57daea906a73a2da34e,common,ID,io.seata.common.util.CollectionUtilsTest.encodeMap,encodeMap,Accepted,https://github.com/seata/seata/pull/1802,,projects/d334f85395887193f72fa57daea906a73a2da34e/seata/common/src/test/java/io/seata/common/util/CollectionUtilsTest.java,outputs/ID_Results_MagicCoder_projects_f2d66308f4c1db153f889ede330de32f2e2817af/GoodPatches/seata/d334f85395887193f72fa57daea906a73a2da34e/common/io.seata.common.util.CollectionUtilsTest.encodeMap/1.patch,"{0: 'test_failure', 1: 'test_pass'}",8,"{0: 'BUILD SUCCESS', 1: 'BUILD SUCCESS'}",{},outputs/ID_Results_MagicCoder_projects_f2d66308f4c1db153f889ede330de32f2e2817af/all_rounds/seata/d334f85395887193f72fa57daea906a73a2da34e/common/io.seata.common.util.CollectionUtilsTest.encodeMap/1.patch,41.922146257944405,TRUE
https://github.com/spring-cloud/spring-cloud-config,922590e084284fc95566f8dcb277e94733cff2ec,spring-cloud-config-monitor,ID,org.springframework.cloud.config.monitor.GiteePropertyPathNotificationExtractorTests.giteeSample,giteeSample,Accepted,https://github.com/spring-cloud/spring-cloud-config/pull/1546,,projects/922590e084284fc95566f8dcb277e94733cff2ec/spring-cloud-config/spring-cloud-config-monitor/src/test/java/org/springframework/cloud/config/monitor/GiteePropertyPathNotificationExtractorTests.java,,"{0: 'test_failure', 1: 'build_failure', 2: 'build_failure', 3: 'build_failure', 4: 'build_failure', 5: 'build_failure'}",8,"{0: 'BUILD SUCCESS', 1: 'BUILD FAILURE', 2: 'BUILD FAILURE', 3: 'BUILD FAILURE', 4: 'BUILD FAILURE', 5: 'BUILD FAILURE'}",{},outputs/ID_Results_MagicCoder_projects_f2d66308f4c1db153f889ede330de32f2e2817af/all_rounds/spring-cloud-config/922590e084284fc95566f8dcb277e94733cff2ec/spring-cloud-config-monitor/org.springframework.cloud.config.monitor.GiteePropertyPathNotificationExtractorTests.giteeSample/5.patch,468.26790072303265,TRUE
https://github.com/adobe/asset-share-commons,ee3ef7051e3ea3eb7f5d904fac177bc56623c6ed,core,ID,com.adobe.aem.commons.assetshare.content.renditions.download.impl.AssetRenditionsDownloadServletTest.doPost,doPost,Accepted,https://github.com/adobe/asset-share-commons/pull/672,issue: https://github.com/adobe/asset-share-commons/issues/673,projects/ee3ef7051e3ea3eb7f5d904fac177bc56623c6ed/asset-share-commons/core/src/test/java/com/adobe/aem/commons/assetshare/content/renditions/download/impl/AssetRenditionsDownloadServletTest.java,,"{0: 'test_failure', 1: 'test_failure', 2: 'test_failure', 3: 'test_failure', 4: 'test_failure', 5: 'test_failure'}",11,"{0: 'BUILD SUCCESS', 1: 'BUILD SUCCESS', 2: 'BUILD SUCCESS', 3: 'BUILD SUCCESS', 4: 'BUILD SUCCESS', 5: 'BUILD SUCCESS'}",{},outputs/ID_Results_MagicCoder_projects_f2d66308f4c1db153f889ede330de32f2e2817af/all_rounds/asset-share-commons/ee3ef7051e3ea3eb7f5d904fac177bc56623c6ed/core/com.adobe.aem.commons.assetshare.content.renditions.download.impl.AssetRenditionsDownloadServletTest.doPost/5.patch,394.72299475595355,TRUE
https://github.com/adobe/aem-core-wcm-components,0efca91f4b7b5f56a02fefabbdec273c8b77ffd8,bundles/core,ID,com.adobe.cq.wcm.core.components.internal.models.v3.ImageImplTest.testNgdmImageWithResizeWidth,testNgdmImageWithResizeWidth,Opened,https://github.com/adobe/aem-core-wcm-components/pull/2628,https://github.com/adobe/aem-core-wcm-components/issues/2619,projects/0efca91f4b7b5f56a02fefabbdec273c8b77ffd8/aem-core-wcm-components/bundles/core/src/test/java/com/adobe/cq/wcm/core/components/internal/models/v3/ImageImplTest.java,,"{0: 'test_failure', 1: 'test_failure', 2: 'test_failure', 3: 'test_failure', 4: 'compilation_error', 5: 'compilation_error'}",8,"{0: 'BUILD SUCCESS', 1: 'BUILD SUCCESS', 2: 'BUILD SUCCESS', 3: 'BUILD SUCCESS', 4: 'BUILD FAILURE', 5: 'BUILD FAILURE'}",{},outputs/ID_Results_MagicCoder_projects_f2d66308f4c1db153f889ede330de32f2e2817af/all_rounds/aem-core-wcm-components/0efca91f4b7b5f56a02fefabbdec273c8b77ffd8/bundles/core/com.adobe.cq.wcm.core.components.internal.models.v3.ImageImplTest.testNgdmImageWithResizeWidth/5.patch,284.33656133001205,TRUE
https://github.com/DataDog/datadog-kafka-connect-logs,e453f0c9efb50f2d7aaf2186ff024b15bca9742b,.,ID,com.datadoghq.connect.logs.sink.DatadogLogsApiWriterTest.writer_readingMultipleTopics_shouldBatchSeparate,writer_readingMultipleTopics_shouldBatchSeparate,Opened,https://github.com/DataDog/datadog-kafka-connect-logs/pull/28,,projects/e453f0c9efb50f2d7aaf2186ff024b15bca9742b/datadog-kafka-connect-logs/src/test/java/com/datadoghq/connect/logs/sink/DatadogLogsApiWriterTest.java,,"{0: 'test_failure', 1: 'test_failure', 2: 'test_failure', 3: 'test_failure', 4: 'test_failure', 5: 'test_failure'}",8,"{0: 'BUILD SUCCESS', 1: 'BUILD SUCCESS', 2: 'BUILD SUCCESS', 3: 'BUILD SUCCESS', 4: 'BUILD SUCCESS', 5: 'BUILD SUCCESS'}",{},outputs/ID_Results_MagicCoder_projects_f2d66308f4c1db153f889ede330de32f2e2817af/all_rounds/datadog-kafka-connect-logs/e453f0c9efb50f2d7aaf2186ff024b15bca9742b/./com.datadoghq.connect.logs.sink.DatadogLogsApiWriterTest.writer_readingMultipleTopics_shouldBatchSeparate/5.patch,312.8178779479349,TRUE
https://github.com/DataDog/jmeter-datadog-backend-listener,4b237366bf81050e56aa4d96944cffcd594593c0,.,ID,org.datadog.jmeter.plugins.DatadogBackendClientTest.testExtractLogs,testExtractLogs,Accepted,https://github.com/DataDog/jmeter-datadog-backend-listener/pull/33,,projects/4b237366bf81050e56aa4d96944cffcd594593c0/jmeter-datadog-backend-listener/src/test/java/org/datadog/jmeter/plugins/DatadogBackendClientTest.java,,"{0: 'test_failure', 1: 'test_failure', 2: 'test_failure', 3: 'test_failure', 4: 'test_failure', 5: 'test_failure'}",8,"{0: 'BUILD SUCCESS', 1: 'BUILD SUCCESS', 2: 'BUILD SUCCESS', 3: 'BUILD SUCCESS', 4: 'BUILD SUCCESS', 5: 'BUILD SUCCESS'}",{},outputs/ID_Results_MagicCoder_projects_f2d66308f4c1db153f889ede330de32f2e2817af/all_rounds/jmeter-datadog-backend-listener/4b237366bf81050e56aa4d96944cffcd594593c0/./org.datadog.jmeter.plugins.DatadogBackendClientTest.testExtractLogs/5.patch,405.4109250729671,TRUE
https://github.com/OpenAPITools/openapi-generator,fe934dc1b40227369f226611219886760458f6d2,modules/openapi-generator,ID,org.openapitools.codegen.DefaultCodegenTest.testVarsAndRequiredVarsPresent,testVarsAndRequiredVarsPresent,Accepted,https://github.com/OpenAPITools/openapi-generator/pull/16751,https://github.com/OpenAPITools/openapi-generator/commit/494ee489ade5344b1bc7acdb545e058563f2d73f,projects/fe934dc1b40227369f226611219886760458f6d2/openapi-generator/modules/openapi-generator/src/test/java/org/openapitools/codegen/DefaultCodegenTest.java,,{0: 'test_failure'},8,{0: 'BUILD SUCCESS'},"{1: 'CUDA out of memory. Tried to allocate 1.66 GiB. GPU 0 has a total capacity of 23.69 GiB of which 1.20 GiB is free. Process 28475 has 4.92 GiB memory in use. Including non-PyTorch memory, this process has 17.56 GiB memory in use. Of the allocated memory 14.81 GiB is allocated by PyTorch, and 1.76 GiB is reserved by PyTorch but unallocated. If reserved but unallocated memory is large try setting PYTORCH_CUDA_ALLOC_CONF=expandable_segments:True to avoid fragmentation.  See documentation for Memory Management  (https://pytorch.org/docs/stable/notes/cuda.html#environment-variables)'}",outputs/ID_Results_MagicCoder_projects_f2d66308f4c1db153f889ede330de32f2e2817af/all_rounds/openapi-generator/fe934dc1b40227369f226611219886760458f6d2/modules/openapi-generator/org.openapitools.codegen.DefaultCodegenTest.testVarsAndRequiredVarsPresent/0.patch,0.13027810398489237,TRUE
https://github.com/OpenAPITools/openapi-generator,bfce822c34144500eb573ab105502c3616d79dc3,modules/openapi-generator,ID,org.openapitools.codegen.java.AbstractJavaCodegenTest.testAdditionalModelTypeAnnotationsMixed,testAdditionalModelTypeAnnotationsMixed,Accepted,https://github.com/OpenAPITools/openapi-generator/pull/10485,,projects/bfce822c34144500eb573ab105502c3616d79dc3/openapi-generator/modules/openapi-generator/src/test/java/org/openapitools/codegen/java/AbstractJavaCodegenTest.java,,"{0: 'test_failure', 1: 'build_failure', 2: 'build_failure', 3: 'Stitched:build_failure', 4: 'build_failure', 5: 'Stitched:build_failure'}",8,"{0: 'BUILD SUCCESS', 1: 'BUILD FAILURE', 2: 'BUILD FAILURE', 3: 'BUILD FAILURE', 4: 'BUILD FAILURE', 5: 'BUILD FAILURE'}",{},outputs/ID_Results_MagicCoder_projects_f2d66308f4c1db153f889ede330de32f2e2817af/all_rounds/openapi-generator/bfce822c34144500eb573ab105502c3616d79dc3/modules/openapi-generator/org.openapitools.codegen.java.AbstractJavaCodegenTest.testAdditionalModelTypeAnnotationsMixed/5.patch,568.6833761109738,TRUE
https://github.com/OpenAPITools/openapi-generator,b70edd7f1b600b7927913528405de98ebbebf5ce,modules/openapi-generator,ID,org.openapitools.codegen.kotlin.AbstractKotlinCodegenTest.convertModelName,convertModelName,Opened,https://github.com/OpenAPITools/openapi-generator/pull/7958,,projects/b70edd7f1b600b7927913528405de98ebbebf5ce/openapi-generator/modules/openapi-generator/src/test/java/org/openapitools/codegen/kotlin/AbstractKotlinCodegenTest.java,,"{0: 'test_failure', 1: 'test_failure', 2: 'Stitched:build_failure', 3: 'build_failure', 4: 'Stitched:build_failure', 5: 'build_failure'}",8,"{0: 'BUILD SUCCESS', 1: 'BUILD SUCCESS', 2: 'BUILD FAILURE', 3: 'BUILD FAILURE', 4: 'BUILD FAILURE', 5: 'BUILD FAILURE'}",{},outputs/ID_Results_MagicCoder_projects_f2d66308f4c1db153f889ede330de32f2e2817af/all_rounds/openapi-generator/b70edd7f1b600b7927913528405de98ebbebf5ce/modules/openapi-generator/org.openapitools.codegen.kotlin.AbstractKotlinCodegenTest.convertModelName/5.patch,152.44665595889091,TRUE
https://github.com/SAP/fosstars-rating-core,6f37921610ee0d8438b9ec8adc8b02f88a17f992,.,ID,com.sap.oss.phosphor.fosstars.data.artifact.VulnerabilitiesFromOwaspDependencyCheckTest.testVulnerabilitiesAvailable,testVulnerabilitiesAvailable,Accepted,https://github.com/SAP/fosstars-rating-core/pull/823,,projects/6f37921610ee0d8438b9ec8adc8b02f88a17f992/fosstars-rating-core/src/test/java/com/sap/oss/phosphor/fosstars/data/artifact/VulnerabilitiesFromOwaspDependencyCheckTest.java,,"{0: 'test_failure', 1: 'test_failure', 2: 'test_failure', 3: 'test_failure', 4: 'build_failure', 5: 'build_failure'}",8,"{0: 'BUILD SUCCESS', 1: 'BUILD SUCCESS', 2: 'BUILD SUCCESS', 3: 'BUILD SUCCESS', 4: 'BUILD FAILURE', 5: 'BUILD FAILURE'}",{},outputs/ID_Results_MagicCoder_projects_f2d66308f4c1db153f889ede330de32f2e2817af/all_rounds/fosstars-rating-core/6f37921610ee0d8438b9ec8adc8b02f88a17f992/./com.sap.oss.phosphor.fosstars.data.artifact.VulnerabilitiesFromOwaspDependencyCheckTest.testVulnerabilitiesAvailable/5.patch,389.46960234292783,TRUE
https://github.com/SAP/emobility-smart-charging,53c97ae60625a3e89a130213551840e455b74ae6,.,ID,com.sap.charging.model.FuseTreeTest.testToJSON,testToJSON,Accepted,https://github.com/SAP/emobility-smart-charging/pull/42,,projects/53c97ae60625a3e89a130213551840e455b74ae6/emobility-smart-charging/src/test/java/com/sap/charging/model/FuseTreeTest.java,,{0: 'test_failure'},8,{0: 'BUILD SUCCESS'},"{1: 'CUDA out of memory. Tried to allocate 1.12 GiB. GPU 0 has a total capacity of 23.69 GiB of which 141.19 MiB is free. Process 28475 has 4.92 GiB memory in use. Including non-PyTorch memory, this process has 18.62 GiB memory in use. Of the allocated memory 15.28 GiB is allocated by PyTorch, and 2.35 GiB is reserved by PyTorch but unallocated. If reserved but unallocated memory is large try setting PYTORCH_CUDA_ALLOC_CONF=expandable_segments:True to avoid fragmentation.  See documentation for Memory Management  (https://pytorch.org/docs/stable/notes/cuda.html#environment-variables)'}",outputs/ID_Results_MagicCoder_projects_f2d66308f4c1db153f889ede330de32f2e2817af/all_rounds/emobility-smart-charging/53c97ae60625a3e89a130213551840e455b74ae6/./com.sap.charging.model.FuseTreeTest.testToJSON/0.patch,2.218685562023893,TRUE
https://github.com/SAP/pair-distribution-app,0be329d2897f6d5fbb634e46e0ef3d283282dc93,.,ID,pair.distribution.app.helpers.DayPairsHelperTest.testGenerateNewDayPairs,testGenerateNewDayPairs,Accepted,https://github.com/SAP/pair-distribution-app/pull/7,,projects/0be329d2897f6d5fbb634e46e0ef3d283282dc93/pair-distribution-app/src/test/java/pair/distribution/app/helpers/DayPairsHelperTest.java,,"{0: 'test_failure', 1: 'test_failure', 2: 'compilation_error', 3: 'compilation_error', 4: 'compilation_error', 5: 'compilation_error'}",8,"{0: 'BUILD SUCCESS', 1: 'BUILD SUCCESS', 2: 'BUILD FAILURE', 3: 'BUILD FAILURE', 4: 'BUILD FAILURE', 5: 'BUILD FAILURE'}",{},outputs/ID_Results_MagicCoder_projects_f2d66308f4c1db153f889ede330de32f2e2817af/all_rounds/pair-distribution-app/0be329d2897f6d5fbb634e46e0ef3d283282dc93/./pair.distribution.app.helpers.DayPairsHelperTest.testGenerateNewDayPairs/5.patch,436.0295956080081,TRUE
https://github.com/SAP/scimono,a1a6fc3524b650e5ea191792ad0d203b3a5cb774,scimono-client,ID,com.sap.scimono.client.ResourcePageQueryTest.testCreateDefaultIdentityFilter,testCreateDefaultIdentityFilter,Accepted,https://github.com/SAP/scimono/pull/188,,projects/a1a6fc3524b650e5ea191792ad0d203b3a5cb774/scimono/scimono-client/src/test/java/com/sap/scimono/client/ResourcePageQueryTest.java,,"{0: 'test_failure', 1: 'compilation_error', 2: 'compilation_error', 3: 'compilation_error', 4: 'compilation_error', 5: 'compilation_error'}",8,"{0: 'BUILD SUCCESS', 1: 'BUILD FAILURE', 2: 'BUILD FAILURE', 3: 'BUILD FAILURE', 4: 'BUILD FAILURE', 5: 'BUILD FAILURE'}",{},outputs/ID_Results_MagicCoder_projects_f2d66308f4c1db153f889ede330de32f2e2817af/all_rounds/scimono/a1a6fc3524b650e5ea191792ad0d203b3a5cb774/scimono-client/com.sap.scimono.client.ResourcePageQueryTest.testCreateDefaultIdentityFilter/5.patch,239.8732292749919,TRUE
https://github.com/stleary/JSON-java,8353b9c3f06239c2ffe5b8a39e67ffc72893f666,.,ID,org.json.junit.JSONMLTest.testToJSONObject_reversibility,testToJSONObject_reversibility,Accepted,https://github.com/stleary/JSON-java/pull/788,,projects/8353b9c3f06239c2ffe5b8a39e67ffc72893f666/JSON-java/src/test/java/org/json/junit/JSONMLTest.java,,"{0: 'test_failure', 1: 'test_failure', 2: 'test_failure', 3: 'test_failure', 4: 'Stitched:test_failure', 5: 'Stitched:test_failure'}",8,"{0: 'BUILD SUCCESS', 1: 'BUILD SUCCESS', 2: 'BUILD SUCCESS', 3: 'BUILD SUCCESS', 4: 'BUILD SUCCESS', 5: 'BUILD SUCCESS'}",{},outputs/ID_Results_MagicCoder_projects_f2d66308f4c1db153f889ede330de32f2e2817af/all_rounds/JSON-java/8353b9c3f06239c2ffe5b8a39e67ffc72893f666/./org.json.junit.JSONMLTest.testToJSONObject_reversibility/5.patch,210.28001195692923,TRUE
https://github.com/stleary/JSON-java,bc623e36d6af01b43729c94d8381642a94f95a84,.,ID,org.json.junit.JSONPointerTest.queryByEmptyKeySubObject,queryByEmptyKeySubObject,Accepted,https://github.com/stleary/JSON-java/pull/696,,projects/bc623e36d6af01b43729c94d8381642a94f95a84/JSON-java/src/test/java/org/json/junit/JSONPointerTest.java,,"{0: 'test_failure', 1: 'compilation_error', 2: 'Stitched:compilation_error', 3: 'compilation_error', 4: 'Stitched:compilation_error', 5: 'Stitched:compilation_error'}",8,"{0: 'BUILD SUCCESS', 1: 'BUILD FAILURE', 2: 'BUILD FAILURE', 3: 'BUILD FAILURE', 4: 'BUILD FAILURE', 5: 'BUILD FAILURE'}",{},outputs/ID_Results_MagicCoder_projects_f2d66308f4c1db153f889ede330de32f2e2817af/all_rounds/JSON-java/bc623e36d6af01b43729c94d8381642a94f95a84/./org.json.junit.JSONPointerTest.queryByEmptyKeySubObject/5.patch,226.02078344894107,TRUE
https://github.com/yandex/yoctodb,36a83d1a4107a28358c97cbf6e00500c8b214024,core,ID,com.yandex.yoctodb.util.mutable.stored.V1StoredIndexTest.buildV1StoredIndex,buildV1StoredIndex,Accepted,https://github.com/yandex/yoctodb/pull/47,,projects/36a83d1a4107a28358c97cbf6e00500c8b214024/yoctodb/core/src/test/java/com/yandex/yoctodb/util/mutable/stored/V1StoredIndexTest.java,,"{0: 'test_failure', 1: 'test_failure', 2: 'build_failure', 3: 'build_failure', 4: 'build_failure', 5: 'Stitched:build_failure'}",8,"{0: 'BUILD SUCCESS', 1: 'BUILD SUCCESS', 2: 'BUILD FAILURE', 3: 'BUILD FAILURE', 4: 'BUILD FAILURE', 5: 'BUILD FAILURE'}",{},outputs/ID_Results_MagicCoder_projects_f2d66308f4c1db153f889ede330de32f2e2817af/all_rounds/yoctodb/36a83d1a4107a28358c97cbf6e00500c8b214024/core/com.yandex.yoctodb.util.mutable.stored.V1StoredIndexTest.buildV1StoredIndex/5.patch,263.1201659310609,TRUE
https://github.com/FasterXML/jackson-dataformats-text,a88ae3c41589a21eb4df6049982620ebb152de97,yaml,ID,com.fasterxml.jackson.dataformat.yaml.misc.ObjectIdTest.testNativeSerialization,testNativeSerialization,Accepted,https://github.com/FasterXML/jackson-dataformats-text/pull/294,,projects/a88ae3c41589a21eb4df6049982620ebb152de97/jackson-dataformats-text/yaml/src/test/java/com/fasterxml/jackson/dataformat/yaml/misc/ObjectIdTest.java,,"{0: 'test_failure', 1: 'test_failure', 2: 'test_failure', 3: 'test_failure', 4: 'test_failure', 5: 'compilation_error;Stitched:compilation_error'}",8,"{0: 'BUILD SUCCESS', 1: 'BUILD SUCCESS', 2: 'BUILD SUCCESS', 3: 'BUILD SUCCESS', 4: 'BUILD SUCCESS', 5: 'BUILD FAILURE;Stitched:BUILD FAILURE'}",{},outputs/ID_Results_MagicCoder_projects_f2d66308f4c1db153f889ede330de32f2e2817af/all_rounds/jackson-dataformats-text/a88ae3c41589a21eb4df6049982620ebb152de97/yaml/com.fasterxml.jackson.dataformat.yaml.misc.ObjectIdTest.testNativeSerialization/5.patch,217.35424046299886,TRUE
https://github.com/FasterXML/jackson-dataformats-binary,0eeb08cfd07a9d23bc22090e17a67da57baf436e,cbor,ID,com.fasterxml.jackson.dataformat.cbor.seq.SequenceWriterTest.testSimpleSeqWrite,testSimpleSeqWrite,Accepted,https://github.com/FasterXML/jackson-dataformats-binary/pull/304,,projects/0eeb08cfd07a9d23bc22090e17a67da57baf436e/jackson-dataformats-binary/cbor/src/test/java/com/fasterxml/jackson/dataformat/cbor/seq/SequenceWriterTest.java,,"{0: 'test_failure', 1: 'compilation_error', 2: 'compilation_error', 3: 'compilation_error', 4: 'compilation_error', 5: 'compilation_error'}",8,"{0: 'BUILD SUCCESS', 1: 'BUILD FAILURE', 2: 'BUILD FAILURE', 3: 'BUILD FAILURE', 4: 'BUILD FAILURE', 5: 'BUILD FAILURE'}",{},outputs/ID_Results_MagicCoder_projects_f2d66308f4c1db153f889ede330de32f2e2817af/all_rounds/jackson-dataformats-binary/0eeb08cfd07a9d23bc22090e17a67da57baf436e/cbor/com.fasterxml.jackson.dataformat.cbor.seq.SequenceWriterTest.testSimpleSeqWrite/5.patch,360.4184562199516,TRUE
https://github.com/FasterXML/jackson-modules-base,d33ad8cb6801372ae69c6b65bd87f1aa33001016,afterburner,ID,com.fasterxml.jackson.module.afterburner.deser.jdk.JDKScalarsDeserTest.testNullForPrimitivesNotAllowedMisc,testNullForPrimitivesNotAllowedMisc,Accepted,https://github.com/FasterXML/jackson-modules-base/pull/156,,projects/d33ad8cb6801372ae69c6b65bd87f1aa33001016/jackson-modules-base/afterburner/src/test/java/com/fasterxml/jackson/module/afterburner/deser/jdk/JDKScalarsDeserTest.java,,"{0: 'test_failure', 1: 'test_failure', 2: 'test_failure', 3: 'test_failure', 4: 'test_failure', 5: 'test_failure'}",8,"{0: 'BUILD SUCCESS', 1: 'BUILD SUCCESS', 2: 'BUILD SUCCESS', 3: 'BUILD SUCCESS', 4: 'BUILD SUCCESS', 5: 'BUILD SUCCESS'}",{},outputs/ID_Results_MagicCoder_projects_f2d66308f4c1db153f889ede330de32f2e2817af/all_rounds/jackson-modules-base/d33ad8cb6801372ae69c6b65bd87f1aa33001016/afterburner/com.fasterxml.jackson.module.afterburner.deser.jdk.JDKScalarsDeserTest.testNullForPrimitivesNotAllowedMisc/5.patch,296.1994998679729,TRUE
https://github.com/FasterXML/jackson-modules-base,d33ad8cb6801372ae69c6b65bd87f1aa33001016,blackbird,ID,com.fasterxml.jackson.module.blackbird.ser.TestStdSerializerOverrides.testStringSerWith,testStringSerWith,Accepted,https://github.com/FasterXML/jackson-modules-base/pull/156,,projects/d33ad8cb6801372ae69c6b65bd87f1aa33001016/jackson-modules-base/blackbird/src/test/java/com/fasterxml/jackson/module/blackbird/ser/TestStdSerializerOverrides.java,outputs/ID_Results_MagicCoder_projects_f2d66308f4c1db153f889ede330de32f2e2817af/GoodPatches/jackson-modules-base/d33ad8cb6801372ae69c6b65bd87f1aa33001016/blackbird/com.fasterxml.jackson.module.blackbird.ser.TestStdSerializerOverrides.testStringSerWith/1.patch,"{0: 'test_failure', 1: 'test_pass'}",8,"{0: 'BUILD SUCCESS', 1: 'BUILD SUCCESS'}",{},outputs/ID_Results_MagicCoder_projects_f2d66308f4c1db153f889ede330de32f2e2817af/all_rounds/jackson-modules-base/d33ad8cb6801372ae69c6b65bd87f1aa33001016/blackbird/com.fasterxml.jackson.module.blackbird.ser.TestStdSerializerOverrides.testStringSerWith/1.patch,39.73130645300262,TRUE
https://github.com/IBM/vpc-java-sdk,efa16c65450e23f90e050e4e0b2bd229af24b02c,modules/vpc,ID,com.ibm.cloud.is.vpc.v1.model.VolumeAttachmentPrototypeInstanceByVolumeContextTest.testVolumeAttachmentPrototypeInstanceByVolumeContext,testVolumeAttachmentPrototypeInstanceByVolumeContext,Opened,https://github.com/IBM/vpc-java-sdk/pull/38,,projects/efa16c65450e23f90e050e4e0b2bd229af24b02c/vpc-java-sdk/modules/vpc/src/test/java/com/ibm/cloud/is/vpc/v1/model/VolumeAttachmentPrototypeInstanceByVolumeContextTest.java,,"{0: 'test_failure', 1: 'test_failure', 2: 'Stitched:compilation_error;Stitched:compilation_error', 3: 'compilation_error', 4: 'test_failure'}",8,"{0: 'BUILD SUCCESS', 1: 'BUILD SUCCESS', 2: 'BUILD FAILURE;Stitched:BUILD FAILURE', 3: 'BUILD FAILURE', 4: 'BUILD SUCCESS'}","{5: 'CUDA out of memory. Tried to allocate 64.00 MiB. GPU 0 has a total capacity of 23.69 GiB of which 61.19 MiB is free. Process 28475 has 4.92 GiB memory in use. Including non-PyTorch memory, this process has 18.70 GiB memory in use. Of the allocated memory 16.75 GiB is allocated by PyTorch, and 980.06 MiB is reserved by PyTorch but unallocated. If reserved but unallocated memory is large try setting PYTORCH_CUDA_ALLOC_CONF=expandable_segments:True to avoid fragmentation.  See documentation for Memory Management  (https://pytorch.org/docs/stable/notes/cuda.html#environment-variables)'}",outputs/ID_Results_MagicCoder_projects_f2d66308f4c1db153f889ede330de32f2e2817af/all_rounds/vpc-java-sdk/efa16c65450e23f90e050e4e0b2bd229af24b02c/modules/vpc/com.ibm.cloud.is.vpc.v1.model.VolumeAttachmentPrototypeInstanceByVolumeContextTest.testVolumeAttachmentPrototypeInstanceByVolumeContext/4.patch,968.9470629299758,TRUE
https://github.com/IBM/java-sdk-core,1bfa41c6ca27265866abb91d66ea99223668296a,.,ID,com.ibm.cloud.sdk.core.test.model.DynamicModelSerializationTest.testAddlPropsNull,testAddlPropsNull,Opened,https://github.com/IBM/java-sdk-core/pull/159,,projects/1bfa41c6ca27265866abb91d66ea99223668296a/java-sdk-core/src/test/java/com/ibm/cloud/sdk/core/test/model/DynamicModelSerializationTest.java,outputs/ID_Results_MagicCoder_projects_f2d66308f4c1db153f889ede330de32f2e2817af/GoodPatches/java-sdk-core/1bfa41c6ca27265866abb91d66ea99223668296a/./com.ibm.cloud.sdk.core.test.model.DynamicModelSerializationTest.testAddlPropsNull/1.patch,"{0: 'test_failure', 1: 'test_pass'}",8,"{0: 'BUILD SUCCESS', 1: 'BUILD SUCCESS'}",{},outputs/ID_Results_MagicCoder_projects_f2d66308f4c1db153f889ede330de32f2e2817af/all_rounds/java-sdk-core/1bfa41c6ca27265866abb91d66ea99223668296a/./com.ibm.cloud.sdk.core.test.model.DynamicModelSerializationTest.testAddlPropsNull/1.patch,33.739203733042814,TRUE
https://github.com/IBM/og,bf82c95b488151e58d53e895509fce058065e044,og-configuration,ID,com.ibm.og.json.type.ChoiceConfigTypeAdapterFactoryTest.serialization,serialization,Opened,https://github.com/IBM/og/pull/36,,projects/bf82c95b488151e58d53e895509fce058065e044/og/og-configuration/src/test/java/com/ibm/og/json/type/ChoiceConfigTypeAdapterFactoryTest.java,outputs/ID_Results_MagicCoder_projects_f2d66308f4c1db153f889ede330de32f2e2817af/GoodPatches/og/bf82c95b488151e58d53e895509fce058065e044/og-configuration/com.ibm.og.json.type.ChoiceConfigTypeAdapterFactoryTest.serialization/1.patch,"{0: 'test_failure', 1: 'test_pass'}",8,"{0: 'BUILD SUCCESS', 1: 'BUILD SUCCESS'}",{},outputs/ID_Results_MagicCoder_projects_f2d66308f4c1db153f889ede330de32f2e2817af/all_rounds/og/bf82c95b488151e58d53e895509fce058065e044/og-configuration/com.ibm.og.json.type.ChoiceConfigTypeAdapterFactoryTest.serialization/1.patch,27.32679124805145,TRUE
https://github.com/IBM/platform-services-java-sdk,9397602ebd5329b035851542c84c3a347b23eb7d,modules/configuration-governance,ID,com.ibm.cloud.platform_services.configuration_governance.v1.model.CreateRuleRequestTest.testCreateRuleRequest,testCreateRuleRequest,Rejected,https://github.com/IBM/platform-services-java-sdk/pull/156,These tests are auto-generated and should not be modified,projects/9397602ebd5329b035851542c84c3a347b23eb7d/platform-services-java-sdk/modules/configuration-governance/src/test/java/com/ibm/cloud/platform_services/configuration_governance/v1/model/CreateRuleRequestTest.java,,"{0: 'test_failure', 1: 'Stitched:build_failure', 2: 'build_failure', 3: 'Stitched:build_failure', 4: 'Stitched:build_failure', 5: 'Stitched:build_failure'}",8,"{0: 'BUILD SUCCESS', 1: 'BUILD FAILURE', 2: 'BUILD FAILURE', 3: 'BUILD FAILURE', 4: 'BUILD FAILURE', 5: 'BUILD FAILURE'}",{},outputs/ID_Results_MagicCoder_projects_f2d66308f4c1db153f889ede330de32f2e2817af/all_rounds/platform-services-java-sdk/9397602ebd5329b035851542c84c3a347b23eb7d/modules/configuration-governance/com.ibm.cloud.platform_services.configuration_governance.v1.model.CreateRuleRequestTest.testCreateRuleRequest/5.patch,889.4664068,TRUE
https://github.com/intel/jndn-utils,b4f2fb28e48d8a4bc18410ec6c932c0c229f8884,.,ID,com.intel.jndn.utils.client.impl.DefaultSegmentedClientTest.testGetSegmentsAsync,testGetSegmentsAsync,Accepted,https://github.com/intel/jndn-utils/pull/8,,projects/b4f2fb28e48d8a4bc18410ec6c932c0c229f8884/jndn-utils/src/test/java/com/intel/jndn/utils/client/impl/DefaultSegmentedClientTest.java,,"{0: 'test_failure', 1: 'test_failure', 2: 'build_failure', 3: 'build_failure', 4: 'build_failure', 5: 'build_failure'}",8,"{0: 'BUILD SUCCESS', 1: 'BUILD SUCCESS', 2: 'BUILD FAILURE', 3: 'BUILD FAILURE', 4: 'BUILD FAILURE', 5: 'BUILD FAILURE'}",{},outputs/ID_Results_MagicCoder_projects_f2d66308f4c1db153f889ede330de32f2e2817af/all_rounds/jndn-utils/b4f2fb28e48d8a4bc18410ec6c932c0c229f8884/./com.intel.jndn.utils.client.impl.DefaultSegmentedClientTest.testGetSegmentsAsync/5.patch,209.97984432103112,TRUE
https://github.com/BroadleafCommerce/BroadleafCommerce,735ecc72e64a2ab91c6c86f54e7c81655c10a886,common,ID,org.broadleafcommerce.common.sitemap.service.CustomUrlSiteMapGeneratorTest.testSiteMapsWithSiteContext,testSiteMapsWithSiteContext,Opened,https://github.com/BroadleafCommerce/BroadleafCommerce/pull/2901,,projects/735ecc72e64a2ab91c6c86f54e7c81655c10a886/BroadleafCommerce/common/src/test/java/org/broadleafcommerce/common/sitemap/service/CustomUrlSiteMapGeneratorTest.java,,"{0: 'test_failure', 1: 'Stitched:build_failure', 2: 'build_failure', 3: 'build_failure', 4: 'build_failure', 5: 'build_failure'}",8,"{0: 'BUILD SUCCESS', 1: 'BUILD FAILURE', 2: 'BUILD FAILURE', 3: 'BUILD FAILURE', 4: 'BUILD FAILURE', 5: 'BUILD FAILURE'}",{},outputs/ID_Results_MagicCoder_projects_f2d66308f4c1db153f889ede330de32f2e2817af/all_rounds/BroadleafCommerce/735ecc72e64a2ab91c6c86f54e7c81655c10a886/common/org.broadleafcommerce.common.sitemap.service.CustomUrlSiteMapGeneratorTest.testSiteMapsWithSiteContext/5.patch,542.2265864131041,TRUE
https://github.com/junit-team/junit4,7167b23b3ba7dd79410f6e9db350d16cbe30617b,.,ID,org.junit.internal.MethodSorterTest.testJvmMethodSorter,testJvmMethodSorter,Opened,https://github.com/junit-team/junit4/pull/1765,,projects/7167b23b3ba7dd79410f6e9db350d16cbe30617b/junit4/src/test/java/org/junit/internal/MethodSorterTest.java,,"{0: 'test_failure', 1: 'test_failure', 2: 'test_failure', 3: 'test_failure', 4: 'test_failure', 5: 'compilation_error'}",8,"{0: 'BUILD SUCCESS', 1: 'BUILD SUCCESS', 2: 'BUILD SUCCESS', 3: 'BUILD SUCCESS', 4: 'BUILD SUCCESS', 5: 'BUILD FAILURE'}",{},outputs/ID_Results_MagicCoder_projects_f2d66308f4c1db153f889ede330de32f2e2817af/all_rounds/junit4/7167b23b3ba7dd79410f6e9db350d16cbe30617b/./org.junit.internal.MethodSorterTest.testJvmMethodSorter/5.patch,252.5160510740243,TRUE
https://github.com/networknt/light-4j,75ad2d415c51d7b6475f1d270a66949609b125d5,body,ID,com.networknt.body.BodyHandlerTest.testPostFormUrlEncoded,testPostFormUrlEncoded,Accepted,https://github.com/networknt/light-4j/pull/1920,,projects/75ad2d415c51d7b6475f1d270a66949609b125d5/light-4j/body/src/test/java/com/networknt/body/BodyHandlerTest.java,,"{0: 'test_failure', 1: 'test_failure', 2: 'build_failure', 3: 'build_failure', 4: 'build_failure', 5: 'build_failure'}",8,"{0: 'BUILD SUCCESS', 1: 'BUILD SUCCESS', 2: 'BUILD FAILURE', 3: 'BUILD FAILURE', 4: 'BUILD FAILURE', 5: 'BUILD FAILURE'}",{},outputs/ID_Results_MagicCoder_projects_f2d66308f4c1db153f889ede330de32f2e2817af/all_rounds/light-4j/75ad2d415c51d7b6475f1d270a66949609b125d5/body/com.networknt.body.BodyHandlerTest.testPostFormUrlEncoded/5.patch,407.5435763930436,TRUE
https://github.com/networknt/json-schema-validator,fdae2f85faf213562a3dee8f28b20453dc882203,.,ID,com.networknt.schema.CollectorContextTest.testCollectorContextWithKeyword,testCollectorContextWithKeyword,Accepted,https://github.com/networknt/json-schema-validator/pull/489,,projects/fdae2f85faf213562a3dee8f28b20453dc882203/json-schema-validator/src/test/java/com/networknt/schema/CollectorContextTest.java,,"{0: 'test_failure', 1: 'test_failure', 2: 'test_failure', 3: 'compilation_error', 4: 'compilation_error', 5: 'compilation_error'}",8,"{0: 'BUILD SUCCESS', 1: 'BUILD SUCCESS', 2: 'BUILD SUCCESS', 3: 'BUILD FAILURE', 4: 'BUILD FAILURE', 5: 'BUILD FAILURE'}",{},outputs/ID_Results_MagicCoder_projects_f2d66308f4c1db153f889ede330de32f2e2817af/all_rounds/json-schema-validator/fdae2f85faf213562a3dee8f28b20453dc882203/./com.networknt.schema.CollectorContextTest.testCollectorContextWithKeyword/5.patch,211.80832477891818,TRUE
https://github.com/networknt/light-4j,75ad2d415c51d7b6475f1d270a66949609b125d5,header,ID,com.networknt.header.HeaderHandlerTest.testRequestHeader,testRequestHeader,Accepted,https://github.com/networknt/light-4j/pull/1469,,projects/75ad2d415c51d7b6475f1d270a66949609b125d5/light-4j/header/src/test/java/com/networknt/header/HeaderHandlerTest.java,,"{0: 'test_failure', 1: 'build_failure', 2: 'Stitched:build_failure', 3: 'build_failure', 4: 'build_failure', 5: 'build_failure'}",8,"{0: 'BUILD SUCCESS', 1: 'BUILD FAILURE', 2: 'BUILD FAILURE', 3: 'BUILD FAILURE', 4: 'BUILD FAILURE', 5: 'BUILD FAILURE'}",{},outputs/ID_Results_MagicCoder_projects_f2d66308f4c1db153f889ede330de32f2e2817af/all_rounds/light-4j/75ad2d415c51d7b6475f1d270a66949609b125d5/header/com.networknt.header.HeaderHandlerTest.testRequestHeader/5.patch,441.22298423200846,TRUE
https://github.com/dyc87112/SpringBoot-Learning,4212d163da816c6fa5b28d59130318dac2379a73,2.x/chapter2-1,ID,com.didispace.chapter21.Chapter21ApplicationTests.testUserController,testUserController,Opened,https://github.com/dyc87112/SpringBoot-Learning/pull/98,,projects/4212d163da816c6fa5b28d59130318dac2379a73/SpringBoot-Learning/2.x/chapter2-1/src/test/java/com/didispace/chapter21/Chapter21ApplicationTests.java,,"{0: 'test_failure', 1: 'Stitched:test_failure', 2: 'test_failure', 3: 'test_failure', 4: 'test_failure', 5: 'test_failure'}",8,"{0: 'BUILD SUCCESS', 1: 'BUILD SUCCESS', 2: 'BUILD SUCCESS', 3: 'BUILD SUCCESS', 4: 'BUILD SUCCESS', 5: 'BUILD SUCCESS'}",{},outputs/ID_Results_MagicCoder_projects_f2d66308f4c1db153f889ede330de32f2e2817af/all_rounds/SpringBoot-Learning/4212d163da816c6fa5b28d59130318dac2379a73/2.x/chapter2-1/com.didispace.chapter21.Chapter21ApplicationTests.testUserController/5.patch,750.4181984609459,TRUE
https://github.com/karatelabs/karate,14807dbf8d7c45f709299574222dd498b1fa5e67,karate-core,ID,com.intuit.karate.JsonUtilsTest.testBeanConversion,testBeanConversion,Accepted,https://github.com/karatelabs/karate/pull/1829,,projects/14807dbf8d7c45f709299574222dd498b1fa5e67/karate/karate-core/src/test/java/com/intuit/karate/JsonUtilsTest.java,,"{0: 'test_failure', 1: 'compilation_error', 2: 'compilation_error', 3: 'compilation_error;Stitched:compilation_error', 4: 'compilation_error', 5: 'compilation_error'}",8,"{0: 'BUILD SUCCESS', 1: 'BUILD FAILURE', 2: 'BUILD FAILURE', 3: 'BUILD FAILURE;Stitched:BUILD FAILURE', 4: 'BUILD FAILURE', 5: 'BUILD FAILURE'}",{},outputs/ID_Results_MagicCoder_projects_f2d66308f4c1db153f889ede330de32f2e2817af/all_rounds/karate/14807dbf8d7c45f709299574222dd498b1fa5e67/karate-core/com.intuit.karate.JsonUtilsTest.testBeanConversion/5.patch,213.86929081601556,TRUE
https://github.com/gchq/Gaffer,ca465ec9243c7ed981528379e351bddeae8d5c83,core/common-util,ID,uk.gov.gchq.gaffer.commonutil.OneOrMoreTest.shouldAddAllItemsWithDeduplicate,shouldAddAllItemsWithDeduplicate,Accepted,https://github.com/gchq/Gaffer/pull/3033,,projects/ca465ec9243c7ed981528379e351bddeae8d5c83/Gaffer/core/common-util/src/test/java/uk/gov/gchq/gaffer/commonutil/OneOrMoreTest.java,,"{0: 'test_failure', 1: 'compilation_error', 2: 'test_failure', 3: 'compilation_error', 4: 'Stitched:compilation_error', 5: 'compilation_error'}",8,"{0: 'BUILD SUCCESS', 1: 'BUILD FAILURE', 2: 'BUILD SUCCESS', 3: 'BUILD FAILURE', 4: 'BUILD FAILURE', 5: 'BUILD FAILURE'}",{},outputs/ID_Results_MagicCoder_projects_f2d66308f4c1db153f889ede330de32f2e2817af/all_rounds/Gaffer/ca465ec9243c7ed981528379e351bddeae8d5c83/core/common-util/uk.gov.gchq.gaffer.commonutil.OneOrMoreTest.shouldAddAllItemsWithDeduplicate/5.patch,225.49320149805862,TRUE
https://github.com/gchq/koryphe,36c63c3e24145e04405d7620524b23cf9b5b5849,core,ID,uk.gov.gchq.koryphe.impl.function.StringJoinTest.shouldJoinIterableOfStringsWithDelimiter,shouldJoinIterableOfStringsWithDelimiter,Opened,https://github.com/gchq/koryphe/pull/319,,projects/36c63c3e24145e04405d7620524b23cf9b5b5849/koryphe/core/src/test/java/uk/gov/gchq/koryphe/impl/function/StringJoinTest.java,outputs/ID_Results_MagicCoder_projects_f2d66308f4c1db153f889ede330de32f2e2817af/GoodPatches/koryphe/36c63c3e24145e04405d7620524b23cf9b5b5849/core/uk.gov.gchq.koryphe.impl.function.StringJoinTest.shouldJoinIterableOfStringsWithDelimiter/4.patch,"{0: 'test_failure', 1: 'Stitched:test_failure', 2: 'test_failure', 3: 'test_failure', 4: 'test_pass'}",11,"{0: 'BUILD SUCCESS', 1: 'BUILD SUCCESS', 2: 'BUILD SUCCESS', 3: 'BUILD SUCCESS', 4: 'BUILD SUCCESS'}",{},outputs/ID_Results_MagicCoder_projects_f2d66308f4c1db153f889ede330de32f2e2817af/all_rounds/koryphe/36c63c3e24145e04405d7620524b23cf9b5b5849/core/uk.gov.gchq.koryphe.impl.function.StringJoinTest.shouldJoinIterableOfStringsWithDelimiter/4.patch,212.52169353608042,TRUE
https://github.com/gchq/Gaffer,f11dbd900273f3928372955266731f8623681f89,core/operation,ID,uk.gov.gchq.gaffer.jobtracker.JobTest.shouldJsonSerialiseAndDeserialise,shouldJsonSerialiseAndDeserialise,Opened,https://github.com/gchq/Gaffer/pull/3089,,projects/f11dbd900273f3928372955266731f8623681f89/Gaffer/core/operation/src/test/java/uk/gov/gchq/gaffer/jobtracker/JobTest.java,,"{0: 'test_failure', 1: 'test_failure', 2: 'test_failure', 3: 'Stitched:compilation_error', 4: 'Stitched:pom_error', 5: 'Stitched:pom_error'}",8,"{0: 'BUILD SUCCESS', 1: 'BUILD SUCCESS', 2: 'BUILD SUCCESS', 3: 'BUILD FAILURE', 4: 'BUILD FAILURE', 5: 'BUILD FAILURE'}",{},outputs/ID_Results_MagicCoder_projects_f2d66308f4c1db153f889ede330de32f2e2817af/all_rounds/Gaffer/f11dbd900273f3928372955266731f8623681f89/core/operation/uk.gov.gchq.gaffer.jobtracker.JobTest.shouldJsonSerialiseAndDeserialise/5.patch,335.3901975270128,TRUE
https://github.com/funkygao/cp-ddd-framework,8c69f6a50db83459356a2ae66a910b1905fe4eb5,dddplus-test,ID,io.github.dddplus.runtime.registry.IntegrationTest.exportDomainArtifacts,exportDomainArtifacts,Accepted,https://github.com/funkygao/cp-ddd-framework/pull/65,,projects/8c69f6a50db83459356a2ae66a910b1905fe4eb5/cp-ddd-framework/dddplus-test/src/test/java/io/github/dddplus/runtime/registry/IntegrationTest.java,outputs/ID_Results_MagicCoder_projects_f2d66308f4c1db153f889ede330de32f2e2817af/GoodPatches/cp-ddd-framework/8c69f6a50db83459356a2ae66a910b1905fe4eb5/dddplus-test/io.github.dddplus.runtime.registry.IntegrationTest.exportDomainArtifacts/1.patch,"{0: 'test_failure', 1: 'test_pass'}",8,"{0: 'BUILD SUCCESS', 1: 'BUILD SUCCESS'}",{},outputs/ID_Results_MagicCoder_projects_f2d66308f4c1db153f889ede330de32f2e2817af/all_rounds/cp-ddd-framework/8c69f6a50db83459356a2ae66a910b1905fe4eb5/dddplus-test/io.github.dddplus.runtime.registry.IntegrationTest.exportDomainArtifacts/1.patch,124.6181668859208,TRUE
https://github.com/hellokaton/30-seconds-of-java8,1af5d4dee567f00e662cb9b74abc16067312e338,.,ID,snippets.SnippetsTests.pick_should_pick_key_pairs_corresponding_to_keys,pick_should_pick_key_pairs_corresponding_to_keys,Opened,https://github.com/hellokaton/30-seconds-of-java8/pull/6,,projects/1af5d4dee567f00e662cb9b74abc16067312e338/30-seconds-of-java8/src/test/java/snippets/SnippetsTests.java,,"{0: 'test_failure', 1: 'test_failure', 2: 'compilation_error', 3: 'compilation_error', 4: 'compilation_error;Stitched:compilation_error', 5: 'compilation_error'}",8,"{0: 'BUILD SUCCESS', 1: 'BUILD SUCCESS', 2: 'BUILD FAILURE', 3: 'BUILD FAILURE', 4: 'BUILD FAILURE;Stitched:BUILD FAILURE', 5: 'BUILD FAILURE'}",{},outputs/ID_Results_MagicCoder_projects_f2d66308f4c1db153f889ede330de32f2e2817af/all_rounds/30-seconds-of-java8/1af5d4dee567f00e662cb9b74abc16067312e338/./snippets.SnippetsTests.pick_should_pick_key_pairs_corresponding_to_keys/5.patch,216.35587160405703,TRUE
https://github.com/hellokaton/30-seconds-of-java8,1af5d4dee567f00e662cb9b74abc16067312e338,.,ID,snippets.SnippetsTests.group_elements_by_length,group_elements_by_length,Opened,https://github.com/hellokaton/30-seconds-of-java8/pull/5,,projects/1af5d4dee567f00e662cb9b74abc16067312e338/30-seconds-of-java8/src/test/java/snippets/SnippetsTests.java,outputs/ID_Results_MagicCoder_projects_f2d66308f4c1db153f889ede330de32f2e2817af/GoodPatches/30-seconds-of-java8/1af5d4dee567f00e662cb9b74abc16067312e338/./snippets.SnippetsTests.group_elements_by_length/4.patch,"{0: 'test_failure', 1: 'test_failure', 2: 'test_failure', 3: 'test_failure', 4: 'test_pass'}",8,"{0: 'BUILD SUCCESS', 1: 'BUILD SUCCESS', 2: 'BUILD SUCCESS', 3: 'BUILD SUCCESS', 4: 'BUILD SUCCESS'}",{},outputs/ID_Results_MagicCoder_projects_f2d66308f4c1db153f889ede330de32f2e2817af/all_rounds/30-seconds-of-java8/1af5d4dee567f00e662cb9b74abc16067312e338/./snippets.SnippetsTests.group_elements_by_length/4.patch,208.20190406404436,TRUE
https://github.com/robovm/robovm,ef091902377c00dc0fb2db87e8d79c8afb5e9010,compiler,ID,org.robovm.compiler.config.ConfigTest.testWriteConsole,testWriteConsole,Opened,https://github.com/robovm/robovm/pull/1272,,projects/ef091902377c00dc0fb2db87e8d79c8afb5e9010/robovm/compiler/src/test/java/org/robovm/compiler/config/ConfigTest.java,outputs/ID_Results_MagicCoder_projects_f2d66308f4c1db153f889ede330de32f2e2817af/GoodPatches/robovm/ef091902377c00dc0fb2db87e8d79c8afb5e9010/compiler/org.robovm.compiler.config.ConfigTest.testWriteConsole/1.patch,"{0: 'test_failure', 1: 'test_pass'}",8,"{0: 'BUILD SUCCESS', 1: 'BUILD SUCCESS'}",{},outputs/ID_Results_MagicCoder_projects_f2d66308f4c1db153f889ede330de32f2e2817af/all_rounds/robovm/ef091902377c00dc0fb2db87e8d79c8afb5e9010/compiler/org.robovm.compiler.config.ConfigTest.testWriteConsole/1.patch,99.48761264793575,TRUE
https://github.com/AmadeusITGroup/workflow-cps-global-lib-http-plugin,fa78cb033a5b95fa6ab914991936253e406867ea,.,ID,com.amadeus.jenkins.plugins.workflow.libs.ConfigurationRoundtripTest.testFormatDidNotChange,testFormatDidNotChange,Opened,https://github.com/AmadeusITGroup/workflow-cps-global-lib-http-plugin/pull/68,,projects/fa78cb033a5b95fa6ab914991936253e406867ea/workflow-cps-global-lib-http-plugin/src/test/java/com/amadeus/jenkins/plugins/workflow/libs/ConfigurationRoundtripTest.java,,"{0: 'test_failure', 1: 'test_failure', 2: 'test_failure'}",8,"{0: 'BUILD SUCCESS', 1: 'BUILD SUCCESS', 2: 'BUILD SUCCESS'}","{3: 'CUDA out of memory. Tried to allocate 64.00 MiB. GPU 1 has a total capacity of 23.69 GiB of which 7.19 MiB is free. Process 28475 has 4.92 GiB memory in use. Including non-PyTorch memory, this process has 18.75 GiB memory in use. Of the allocated memory 16.67 GiB is allocated by PyTorch, and 1.08 GiB is reserved by PyTorch but unallocated. If reserved but unallocated memory is large try setting PYTORCH_CUDA_ALLOC_CONF=expandable_segments:True to avoid fragmentation.  See documentation for Memory Management  (https://pytorch.org/docs/stable/notes/cuda.html#environment-variables)'}",outputs/ID_Results_MagicCoder_projects_f2d66308f4c1db153f889ede330de32f2e2817af/all_rounds/workflow-cps-global-lib-http-plugin/fa78cb033a5b95fa6ab914991936253e406867ea/./com.amadeus.jenkins.plugins.workflow.libs.ConfigurationRoundtripTest.testFormatDidNotChange/2.patch,544.0442388319643,TRUE
https://github.com/tabulapdf/tabula-java,b0fde49e6aa06593d16c8aa0b8da0e3172db1ec2,.,ID,technology.tabula.TestSpreadsheetExtractor.testRTL,testRTL,Opened,https://github.com/tabulapdf/tabula-java/pull/533,,projects/b0fde49e6aa06593d16c8aa0b8da0e3172db1ec2/tabula-java/src/test/java/technology/tabula/TestSpreadsheetExtractor.java,,"{0: 'test_failure', 1: 'Stitched:test_failure', 2: 'Stitched:test_failure', 3: 'test_failure', 4: 'Stitched:test_failure', 5: 'test_failure'}",8,"{0: 'BUILD SUCCESS', 1: 'BUILD SUCCESS', 2: 'BUILD SUCCESS', 3: 'BUILD SUCCESS', 4: 'BUILD SUCCESS', 5: 'BUILD SUCCESS'}",{},outputs/ID_Results_MagicCoder_projects_f2d66308f4c1db153f889ede330de32f2e2817af/all_rounds/tabula-java/b0fde49e6aa06593d16c8aa0b8da0e3172db1ec2/./technology.tabula.TestSpreadsheetExtractor.testRTL/5.patch,388.4165435070172,TRUE
https://github.com/opengoofy/hippo4j,5e285ba5b47266d7dcede64aefae00fbe0c9c4ae,hippo4j-common,ID,cn.hippo4j.common.toolkit.JSONUtilTest.assertToJSONString,assertToJSONString,Accepted,https://github.com/opengoofy/hippo4j/pull/1495,,projects/5e285ba5b47266d7dcede64aefae00fbe0c9c4ae/hippo4j/hippo4j-common/src/test/java/cn/hippo4j/common/toolkit/JSONUtilTest.java,,"{0: 'test_failure', 1: 'test_failure', 2: 'test_failure', 3: 'test_failure', 4: 'test_failure', 5: 'compilation_error;Stitched:compilation_error'}",8,"{0: 'BUILD SUCCESS', 1: 'BUILD SUCCESS', 2: 'BUILD SUCCESS', 3: 'BUILD SUCCESS', 4: 'BUILD SUCCESS', 5: 'BUILD FAILURE;Stitched:BUILD FAILURE'}",{},outputs/ID_Results_MagicCoder_projects_f2d66308f4c1db153f889ede330de32f2e2817af/all_rounds/hippo4j/5e285ba5b47266d7dcede64aefae00fbe0c9c4ae/hippo4j-common/cn.hippo4j.common.toolkit.JSONUtilTest.assertToJSONString/5.patch,252.36963891400956,TRUE
https://github.com/opengoofy/crane4j,b65f7324544381646119be48393f0aa2b3417f2e,crane4j-core,ID,cn.crane4j.core.support.SimpleCrane4jGlobalConfigurationTest.operatePropertyMappingStrategy,operatePropertyMappingStrategy,Accepted,https://github.com/opengoofy/crane4j/pull/180,https://github.com/TestingResearchIllinois/idoft/issues/959,projects/b65f7324544381646119be48393f0aa2b3417f2e/crane4j/crane4j-core/src/test/java/cn/crane4j/core/support/SimpleCrane4jGlobalConfigurationTest.java,outputs/ID_Results_MagicCoder_projects_f2d66308f4c1db153f889ede330de32f2e2817af/GoodPatches/crane4j/b65f7324544381646119be48393f0aa2b3417f2e/crane4j-core/cn.crane4j.core.support.SimpleCrane4jGlobalConfigurationTest.operatePropertyMappingStrategy/2.patch,"{0: 'test_failure', 1: 'test_failure', 2: 'test_pass'}",8,"{0: 'BUILD SUCCESS', 1: 'BUILD SUCCESS', 2: 'BUILD SUCCESS'}",{},outputs/ID_Results_MagicCoder_projects_f2d66308f4c1db153f889ede330de32f2e2817af/all_rounds/crane4j/b65f7324544381646119be48393f0aa2b3417f2e/crane4j-core/cn.crane4j.core.support.SimpleCrane4jGlobalConfigurationTest.operatePropertyMappingStrategy/2.patch,91.75874188099988,TRUE
https://github.com/cerner/common-kafka,d7873514c1705575c642ed99d2fa501f9b319790,common-kafka,ID,com.cerner.common.kafka.consumer.ProcessingKafkaConsumerTest.rebalanceListener_onPartitionsAssigned,rebalanceListener_onPartitionsAssigned,Accepted,https://github.com/cerner/common-kafka/pull/50,,projects/d7873514c1705575c642ed99d2fa501f9b319790/common-kafka/common-kafka/src/test/java/com/cerner/common/kafka/consumer/ProcessingKafkaConsumerTest.java,,"{0: 'test_failure', 1: 'test_failure', 2: 'test_failure', 3: 'test_failure', 4: 'Stitched:test_failure', 5: 'Stitched:test_failure'}",8,"{0: 'BUILD SUCCESS', 1: 'BUILD SUCCESS', 2: 'BUILD SUCCESS', 3: 'BUILD SUCCESS', 4: 'BUILD SUCCESS', 5: 'BUILD SUCCESS'}",{},outputs/ID_Results_MagicCoder_projects_f2d66308f4c1db153f889ede330de32f2e2817af/all_rounds/common-kafka/d7873514c1705575c642ed99d2fa501f9b319790/common-kafka/com.cerner.common.kafka.consumer.ProcessingKafkaConsumerTest.rebalanceListener_onPartitionsAssigned/5.patch,328.730348,TRUE
https://github.com/Adyen/adyen-java-api-library,6fb5cd049b57a22d2ec4465d204c15f1c90dd325,.,ID,com.adyen.CheckoutTest.TestAchDetailsSerialization,TestAchDetailsSerialization,Accepted,https://github.com/Adyen/adyen-java-api-library/pull/681, A previous PR (https://github.com/Adyen/adyen-java-api-library/pull/654) was opened but not accepted because of adding a library,projects/6fb5cd049b57a22d2ec4465d204c15f1c90dd325/adyen-java-api-library/src/test/java/com/adyen/CheckoutTest.java,,"{0: 'test_failure', 1: 'Stitched:compilation_error', 2: 'Stitched:compilation_error', 3: 'pom_error', 4: 'pom_error', 5: 'pom_error'}",8,"{0: 'BUILD SUCCESS', 1: 'BUILD FAILURE', 2: 'BUILD FAILURE', 3: 'BUILD FAILURE', 4: 'BUILD FAILURE', 5: 'BUILD FAILURE'}",{},outputs/ID_Results_MagicCoder_projects_f2d66308f4c1db153f889ede330de32f2e2817af/all_rounds/adyen-java-api-library/6fb5cd049b57a22d2ec4465d204c15f1c90dd325/./com.adyen.CheckoutTest.TestAchDetailsSerialization/5.patch,390.09691554901656,TRUE
https://github.com/Ericsson/ecchronos,5d58b0e4c922822c9df3d893fff2246d5784b11f,core,ID,com.ericsson.bss.cassandra.ecchronos.core.repair.state.TestRepairStateImpl.testPartiallyRepaired,testPartiallyRepaired,Accepted,https://github.com/Ericsson/ecchronos/pull/294,,projects/5d58b0e4c922822c9df3d893fff2246d5784b11f/ecchronos/core/src/test/java/com/ericsson/bss/cassandra/ecchronos/core/repair/state/TestRepairStateImpl.java,,"{0: 'test_failure', 1: 'Stitched:compilation_error'}",8,"{0: 'BUILD SUCCESS', 1: 'BUILD FAILURE'}","{2: 'CUDA out of memory. Tried to allocate 1.39 GiB. GPU 0 has a total capacity of 23.69 GiB of which 61.19 MiB is free. Process 28475 has 4.92 GiB memory in use. Including non-PyTorch memory, this process has 18.70 GiB memory in use. Of the allocated memory 16.01 GiB is allocated by PyTorch, and 1.69 GiB is reserved by PyTorch but unallocated. If reserved but unallocated memory is large try setting PYTORCH_CUDA_ALLOC_CONF=expandable_segments:True to avoid fragmentation.  See documentation for Memory Management  (https://pytorch.org/docs/stable/notes/cuda.html#environment-variables)'}",outputs/ID_Results_MagicCoder_projects_f2d66308f4c1db153f889ede330de32f2e2817af/all_rounds/ecchronos/5d58b0e4c922822c9df3d893fff2246d5784b11f/core/com.ericsson.bss.cassandra.ecchronos.core.repair.state.TestRepairStateImpl.testPartiallyRepaired/1.patch,304.0423905599164,TRUE
https://github.com/tomsun28/sureness,3bed46f784372764ec0467762ae3a7abd230af7d,core,ID,com.usthe.sureness.matcher.util.TirePathTreeTest.searchPathFilterRoles,searchPathFilterRoles,DeveloperFixed,,https://github.com/dromara/sureness/commit/426ec77bde31445e1e1cfe5825127386b8ca2197,projects/3bed46f784372764ec0467762ae3a7abd230af7d/sureness/core/src/test/java/com/usthe/sureness/matcher/util/TirePathTreeTest.java,,"{0: 'test_failure', 1: 'test_failure', 2: 'build_failure', 3: 'Stitched:build_failure', 4: 'build_failure', 5: 'build_failure'}",8,"{0: 'BUILD SUCCESS', 1: 'BUILD SUCCESS', 2: 'BUILD FAILURE', 3: 'BUILD FAILURE', 4: 'BUILD FAILURE', 5: 'BUILD FAILURE'}",{},outputs/ID_Results_MagicCoder_projects_f2d66308f4c1db153f889ede330de32f2e2817af/all_rounds/sureness/3bed46f784372764ec0467762ae3a7abd230af7d/core/com.usthe.sureness.matcher.util.TirePathTreeTest.searchPathFilterRoles/5.patch,634.8598696900299,TRUE
https://github.com/CloudSlang/cloud-slang,76b733019b362f551481f1bdc78ed2eac73b1bd4,cloudslang-compiler,ID,io.cloudslang.lang.compiler.MetadataExtractorTest.testMetadataPrettyPrint,testMetadataPrettyPrint,Opened,https://github.com/CloudSlang/cloud-slang/pull/1384,,projects/76b733019b362f551481f1bdc78ed2eac73b1bd4/cloud-slang/cloudslang-compiler/src/test/java/io/cloudslang/lang/compiler/MetadataExtractorTest.java,,"{0: 'test_failure', 1: 'test_failure', 2: 'test_failure', 3: 'test_failure', 4: 'test_failure', 5: 'test_failure'}",8,"{0: 'BUILD SUCCESS', 1: 'BUILD SUCCESS', 2: 'BUILD SUCCESS', 3: 'BUILD SUCCESS', 4: 'BUILD SUCCESS', 5: 'BUILD SUCCESS'}",{},outputs/ID_Results_MagicCoder_projects_f2d66308f4c1db153f889ede330de32f2e2817af/all_rounds/cloud-slang/76b733019b362f551481f1bdc78ed2eac73b1bd4/cloudslang-compiler/io.cloudslang.lang.compiler.MetadataExtractorTest.testMetadataPrettyPrint/5.patch,270.8911284779897,TRUE
https://github.com/jenkinsci/jenkins,d2fa87606246e1f1dc1450d7199778343945197e,test,ID,jenkins.cli.StopBuildsCommandTest.shouldStopSecondJobEvenIfFirstStopFailed,shouldStopSecondJobEvenIfFirstStopFailed,Rejected,https://github.com/jenkinsci/jenkins/pull/5989,,projects/d2fa87606246e1f1dc1450d7199778343945197e/jenkins/test/src/test/java/jenkins/cli/StopBuildsCommandTest.java,outputs/ID_Results_MagicCoder_projects_f2d66308f4c1db153f889ede330de32f2e2817af/GoodPatches/jenkins/d2fa87606246e1f1dc1450d7199778343945197e/test/jenkins.cli.StopBuildsCommandTest.shouldStopSecondJobEvenIfFirstStopFailed/2.patch,"{0: 'test_failure', 1: 'test_failure', 2: 'test_pass'}",8,"{0: 'BUILD SUCCESS', 1: 'BUILD SUCCESS', 2: 'BUILD SUCCESS'}",{},outputs/ID_Results_MagicCoder_projects_f2d66308f4c1db153f889ede330de32f2e2817af/all_rounds/jenkins/d2fa87606246e1f1dc1450d7199778343945197e/test/jenkins.cli.StopBuildsCommandTest.shouldStopSecondJobEvenIfFirstStopFailed/2.patch,194.5640526500065,TRUE
https://github.com/microsoft/botbuilder-java,c048de28cc11d4250014d042fb57e57a1c6bdba5,libraries/bot-connector,ID,com.microsoft.bot.restclient.AdditionalPropertiesSerializerTests.canSerializeAdditionalProperties,canSerializeAdditionalProperties,Accepted,https://github.com/microsoft/botbuilder-java/pull/1367,,projects/c048de28cc11d4250014d042fb57e57a1c6bdba5/botbuilder-java/libraries/bot-connector/src/test/java/com/microsoft/bot/restclient/AdditionalPropertiesSerializerTests.java,,"{0: 'test_failure', 1: 'test_failure', 2: 'test_failure', 3: 'test_failure', 4: 'test_failure', 5: 'Stitched:test_failure'}",8,"{0: 'BUILD SUCCESS', 1: 'BUILD SUCCESS', 2: 'BUILD SUCCESS', 3: 'BUILD SUCCESS', 4: 'BUILD SUCCESS', 5: 'BUILD SUCCESS'}",{},outputs/ID_Results_MagicCoder_projects_f2d66308f4c1db153f889ede330de32f2e2817af/all_rounds/botbuilder-java/c048de28cc11d4250014d042fb57e57a1c6bdba5/libraries/bot-connector/com.microsoft.bot.restclient.AdditionalPropertiesSerializerTests.canSerializeAdditionalProperties/5.patch,373.0757909460226,TRUE
https://github.com/oracle/tribuo,e2107883378d11b00ff9c09367a8fcd4476f7802,tests,ID,org.tribuo.tests.csv.CSVSaverWithMultiOutputsTest.loaderCanReconstructSavedMultiLabel,loaderCanReconstructSavedMultiLabel,Accepted,https://github.com/oracle/tribuo/pull/220,,projects/e2107883378d11b00ff9c09367a8fcd4476f7802/tribuo/tests/src/test/java/org/tribuo/tests/csv/CSVSaverWithMultiOutputsTest.java,,"{0: 'test_failure', 1: 'Stitched:test_failure', 2: 'Stitched:test_failure', 3: 'test_failure', 4: 'test_failure', 5: 'test_failure'}",8,"{0: 'BUILD SUCCESS', 1: 'BUILD SUCCESS', 2: 'BUILD SUCCESS', 3: 'BUILD SUCCESS', 4: 'BUILD SUCCESS', 5: 'BUILD SUCCESS'}",{},outputs/ID_Results_MagicCoder_projects_f2d66308f4c1db153f889ede330de32f2e2817af/all_rounds/tribuo/e2107883378d11b00ff9c09367a8fcd4476f7802/tests/org.tribuo.tests.csv.CSVSaverWithMultiOutputsTest.loaderCanReconstructSavedMultiLabel/5.patch,349.6919999900274,TRUE
https://github.com/oracle/weblogic-monitoring-exporter,173e1855fb0be4de3849d5fcd431de5c1b741b15,wls-exporter-core,ID,com.oracle.wls.exporter.domain.ExporterConfigTest.whenYamlContainsMergeableQueries_MergeThem,whenYamlContainsMergeableQueries_MergeThem,Accepted,https://github.com/oracle/weblogic-monitoring-exporter/pull/173,,projects/173e1855fb0be4de3849d5fcd431de5c1b741b15/weblogic-monitoring-exporter/wls-exporter-core/src/test/java/com/oracle/wls/exporter/domain/ExporterConfigTest.java,outputs/ID_Results_MagicCoder_projects_f2d66308f4c1db153f889ede330de32f2e2817af/GoodPatches/weblogic-monitoring-exporter/173e1855fb0be4de3849d5fcd431de5c1b741b15/wls-exporter-core/com.oracle.wls.exporter.domain.ExporterConfigTest.whenYamlContainsMergeableQueries_MergeThem/4.patch,"{0: 'test_failure', 1: 'test_failure', 2: 'test_failure', 3: 'test_failure', 4: 'Stitched:test_pass'}",8,"{0: 'BUILD SUCCESS', 1: 'BUILD SUCCESS', 2: 'BUILD SUCCESS', 3: 'BUILD SUCCESS', 4: 'BUILD SUCCESS'}",{},outputs/ID_Results_MagicCoder_projects_f2d66308f4c1db153f889ede330de32f2e2817af/all_rounds/weblogic-monitoring-exporter/173e1855fb0be4de3849d5fcd431de5c1b741b15/wls-exporter-core/com.oracle.wls.exporter.domain.ExporterConfigTest.whenYamlContainsMergeableQueries_MergeThem/4.patch,167.62679600296542,TRUE
https://github.com/oracle/oci-hdfs-connector,66d6b89415943fc20b0a591b09ee6d50bbe7f9d0,hdfs-connector,ID,com.oracle.bmc.hdfs.caching.CachingObjectStorageTest.testCacheKeys,testCacheKeys,Opened,https://github.com/oracle/oci-hdfs-connector/pull/70,,projects/66d6b89415943fc20b0a591b09ee6d50bbe7f9d0/oci-hdfs-connector/hdfs-connector/src/test/java/com/oracle/bmc/hdfs/caching/CachingObjectStorageTest.java,,{0: 'test_failure'},8,{0: 'BUILD SUCCESS'},"{1: 'CUDA out of memory. Tried to allocate 64.00 MiB. GPU 1 has a total capacity of 23.69 GiB of which 7.19 MiB is free. Process 28475 has 4.92 GiB memory in use. Including non-PyTorch memory, this process has 18.75 GiB memory in use. Of the allocated memory 16.67 GiB is allocated by PyTorch, and 1.08 GiB is reserved by PyTorch but unallocated. If reserved but unallocated memory is large try setting PYTORCH_CUDA_ALLOC_CONF=expandable_segments:True to avoid fragmentation.  See documentation for Memory Management  (https://pytorch.org/docs/stable/notes/cuda.html#environment-variables)'}",outputs/ID_Results_MagicCoder_projects_f2d66308f4c1db153f889ede330de32f2e2817af/all_rounds/oci-hdfs-connector/66d6b89415943fc20b0a591b09ee6d50bbe7f9d0/hdfs-connector/com.oracle.bmc.hdfs.caching.CachingObjectStorageTest.testCacheKeys/0.patch,160.99140366294887,TRUE
https://github.com/jrtom/jung,1f579fe5d74ecbaecbe32ce6762e1fa9e17ed225,jung-algorithms,ID,edu.uci.ics.jung.algorithms.shortestpath.TestMinimumSpanningTree.testDAG,testDAG,Opened,https://github.com/jrtom/jung/pull/258,,projects/1f579fe5d74ecbaecbe32ce6762e1fa9e17ed225/jung/jung-algorithms/src/test/java/edu/uci/ics/jung/algorithms/shortestpath/TestMinimumSpanningTree.java,,"{0: 'test_failure', 1: 'compilation_error', 2: 'compilation_error', 3: 'compilation_error', 4: 'compilation_error', 5: 'compilation_error'}",8,"{0: 'BUILD SUCCESS', 1: 'BUILD FAILURE', 2: 'BUILD FAILURE', 3: 'BUILD FAILURE', 4: 'BUILD FAILURE', 5: 'BUILD FAILURE'}",{},outputs/ID_Results_MagicCoder_projects_f2d66308f4c1db153f889ede330de32f2e2817af/all_rounds/jung/1f579fe5d74ecbaecbe32ce6762e1fa9e17ed225/jung-algorithms/edu.uci.ics.jung.algorithms.shortestpath.TestMinimumSpanningTree.testDAG/5.patch,233.53173694689758,TRUE
https://github.com/eclipse-ee4j/tyrus,d86e0cb0a4f26ba89daf8668137c156e57fea565,tests/e2e/non-deployable,ID,org.glassfish.tyrus.test.e2e.non_deployable.MaxMessageSizeDeploymentTest.clientMaxMessageSizeTooLargeTest,clientMaxMessageSizeTooLargeTest,Accepted,https://github.com/eclipse-ee4j/tyrus/pull/736,,projects/d86e0cb0a4f26ba89daf8668137c156e57fea565/tyrus/tests/e2e/non-deployable/src/test/java/org/glassfish/tyrus/test/e2e/non_deployable/MaxMessageSizeDeploymentTest.java,,"{0: 'test_failure', 1: 'test_failure', 2: 'test_failure', 3: 'test_failure', 4: 'Stitched:compilation_error', 5: 'build_failure'}",8,"{0: 'BUILD SUCCESS', 1: 'BUILD SUCCESS', 2: 'BUILD SUCCESS', 3: 'BUILD SUCCESS', 4: 'BUILD FAILURE', 5: 'BUILD FAILURE'}",{},outputs/ID_Results_MagicCoder_projects_f2d66308f4c1db153f889ede330de32f2e2817af/all_rounds/tyrus/d86e0cb0a4f26ba89daf8668137c156e57fea565/tests/e2e/non-deployable/org.glassfish.tyrus.test.e2e.non_deployable.MaxMessageSizeDeploymentTest.clientMaxMessageSizeTooLargeTest/5.patch,1080.936891637044,TRUE
https://github.com/stargate/stargate,1bb3eae8bce3eac8a54ced8054180932312b16f3,persistence-api,ID,io.stargate.db.schema.ColumnTest.testToStringWithCollections,testToStringWithCollections,Accepted,https://github.com/stargate/stargate/pull/1383,,projects/1bb3eae8bce3eac8a54ced8054180932312b16f3/stargate/persistence-api/src/test/java/io/stargate/db/schema/ColumnTest.java,outputs/ID_Results_MagicCoder_projects_f2d66308f4c1db153f889ede330de32f2e2817af/GoodPatches/stargate/1bb3eae8bce3eac8a54ced8054180932312b16f3/persistence-api/io.stargate.db.schema.ColumnTest.testToStringWithCollections/1.patch,"{0: 'test_failure', 1: 'test_pass'}",8,"{0: 'BUILD SUCCESS', 1: 'BUILD SUCCESS'}",{},outputs/ID_Results_MagicCoder_projects_f2d66308f4c1db153f889ede330de32f2e2817af/all_rounds/stargate/1bb3eae8bce3eac8a54ced8054180932312b16f3/persistence-api/io.stargate.db.schema.ColumnTest.testToStringWithCollections/1.patch,62.96785020106472,TRUE
https://github.com/twilio/authy-java,394f11bea2ec438e6e6e7eb084497ae6fdf90ab6,.,ID,com.authy.api.UserStatusTest.testToJSON,testToJSON,Opened,https://github.com/twilio/authy-java/pull/70,RepoArchived,projects/394f11bea2ec438e6e6e7eb084497ae6fdf90ab6/authy-java/src/test/java/com/authy/api/UserStatusTest.java,,"{0: 'test_failure', 1: 'test_failure', 2: 'test_failure', 3: 'test_failure', 4: 'test_failure', 5: 'test_failure'}",8,"{0: 'BUILD SUCCESS', 1: 'BUILD SUCCESS', 2: 'BUILD SUCCESS', 3: 'BUILD SUCCESS', 4: 'BUILD SUCCESS', 5: 'BUILD SUCCESS'}",{},outputs/ID_Results_MagicCoder_projects_f2d66308f4c1db153f889ede330de32f2e2817af/all_rounds/authy-java/394f11bea2ec438e6e6e7eb084497ae6fdf90ab6/./com.authy.api.UserStatusTest.testToJSON/5.patch,175.12088534003124,TRUE
https://github.com/hneemann/Digital,ce65635267a64ab4b4f8e6ce85441dcf1af3644f,.,ID,de.neemann.digital.core.memory.DataFieldConverterTest.testMarshalObj2,testMarshalObj2,Opened,https://github.com/hneemann/Digital/pull/876,,projects/ce65635267a64ab4b4f8e6ce85441dcf1af3644f/Digital/src/test/java/de/neemann/digital/core/memory/DataFieldConverterTest.java,,"{0: 'test_failure', 1: 'test_failure', 2: 'compilation_error', 3: 'compilation_error;Stitched:compilation_error', 4: 'compilation_error', 5: 'compilation_error'}",8,"{0: 'BUILD SUCCESS', 1: 'BUILD SUCCESS', 2: 'BUILD FAILURE', 3: 'BUILD FAILURE;Stitched:BUILD FAILURE', 4: 'BUILD FAILURE', 5: 'BUILD FAILURE'}",{},outputs/ID_Results_MagicCoder_projects_f2d66308f4c1db153f889ede330de32f2e2817af/all_rounds/Digital/ce65635267a64ab4b4f8e6ce85441dcf1af3644f/./de.neemann.digital.core.memory.DataFieldConverterTest.testMarshalObj2/5.patch,236.71773691300768,TRUE
https://github.com/hneemann/Digital,d2a0335ed2bd282a2d31151e3fafed601b05e628,.,ID,de.neemann.gui.language.ResourcesTest.testWrite,testWrite,Opened,https://github.com/hneemann/Digital/pull/866,,projects/d2a0335ed2bd282a2d31151e3fafed601b05e628/Digital/src/test/java/de/neemann/gui/language/ResourcesTest.java,outputs/ID_Results_MagicCoder_projects_f2d66308f4c1db153f889ede330de32f2e2817af/GoodPatches/Digital/d2a0335ed2bd282a2d31151e3fafed601b05e628/./de.neemann.gui.language.ResourcesTest.testWrite/3.patch,"{0: 'test_failure', 1: 'test_failure', 2: 'compilation_error', 3: 'test_pass'}",8,"{0: 'BUILD SUCCESS', 1: 'BUILD SUCCESS', 2: 'BUILD FAILURE', 3: 'BUILD SUCCESS'}",{},outputs/ID_Results_MagicCoder_projects_f2d66308f4c1db153f889ede330de32f2e2817af/all_rounds/Digital/d2a0335ed2bd282a2d31151e3fafed601b05e628/./de.neemann.gui.language.ResourcesTest.testWrite/3.patch,158.4191217,TRUE
https://github.com/julianhyde/linq4j,6cac5e4fedb90cd98198f365665fcb9342f49c21,.,ID,net.hydromatic.linq4j.test.ExpressionTest.testConstantExpression,testConstantExpression,Rejected,https://github.com/julianhyde/linq4j/pull/31,,projects/6cac5e4fedb90cd98198f365665fcb9342f49c21/linq4j/src/test/java/net/hydromatic/linq4j/test/ExpressionTest.java,,"{0: 'test_failure', 1: 'test_failure', 2: 'build_failure', 3: 'build_failure', 4: 'Stitched:build_failure', 5: 'Stitched:build_failure'}",8,"{0: 'BUILD SUCCESS', 1: 'BUILD FAILURE', 2: 'BUILD FAILURE', 3: 'BUILD FAILURE', 4: 'BUILD FAILURE', 5: 'BUILD FAILURE'}",{},outputs/ID_Results_MagicCoder_projects_f2d66308f4c1db153f889ede330de32f2e2817af/all_rounds/linq4j/6cac5e4fedb90cd98198f365665fcb9342f49c21/./net.hydromatic.linq4j.test.ExpressionTest.testConstantExpression/5.patch,453.48520761798136,TRUE
https://github.com/spring-projects/spring-ws,e8d89c9eb0929dda304174729c9c69fb29f448eb,spring-ws-core,ID,org.springframework.ws.wsdl.wsdl11.DefaultWsdl11DefinitionTest.testImport,testImport,InspiredAFix,https://github.com/spring-projects/spring-ws/pull/122,https://github.com/TestingResearchIllinois/flaky-test-dataset/issues/26,projects/e8d89c9eb0929dda304174729c9c69fb29f448eb/spring-ws/spring-ws-core/src/test/java/org/springframework/ws/wsdl/wsdl11/DefaultWsdl11DefinitionTest.java,,"{0: 'test_failure', 1: 'test_failure', 2: 'test_failure', 3: 'test_failure', 4: 'test_failure', 5: 'Stitched:compilation_error'}",8,"{0: 'BUILD SUCCESS', 1: 'BUILD SUCCESS', 2: 'BUILD SUCCESS', 3: 'BUILD SUCCESS', 4: 'BUILD SUCCESS', 5: 'BUILD FAILURE'}",{},outputs/ID_Results_MagicCoder_projects_f2d66308f4c1db153f889ede330de32f2e2817af/all_rounds/spring-ws/e8d89c9eb0929dda304174729c9c69fb29f448eb/spring-ws-core/org.springframework.ws.wsdl.wsdl11.DefaultWsdl11DefinitionTest.testImport/5.patch,283.1616699199658,TRUE
https://github.com/spring-projects/spring-hateoas,6be1cc607ecde44d469640f187deeeffa1211579,.,ID,org.springframework.hateoas.config.CustomHypermediaWebFluxTest.getUsingCustomMediaType,getUsingCustomMediaType,Opened,https://github.com/spring-projects/spring-hateoas/pull/1726,,projects/6be1cc607ecde44d469640f187deeeffa1211579/spring-hateoas/src/test/java/org/springframework/hateoas/config/CustomHypermediaWebFluxTest.java,,"{0: 'test_failure', 1: 'test_failure', 2: 'Stitched:pom_error;Stitched:pom_error', 3: 'pom_error;Stitched:pom_error', 4: 'pom_error;Stitched:pom_error', 5: 'pom_error'}",8,"{0: 'BUILD SUCCESS', 1: 'BUILD SUCCESS', 2: 'BUILD FAILURE;Stitched:BUILD FAILURE', 3: 'BUILD FAILURE;Stitched:BUILD FAILURE', 4: 'BUILD FAILURE;Stitched:BUILD FAILURE', 5: 'BUILD FAILURE'}",{},outputs/ID_Results_MagicCoder_projects_f2d66308f4c1db153f889ede330de32f2e2817af/all_rounds/spring-hateoas/6be1cc607ecde44d469640f187deeeffa1211579/./org.springframework.hateoas.config.CustomHypermediaWebFluxTest.getUsingCustomMediaType/5.patch,338.72170522098895,TRUE
https://github.com/Apache/Struts,3a7c35a014f8a3471a1b75e7546e01ecf21d5db3,core,ID,com.opensymphony.xwork2.validator.AnnotationActionValidatorManagerTest.testGetValidatorsForInterface,testGetValidatorsForInterface,Rejected,https://github.com/apache/struts/pull/458,,projects/3a7c35a014f8a3471a1b75e7546e01ecf21d5db3/Struts/core/src/test/java/com/opensymphony/xwork2/validator/AnnotationActionValidatorManagerTest.java,,"{0: 'test_failure', 1: 'compilation_error', 2: 'compilation_error', 3: 'compilation_error', 4: 'compilation_error', 5: 'Stitched:build_failure'}",8,"{0: 'BUILD SUCCESS', 1: 'BUILD FAILURE', 2: 'BUILD FAILURE', 3: 'BUILD FAILURE', 4: 'BUILD FAILURE', 5: 'BUILD FAILURE'}",{},outputs/ID_Results_MagicCoder_projects_f2d66308f4c1db153f889ede330de32f2e2817af/all_rounds/Struts/3a7c35a014f8a3471a1b75e7546e01ecf21d5db3/core/com.opensymphony.xwork2.validator.AnnotationActionValidatorManagerTest.testGetValidatorsForInterface/5.patch,276.6700946310302,TRUE
https://github.com/Apache/Struts,13d9053050c9e4fb2ef049db6a37d3f6eebf48fa,plugins/json,ID,org.apache.struts2.json.JSONValidationInterceptorTest.testValidationFails,testValidationFails,Rejected,https://github.com/apache/struts/pull/457,,projects/13d9053050c9e4fb2ef049db6a37d3f6eebf48fa/Struts/plugins/json/src/test/java/org/apache/struts2/json/JSONValidationInterceptorTest.java,,"{0: 'test_failure', 1: 'compilation_error', 2: 'compilation_error', 3: 'Stitched:compilation_error;Stitched:compilation_error', 4: 'Stitched:compilation_error', 5: 'Stitched:compilation_error'}",8,"{0: 'BUILD SUCCESS', 1: 'BUILD FAILURE', 2: 'BUILD FAILURE', 3: 'BUILD FAILURE;Stitched:BUILD FAILURE', 4: 'BUILD FAILURE', 5: 'BUILD FAILURE'}",{},outputs/ID_Results_MagicCoder_projects_f2d66308f4c1db153f889ede330de32f2e2817af/all_rounds/Struts/13d9053050c9e4fb2ef049db6a37d3f6eebf48fa/plugins/json/org.apache.struts2.json.JSONValidationInterceptorTest.testValidationFails/5.patch,468.20421862299554,TRUE
https://github.com/Apache/Struts,13d9053050c9e4fb2ef049db6a37d3f6eebf48fa,plugins/rest,ID,org.apache.struts2.rest.handler.JacksonXmlHandlerTest.testObjectToXml,testObjectToXml,Accepted,https://github.com/apache/struts/pull/500,,projects/13d9053050c9e4fb2ef049db6a37d3f6eebf48fa/Struts/plugins/rest/src/test/java/org/apache/struts2/rest/handler/JacksonXmlHandlerTest.java,,"{0: 'test_failure', 1: 'compilation_error', 2: 'compilation_error', 3: 'compilation_error', 4: 'compilation_error', 5: 'compilation_error'}",8,"{0: 'BUILD SUCCESS', 1: 'BUILD FAILURE', 2: 'BUILD FAILURE', 3: 'BUILD FAILURE', 4: 'BUILD FAILURE', 5: 'BUILD FAILURE'}",{},outputs/ID_Results_MagicCoder_projects_f2d66308f4c1db153f889ede330de32f2e2817af/all_rounds/Struts/13d9053050c9e4fb2ef049db6a37d3f6eebf48fa/plugins/rest/org.apache.struts2.rest.handler.JacksonXmlHandlerTest.testObjectToXml/5.patch,189.59712972899433,TRUE
https://github.com/biojava/biojava,245742d522d12440ece32f5c2d665ff81c465e98,biojava-structure,ID,org.biojava.nbio.structure.io.TestMMCIFWriting.test1A2C,test1A2C,Rejected,https://github.com/biojava/biojava/pull/905,,projects/245742d522d12440ece32f5c2d665ff81c465e98/biojava/biojava-structure/src/test/java/org/biojava/nbio/structure/io/TestMMCIFWriting.java,,"{0: 'test_failure', 1: 'test_failure', 2: 'test_failure', 3: 'test_failure', 4: 'build_failure;Stitched:build_failure', 5: 'build_failure'}",8,"{0: 'BUILD SUCCESS', 1: 'BUILD SUCCESS', 2: 'BUILD SUCCESS', 3: 'BUILD SUCCESS', 4: 'BUILD FAILURE;Stitched:BUILD FAILURE', 5: 'BUILD FAILURE'}",{},outputs/ID_Results_MagicCoder_projects_f2d66308f4c1db153f889ede330de32f2e2817af/all_rounds/biojava/245742d522d12440ece32f5c2d665ff81c465e98/biojava-structure/org.biojava.nbio.structure.io.TestMMCIFWriting.test1A2C/5.patch,210.89268579997588,TRUE
https://github.com/biojava/biojava,65ad15fe58dcedd258fee1c14505e424c8536efc,biojava-structure,ID,org.biojava.nbio.structure.AtomPositionMapTest.testChains,testChains,Accepted,https://github.com/biojava/biojava/pull/897,,projects/65ad15fe58dcedd258fee1c14505e424c8536efc/biojava/biojava-structure/src/test/java/org/biojava/nbio/structure/AtomPositionMapTest.java,,"{0: 'test_failure', 1: 'compilation_error', 2: 'compilation_error', 3: 'compilation_error', 4: 'build_failure', 5: 'build_failure'}",8,"{0: 'BUILD SUCCESS', 1: 'BUILD FAILURE', 2: 'BUILD FAILURE', 3: 'BUILD FAILURE', 4: 'BUILD FAILURE', 5: 'BUILD FAILURE'}",{},outputs/ID_Results_MagicCoder_projects_f2d66308f4c1db153f889ede330de32f2e2817af/all_rounds/biojava/65ad15fe58dcedd258fee1c14505e424c8536efc/biojava-structure/org.biojava.nbio.structure.AtomPositionMapTest.testChains/5.patch,399.06030256592203,TRUE
https://github.com/HubSpot/Rosetta,bc3713d9bf9c00130ce08cf4a2c9bcddabcb2f80,RosettaCore,ID,com.hubspot.rosetta.annotations.StoredAsJsonTest.itHandlesAnnotatedGenericFieldSerialization,itHandlesAnnotatedGenericFieldSerialization,InspiredAFix,https://github.com/HubSpot/Rosetta/pull/86,https://github.com/HubSpot/Rosetta/pull/96,projects/bc3713d9bf9c00130ce08cf4a2c9bcddabcb2f80/Rosetta/RosettaCore/src/test/java/com/hubspot/rosetta/annotations/StoredAsJsonTest.java,,"{0: 'test_failure', 1: 'test_failure', 2: 'build_failure', 3: 'build_failure', 4: 'build_failure', 5: 'build_failure;Stitched:build_failure'}",8,"{0: 'BUILD SUCCESS', 1: 'BUILD SUCCESS', 2: 'BUILD FAILURE', 3: 'BUILD FAILURE', 4: 'BUILD FAILURE', 5: 'BUILD FAILURE;Stitched:BUILD FAILURE'}",{},outputs/ID_Results_MagicCoder_projects_f2d66308f4c1db153f889ede330de32f2e2817af/all_rounds/Rosetta/bc3713d9bf9c00130ce08cf4a2c9bcddabcb2f80/RosettaCore/com.hubspot.rosetta.annotations.StoredAsJsonTest.itHandlesAnnotatedGenericFieldSerialization/5.patch,237.99085225502495,TRUE
https://github.com/HubSpot/jinjava,b428343af85e613805674cd44dad416dfddde09c,.,ID,com.hubspot.jinjava.lib.filter.ListFilterTest.itConvertsSetsToLists,itConvertsSetsToLists,Accepted,https://github.com/HubSpot/jinjava/pull/827,,projects/b428343af85e613805674cd44dad416dfddde09c/jinjava/src/test/java/com/hubspot/jinjava/lib/filter/ListFilterTest.java,outputs/ID_Results_MagicCoder_projects_f2d66308f4c1db153f889ede330de32f2e2817af/GoodPatches/jinjava/b428343af85e613805674cd44dad416dfddde09c/./com.hubspot.jinjava.lib.filter.ListFilterTest.itConvertsSetsToLists/5.patch,"{0: 'test_failure', 1: 'test_failure', 2: 'Stitched:test_failure', 3: 'test_failure', 4: 'compilation_error', 5: 'test_pass'}",8,"{0: 'BUILD SUCCESS', 1: 'BUILD SUCCESS', 2: 'BUILD SUCCESS', 3: 'BUILD SUCCESS', 4: 'BUILD FAILURE', 5: 'BUILD SUCCESS'}",{},outputs/ID_Results_MagicCoder_projects_f2d66308f4c1db153f889ede330de32f2e2817af/all_rounds/jinjava/b428343af85e613805674cd44dad416dfddde09c/./com.hubspot.jinjava.lib.filter.ListFilterTest.itConvertsSetsToLists/5.patch,203.03355288994499,TRUE
https://github.com/twitter/GraphJet,dbb652a99b6213ddb5892ae6e3396ef10fa0279b,graphjet-core,ID,com.twitter.graphjet.algorithms.salsa.SalsaTest.testSalsaWithRandomGraph,testSalsaWithRandomGraph,Opened,https://github.com/twitter/GraphJet/pull/138,,projects/dbb652a99b6213ddb5892ae6e3396ef10fa0279b/GraphJet/graphjet-core/src/test/java/com/twitter/graphjet/algorithms/salsa/SalsaTest.java,,{0: 'test_failure'},8,{0: 'BUILD SUCCESS'},"{1: 'CUDA out of memory. Tried to allocate 64.00 MiB. GPU 1 has a total capacity of 23.69 GiB of which 7.19 MiB is free. Process 28475 has 4.92 GiB memory in use. Including non-PyTorch memory, this process has 18.75 GiB memory in use. Of the allocated memory 16.67 GiB is allocated by PyTorch, and 1.08 GiB is reserved by PyTorch but unallocated. If reserved but unallocated memory is large try setting PYTORCH_CUDA_ALLOC_CONF=expandable_segments:True to avoid fragmentation.  See documentation for Memory Management  (https://pytorch.org/docs/stable/notes/cuda.html#environment-variables)'}",outputs/ID_Results_MagicCoder_projects_f2d66308f4c1db153f889ede330de32f2e2817af/all_rounds/GraphJet/dbb652a99b6213ddb5892ae6e3396ef10fa0279b/graphjet-core/com.twitter.graphjet.algorithms.salsa.SalsaTest.testSalsaWithRandomGraph/0.patch,237.08129957993515,TRUE
https://github.com/twitter/cloudhopper-commons,05f06af02facfe4414c2ceaa799182c6dffbc1b4,ch-commons-util,ID,com.cloudhopper.commons.util.MetaFieldUtilTest.toMetaFieldInfoArray,toMetaFieldInfoArray,Opened,https://github.com/twitter/cloudhopper-commons/pull/27,,projects/05f06af02facfe4414c2ceaa799182c6dffbc1b4/cloudhopper-commons/ch-commons-util/src/test/java/com/cloudhopper/commons/util/MetaFieldUtilTest.java,,"{0: 'test_failure', 1: 'test_failure', 2: 'test_failure', 3: 'test_failure', 4: 'test_failure', 5: 'test_failure'}",8,"{0: 'BUILD SUCCESS', 1: 'BUILD SUCCESS', 2: 'BUILD SUCCESS', 3: 'BUILD SUCCESS', 4: 'BUILD SUCCESS', 5: 'BUILD SUCCESS'}",{},outputs/ID_Results_MagicCoder_projects_f2d66308f4c1db153f889ede330de32f2e2817af/all_rounds/cloudhopper-commons/05f06af02facfe4414c2ceaa799182c6dffbc1b4/ch-commons-util/com.cloudhopper.commons.util.MetaFieldUtilTest.toMetaFieldInfoArray/5.patch,331.4559283440467,TRUE
https://github.com/j256/ormlite-core,f75ab557d902b11a7ae320e713c3a7fd5ba1f117,.,ID,com.j256.ormlite.field.DatabaseFieldConfigTest.testComboIndex,testComboIndex,InspiredAFix,https://github.com/j256/ormlite-core/pull/216,,projects/f75ab557d902b11a7ae320e713c3a7fd5ba1f117/ormlite-core/src/test/java/com/j256/ormlite/field/DatabaseFieldConfigTest.java,,"{0: 'test_failure', 1: 'Stitched:compilation_error', 2: 'compilation_error', 3: 'Stitched:compilation_error', 4: 'compilation_error', 5: 'Stitched:compilation_error'}",8,"{0: 'BUILD SUCCESS', 1: 'BUILD FAILURE', 2: 'BUILD FAILURE', 3: 'BUILD FAILURE', 4: 'BUILD FAILURE', 5: 'BUILD FAILURE'}",{},outputs/ID_Results_MagicCoder_projects_f2d66308f4c1db153f889ede330de32f2e2817af/all_rounds/ormlite-core/f75ab557d902b11a7ae320e713c3a7fd5ba1f117/./com.j256.ormlite.field.DatabaseFieldConfigTest.testComboIndex/5.patch,464.30404979002196,TRUE
https://github.com/schemacrawler/SchemaCrawler,18d6c5fb79c8e27cdeafc317ee63b27837aa6fec,schemacrawler-utility,ID,us.fatehi.utility.test.graph.DirectedGraphTest.toStringTest,toStringTest,DeveloperFixed,,https://github.com/schemacrawler/SchemaCrawler/commit/90da3f145cc52e908651dfd3c6baaca6ba48e502,projects/18d6c5fb79c8e27cdeafc317ee63b27837aa6fec/SchemaCrawler/schemacrawler-utility/src/test/java/us/fatehi/utility/test/graph/DirectedGraphTest.java,,"{0: 'test_failure', 1: 'compilation_error', 2: 'compilation_error', 3: 'compilation_error', 4: 'compilation_error', 5: 'compilation_error'}",8,"{0: 'BUILD SUCCESS', 1: 'BUILD FAILURE', 2: 'BUILD FAILURE', 3: 'BUILD FAILURE', 4: 'BUILD FAILURE', 5: 'BUILD FAILURE'}",{},outputs/ID_Results_MagicCoder_projects_f2d66308f4c1db153f889ede330de32f2e2817af/all_rounds/SchemaCrawler/18d6c5fb79c8e27cdeafc317ee63b27837aa6fec/schemacrawler-utility/us.fatehi.utility.test.graph.DirectedGraphTest.toStringTest/5.patch,525.9506565859774,TRUE
https://github.com/dromara/hutool,ec14f8384ad384fb6e054df722fe089d64af0c41,hutool-core,ID,cn.hutool.core.annotation.AnnotationUtilTest.getAnnotationSyncAlias,getAnnotationSyncAlias,Accepted,https://github.com/dromara/hutool/pull/3368,,projects/ec14f8384ad384fb6e054df722fe089d64af0c41/hutool/hutool-core/src/test/java/cn/hutool/core/annotation/AnnotationUtilTest.java,,"{0: 'test_failure', 1: 'test_failure', 2: 'test_failure', 3: 'test_failure', 4: 'test_failure', 5: 'test_failure'}",8,"{0: 'BUILD SUCCESS', 1: 'BUILD SUCCESS', 2: 'BUILD SUCCESS', 3: 'BUILD SUCCESS', 4: 'BUILD SUCCESS', 5: 'BUILD SUCCESS'}",{},outputs/ID_Results_MagicCoder_projects_f2d66308f4c1db153f889ede330de32f2e2817af/all_rounds/hutool/ec14f8384ad384fb6e054df722fe089d64af0c41/hutool-core/cn.hutool.core.annotation.AnnotationUtilTest.getAnnotationSyncAlias/5.patch,202.2928615619894,TRUE
https://github.com/jchambers/pushy,da5f8b97106cd41278b421ec63e4e76a7313bed9,pushy,ID,com.eatthepath.pushy.apns.auth.AuthenticationTokenTest.testVerifySignature,testVerifySignature,Opened,https://github.com/jchambers/pushy/pull/1037,,projects/da5f8b97106cd41278b421ec63e4e76a7313bed9/pushy/pushy/src/test/java/com/eatthepath/pushy/apns/auth/AuthenticationTokenTest.java,,"{0: 'test_failure', 1: 'build_failure', 2: 'build_failure', 3: 'build_failure', 4: 'build_failure', 5: 'build_failure'}",8,"{0: 'BUILD SUCCESS', 1: 'BUILD FAILURE', 2: 'BUILD FAILURE', 3: 'BUILD FAILURE', 4: 'BUILD FAILURE', 5: 'BUILD FAILURE'}",{},outputs/ID_Results_MagicCoder_projects_f2d66308f4c1db153f889ede330de32f2e2817af/all_rounds/pushy/da5f8b97106cd41278b421ec63e4e76a7313bed9/pushy/com.eatthepath.pushy.apns.auth.AuthenticationTokenTest.testVerifySignature/5.patch,545.0614177130628,TRUE
https://github.com/code4craft/tiny-spring,2e0a2ba49c703f33fcca359a97af86094b4ded0d,.,ID,us.codecraft.tinyioc.context.ApplicationContextTest.testPostBeanProcessor,testPostBeanProcessor,Opened,https://github.com/code4craft/tiny-spring/pull/39,,projects/2e0a2ba49c703f33fcca359a97af86094b4ded0d/tiny-spring/src/test/java/us/codecraft/tinyioc/context/ApplicationContextTest.java,,"{0: 'test_failure', 1: 'test_failure', 2: 'test_failure', 3: 'test_failure', 4: 'compilation_error', 5: 'compilation_error'}",8,"{0: 'BUILD SUCCESS', 1: 'BUILD SUCCESS', 2: 'BUILD SUCCESS', 3: 'BUILD SUCCESS', 4: 'BUILD FAILURE', 5: 'BUILD FAILURE'}",{},outputs/ID_Results_MagicCoder_projects_f2d66308f4c1db153f889ede330de32f2e2817af/all_rounds/tiny-spring/2e0a2ba49c703f33fcca359a97af86094b4ded0d/./us.codecraft.tinyioc.context.ApplicationContextTest.testPostBeanProcessor/5.patch,143.0601067430107,TRUE
https://github.com/moquette-io/moquette,7797062ad8957507f697acc8f1469861081ba8b5,broker,ID,io.moquette.broker.MemoryRetainedRepositoryTest.testRetainedOnTopicReturnsWildcardTopicMatch,testRetainedOnTopicReturnsWildcardTopicMatch,Accepted,https://github.com/moquette-io/moquette/pull/781,,projects/7797062ad8957507f697acc8f1469861081ba8b5/moquette/broker/src/test/java/io/moquette/broker/MemoryRetainedRepositoryTest.java,,"{0: 'test_failure', 1: 'test_failure', 2: 'Stitched:compilation_error', 3: 'compilation_error', 4: 'compilation_error', 5: 'Stitched:compilation_error'}",8,"{0: 'BUILD SUCCESS', 1: 'BUILD SUCCESS', 2: 'BUILD FAILURE', 3: 'BUILD FAILURE', 4: 'BUILD FAILURE', 5: 'BUILD FAILURE'}",{},outputs/ID_Results_MagicCoder_projects_f2d66308f4c1db153f889ede330de32f2e2817af/all_rounds/moquette/7797062ad8957507f697acc8f1469861081ba8b5/broker/io.moquette.broker.MemoryRetainedRepositoryTest.testRetainedOnTopicReturnsWildcardTopicMatch/5.patch,784.9589631040581,TRUE
https://github.com/blockchain-jd-com/utils,7f0b301addd9ec6237c2c947cdb629b12831fd43,utils-serialize,ID,test.utils.serialize.JSONSerializeUtilsTest.testJSONString,testJSONString,Opened,https://github.com/blockchain-jd-com/utils/pull/1,,projects/7f0b301addd9ec6237c2c947cdb629b12831fd43/utils/utils-serialize/src/test/java/test/utils/serialize/JSONSerializeUtilsTest.java,,"{0: 'test_failure', 1: 'test_failure', 2: 'Stitched:compilation_error', 3: 'Stitched:build_failure', 4: 'Stitched:compilation_error;Stitched:compilation_error', 5: 'Stitched:compilation_error'}",8,"{0: 'BUILD SUCCESS', 1: 'BUILD SUCCESS', 2: 'BUILD FAILURE', 3: 'BUILD FAILURE', 4: 'BUILD FAILURE;Stitched:BUILD FAILURE', 5: 'BUILD FAILURE'}",{},outputs/ID_Results_MagicCoder_projects_f2d66308f4c1db153f889ede330de32f2e2817af/all_rounds/utils/7f0b301addd9ec6237c2c947cdb629b12831fd43/utils-serialize/test.utils.serialize.JSONSerializeUtilsTest.testJSONString/5.patch,858.8806047929684,TRUE
https://github.com/bpsm/edn-java,4cf29ffe2d063269cb09c9bf4f6fd5c1a3cb4e1b,.,ID,us.bpsm.edn.printer.PrinterTest.testPrettyPrinting,testPrettyPrinting,Accepted,https://github.com/bpsm/edn-java/pull/68,,projects/4cf29ffe2d063269cb09c9bf4f6fd5c1a3cb4e1b/edn-java/src/test/java/us/bpsm/edn/printer/PrinterTest.java,outputs/ID_Results_MagicCoder_projects_f2d66308f4c1db153f889ede330de32f2e2817af/GoodPatches/edn-java/4cf29ffe2d063269cb09c9bf4f6fd5c1a3cb4e1b/./us.bpsm.edn.printer.PrinterTest.testPrettyPrinting/3.patch,"{0: 'test_failure', 1: 'Stitched:test_failure', 2: 'Stitched:test_failure', 3: 'test_pass'}",8,"{0: 'BUILD SUCCESS', 1: 'BUILD SUCCESS', 2: 'BUILD SUCCESS', 3: 'BUILD SUCCESS'}",{},outputs/ID_Results_MagicCoder_projects_f2d66308f4c1db153f889ede330de32f2e2817af/all_rounds/edn-java/4cf29ffe2d063269cb09c9bf4f6fd5c1a3cb4e1b/./us.bpsm.edn.printer.PrinterTest.testPrettyPrinting/3.patch,117.17309063393623,TRUE
https://github.com/skyscreamer/JSONassert,523009b2576b9f54ed78c6f4720fba87f79b1466,.,ID,org.skyscreamer.jsonassert.comparator.CustomComparatorTest.testFullArrayComparison,testFullArrayComparison,Opened,https://github.com/skyscreamer/JSONassert/pull/151,,projects/523009b2576b9f54ed78c6f4720fba87f79b1466/JSONassert/src/test/java/org/skyscreamer/jsonassert/comparator/CustomComparatorTest.java,,"{0: 'test_failure', 1: 'Stitched:compilation_error', 2: 'Stitched:test_failure', 3: 'Stitched:compilation_error', 4: 'compilation_error', 5: 'Stitched:compilation_error'}",8,"{0: 'BUILD SUCCESS', 1: 'BUILD FAILURE', 2: 'BUILD SUCCESS', 3: 'BUILD FAILURE', 4: 'BUILD FAILURE', 5: 'BUILD FAILURE'}",{},outputs/ID_Results_MagicCoder_projects_f2d66308f4c1db153f889ede330de32f2e2817af/all_rounds/JSONassert/523009b2576b9f54ed78c6f4720fba87f79b1466/./org.skyscreamer.jsonassert.comparator.CustomComparatorTest.testFullArrayComparison/5.patch,213.94420557899866,TRUE
https://github.com/modelmapper/modelmapper,689f5a36713a1e09edeeb8ecd7a822dbc097d7cd,core,ID,org.modelmapper.internal.converter.ArrayConverterTest.shouldConvertFromSet,shouldConvertFromSet,Opened,https://github.com/modelmapper/modelmapper/pull/697,,projects/689f5a36713a1e09edeeb8ecd7a822dbc097d7cd/modelmapper/core/src/test/java/org/modelmapper/internal/converter/ArrayConverterTest.java,outputs/ID_Results_MagicCoder_projects_f2d66308f4c1db153f889ede330de32f2e2817af/GoodPatches/modelmapper/689f5a36713a1e09edeeb8ecd7a822dbc097d7cd/core/org.modelmapper.internal.converter.ArrayConverterTest.shouldConvertFromSet/3.patch,"{0: 'test_failure', 1: 'Stitched:test_failure', 2: 'Stitched:test_failure', 3: 'test_pass'}",8,"{0: 'BUILD SUCCESS', 1: 'BUILD SUCCESS', 2: 'BUILD SUCCESS', 3: 'BUILD SUCCESS'}",{},outputs/ID_Results_MagicCoder_projects_f2d66308f4c1db153f889ede330de32f2e2817af/all_rounds/modelmapper/689f5a36713a1e09edeeb8ecd7a822dbc097d7cd/core/org.modelmapper.internal.converter.ArrayConverterTest.shouldConvertFromSet/3.patch,134.6375806760043,TRUE
https://github.com/Tencent/spring-cloud-tencent,d6d663f07e0ef086a4b910e79df900a1ac8c0104,spring-cloud-tencent-starters/spring-cloud-tencent-metadata,ID,com.tencent.cloud.metadata.core.intercepter.feign.Metadata2HeaderFeignInterceptorTest.test1,test1,Accepted,https://github.com/Tencent/spring-cloud-tencent/pull/51,,projects/d6d663f07e0ef086a4b910e79df900a1ac8c0104/spring-cloud-tencent/spring-cloud-tencent-starters/spring-cloud-tencent-metadata/src/test/java/com/tencent/cloud/metadata/core/intercepter/feign/Metadata2HeaderFeignInterceptorTest.java,,"{0: 'test_failure', 1: 'test_failure', 2: 'test_failure', 3: 'Stitched:test_failure', 4: 'test_failure', 5: 'Stitched:test_failure'}",8,"{0: 'BUILD SUCCESS', 1: 'BUILD SUCCESS', 2: 'BUILD SUCCESS', 3: 'BUILD SUCCESS', 4: 'BUILD SUCCESS', 5: 'BUILD SUCCESS'}",{},outputs/ID_Results_MagicCoder_projects_f2d66308f4c1db153f889ede330de32f2e2817af/all_rounds/spring-cloud-tencent/d6d663f07e0ef086a4b910e79df900a1ac8c0104/spring-cloud-tencent-starters/spring-cloud-tencent-metadata/com.tencent.cloud.metadata.core.intercepter.feign.Metadata2HeaderFeignInterceptorTest.test1/5.patch,573.4951477940194,TRUE
https://github.com/vojtechhabarta/typescript-generator,caef58bfe55a8cd1fc5d7368c19e9ff818a7b7fa,typescript-generator-core,ID,cz.habarta.typescript.generator.ClassesTest.testUnsortedConstructor,testUnsortedConstructor,Rejected,https://github.com/vojtechhabarta/typescript-generator/pull/688,,projects/caef58bfe55a8cd1fc5d7368c19e9ff818a7b7fa/typescript-generator/typescript-generator-core/src/test/java/cz/habarta/typescript/generator/ClassesTest.java,,"{0: 'test_failure', 1: 'test_failure', 2: 'test_failure', 3: 'test_failure', 4: 'test_failure', 5: 'test_failure'}",8,"{0: 'BUILD SUCCESS', 1: 'BUILD SUCCESS', 2: 'BUILD SUCCESS', 3: 'BUILD SUCCESS', 4: 'BUILD SUCCESS', 5: 'BUILD SUCCESS'}",{},outputs/ID_Results_MagicCoder_projects_f2d66308f4c1db153f889ede330de32f2e2817af/all_rounds/typescript-generator/caef58bfe55a8cd1fc5d7368c19e9ff818a7b7fa/typescript-generator-core/cz.habarta.typescript.generator.ClassesTest.testUnsortedConstructor/5.patch,251.79779473796953,TRUE
https://github.com/jmeter-maven-plugin/jmeter-maven-plugin,618363c461843ec2849cdc15d53ee85bdbaec3f2,.,ID,com.lazerycode.jmeter.json.TestConfigTest.createConfigFromResourceFile,createConfigFromResourceFile,Accepted,https://github.com/jmeter-maven-plugin/jmeter-maven-plugin/pull/408,,projects/618363c461843ec2849cdc15d53ee85bdbaec3f2/jmeter-maven-plugin/src/test/java/com/lazerycode/jmeter/json/TestConfigTest.java,,"{0: 'test_failure', 1: 'test_failure', 2: 'Stitched:compilation_error', 3: 'pom_error', 4: 'pom_error', 5: 'Stitched:pom_error'}",8,"{0: 'BUILD SUCCESS', 1: 'BUILD SUCCESS', 2: 'BUILD FAILURE', 3: 'BUILD FAILURE', 4: 'BUILD FAILURE', 5: 'BUILD FAILURE'}",{},outputs/ID_Results_MagicCoder_projects_f2d66308f4c1db153f889ede330de32f2e2817af/all_rounds/jmeter-maven-plugin/618363c461843ec2849cdc15d53ee85bdbaec3f2/./com.lazerycode.jmeter.json.TestConfigTest.createConfigFromResourceFile/5.patch,316.26699724502396,TRUE
https://github.com/SonarSource/sonar-php,df211f66a67c48184006cff90e80e8406a87f8ec,php-frontend,ID,org.sonar.php.metrics.ExecutableLineVisitorTest.test,test,Accepted,https://github.com/SonarSource/sonar-php/pull/785,,projects/df211f66a67c48184006cff90e80e8406a87f8ec/sonar-php/php-frontend/src/test/java/org/sonar/php/metrics/ExecutableLineVisitorTest.java,,"{0: 'test_failure', 1: 'compilation_error', 2: 'Stitched:build_failure', 3: 'build_failure', 4: 'build_failure', 5: 'build_failure'}",8,"{0: 'BUILD SUCCESS', 1: 'BUILD FAILURE', 2: 'BUILD FAILURE', 3: 'BUILD FAILURE', 4: 'BUILD FAILURE', 5: 'BUILD FAILURE'}",{},outputs/ID_Results_MagicCoder_projects_f2d66308f4c1db153f889ede330de32f2e2817af/all_rounds/sonar-php/df211f66a67c48184006cff90e80e8406a87f8ec/php-frontend/org.sonar.php.metrics.ExecutableLineVisitorTest.test/5.patch,196.60301636904478,TRUE
https://github.com/javadev/underscore-java,cd437058731dcce7ce0206857610b8c3842384e6,.,ID,com.github.underscore.ArraysTest.replace,replace,Accepted,https://github.com/javadev/underscore-java/pull/304,,projects/cd437058731dcce7ce0206857610b8c3842384e6/underscore-java/src/test/java8/com/github/underscore/ArraysTest.java,,{0: 'test_failure'},8,{0: 'BUILD SUCCESS'},{0: 'method_code_location_failure'},,,FALSE
https://github.com/fhoeben/hsac-fitnesse-fixtures,a64c18d9c4bac8271275c7b089d40be20f0604b5,.,ID,nl.hsac.fitnesse.fixture.slim.JsonHttpTestTest.testDeleteValuesAsJson,testDeleteValuesAsJson,Accepted,https://github.com/fhoeben/hsac-fitnesse-fixtures/pull/360,,projects/a64c18d9c4bac8271275c7b089d40be20f0604b5/hsac-fitnesse-fixtures/src/test/java/nl/hsac/fitnesse/fixture/slim/JsonHttpTestTest.java,,"{0: 'test_failure', 1: 'test_failure', 2: 'test_failure', 3: 'test_failure', 4: 'test_failure', 5: 'test_failure'}",8,"{0: 'BUILD SUCCESS', 1: 'BUILD SUCCESS', 2: 'BUILD SUCCESS', 3: 'BUILD SUCCESS', 4: 'BUILD SUCCESS', 5: 'BUILD SUCCESS'}",{},outputs/ID_Results_MagicCoder_projects_f2d66308f4c1db153f889ede330de32f2e2817af/all_rounds/hsac-fitnesse-fixtures/a64c18d9c4bac8271275c7b089d40be20f0604b5/./nl.hsac.fitnesse.fixture.slim.JsonHttpTestTest.testDeleteValuesAsJson/5.patch,1421.695180386072,TRUE
https://github.com/braintree/braintree_java,4471cdb6bd5fed2509d4c529ae896ffbb07713ae,.,ID,com.braintreegateway.unittest.RequestBuilderTest.map,map,Accepted,https://github.com/braintree/braintree_java/pull/99,,projects/4471cdb6bd5fed2509d4c529ae896ffbb07713ae/braintree_java/src/test/java/com/braintreegateway/unittest/RequestBuilderTest.java,,"{0: 'test_failure', 1: 'Stitched:compilation_error', 2: 'Stitched:compilation_error', 3: 'Stitched:compilation_error', 4: 'Stitched:compilation_error', 5: 'Stitched:compilation_error'}",8,"{0: 'BUILD SUCCESS', 1: 'BUILD FAILURE', 2: 'BUILD FAILURE', 3: 'BUILD FAILURE', 4: 'BUILD FAILURE', 5: 'BUILD FAILURE'}",{},outputs/ID_Results_MagicCoder_projects_f2d66308f4c1db153f889ede330de32f2e2817af/all_rounds/braintree_java/4471cdb6bd5fed2509d4c529ae896ffbb07713ae/./com.braintreegateway.unittest.RequestBuilderTest.map/5.patch,179.9942689469317,TRUE
https://github.com/castle/castle-java,1f42ccdbd85c095e307c8604eb7426733dbb8863,.,ID,io.castle.client.model.CastleDeviceTest.jsonSerialized,jsonSerialized,Accepted,https://github.com/castle/castle-java/pull/107,,projects/1f42ccdbd85c095e307c8604eb7426733dbb8863/castle-java/src/test/java/io/castle/client/model/CastleDeviceTest.java,,"{0: 'test_failure', 1: 'test_failure', 2: 'test_failure', 3: 'test_failure', 4: 'test_failure', 5: 'test_failure'}",8,"{0: 'BUILD SUCCESS', 1: 'BUILD SUCCESS', 2: 'BUILD SUCCESS', 3: 'BUILD SUCCESS', 4: 'BUILD SUCCESS', 5: 'BUILD SUCCESS'}",{},outputs/ID_Results_MagicCoder_projects_f2d66308f4c1db153f889ede330de32f2e2817af/all_rounds/castle-java/1f42ccdbd85c095e307c8604eb7426733dbb8863/./io.castle.client.model.CastleDeviceTest.jsonSerialized/5.patch,513.1283385750139,TRUE
https://github.com/apilayer/restcountries,85c3a55d8c9692743d5e54f2a06fe01513ae09a0,.,ID,eu.fayder.restcountries.v2.CountryServiceTest.getByRegionalBloc,getByRegionalBloc,Opened,https://github.com/apilayer/restcountries/pull/294,,projects/85c3a55d8c9692743d5e54f2a06fe01513ae09a0/restcountries/src/test/java/eu/fayder/restcountries/v2/CountryServiceTest.java,,"{0: 'test_failure', 1: 'test_failure', 2: 'test_failure', 3: 'test_failure', 4: 'test_failure', 5: 'test_failure'}",8,"{0: 'BUILD SUCCESS', 1: 'BUILD SUCCESS', 2: 'BUILD SUCCESS', 3: 'BUILD SUCCESS', 4: 'BUILD SUCCESS', 5: 'BUILD SUCCESS'}",{},outputs/ID_Results_MagicCoder_projects_f2d66308f4c1db153f889ede330de32f2e2817af/all_rounds/restcountries/85c3a55d8c9692743d5e54f2a06fe01513ae09a0/./eu.fayder.restcountries.v2.CountryServiceTest.getByRegionalBloc/5.patch,193.89031924295705,TRUE
https://github.com/AxonIQ/axon-server-se,08e5dfd77fd5f749bd79ca6e32f661d6d70f50e3,axonserver,ID,io.axoniq.axonserver.admin.eventprocessor.requestprocessor.LocalEventProcessorsAdminServiceTest.testGetByComponent,testGetByComponent,Opened,https://github.com/AxonIQ/axon-server-se/pull/689,,projects/08e5dfd77fd5f749bd79ca6e32f661d6d70f50e3/axon-server-se/axonserver/src/test/java/io/axoniq/axonserver/admin/eventprocessor/requestprocessor/LocalEventProcessorsAdminServiceTest.java,,"{0: 'test_failure', 1: 'test_failure', 2: 'test_failure', 3: 'Stitched:compilation_error', 4: 'Stitched:compilation_error', 5: 'compilation_error'}",8,"{0: 'BUILD SUCCESS', 1: 'BUILD SUCCESS', 2: 'BUILD SUCCESS', 3: 'BUILD FAILURE', 4: 'BUILD FAILURE', 5: 'BUILD FAILURE'}",{},outputs/ID_Results_MagicCoder_projects_f2d66308f4c1db153f889ede330de32f2e2817af/all_rounds/axon-server-se/08e5dfd77fd5f749bd79ca6e32f661d6d70f50e3/axonserver/io.axoniq.axonserver.admin.eventprocessor.requestprocessor.LocalEventProcessorsAdminServiceTest.testGetByComponent/5.patch,436.25576368905604,TRUE
https://github.com/EliasStar/JsonRpc4J,6d7f58389e86efa4f44cc8906a7d1963b7f208b9,.,ID,eliasstar.jsonrpc.ConnectionTests.testNotificationSending,testNotificationSending,Opened,https://github.com/EliasStar/JsonRpc4J/pull/8,,projects/6d7f58389e86efa4f44cc8906a7d1963b7f208b9/JsonRpc4J/src/test/java/eliasstar/jsonrpc/ConnectionTests.java,,"{0: 'test_failure', 1: 'test_failure', 2: 'compilation_error', 3: 'compilation_error', 4: 'Stitched:compilation_error', 5: 'compilation_error'}",11,"{0: 'BUILD SUCCESS', 1: 'BUILD SUCCESS', 2: 'BUILD FAILURE', 3: 'BUILD FAILURE', 4: 'BUILD FAILURE', 5: 'BUILD FAILURE'}",{},outputs/ID_Results_MagicCoder_projects_f2d66308f4c1db153f889ede330de32f2e2817af/all_rounds/JsonRpc4J/6d7f58389e86efa4f44cc8906a7d1963b7f208b9/./eliasstar.jsonrpc.ConnectionTests.testNotificationSending/5.patch,445.7284776630113,TRUE
https://github.com/everit-org/json-schema,81f0b2f5381cf964a49570a5f80bc78e12b5982b,core,ID,org.everit.json.schema.ObjectSchemaTest.multipleSchemaDepViolation,multipleSchemaDepViolation,Accepted,https://github.com/everit-org/json-schema/pull/500,,projects/81f0b2f5381cf964a49570a5f80bc78e12b5982b/json-schema/core/src/test/java/org/everit/json/schema/ObjectSchemaTest.java,,"{0: 'test_failure', 1: 'Stitched:compilation_error;Stitched:compilation_error', 2: 'compilation_error', 3: 'compilation_error;Stitched:compilation_error', 4: 'Stitched:compilation_error', 5: 'compilation_error'}",8,"{0: 'BUILD SUCCESS', 1: 'BUILD FAILURE;Stitched:BUILD FAILURE', 2: 'BUILD FAILURE', 3: 'BUILD FAILURE;Stitched:BUILD FAILURE', 4: 'BUILD FAILURE', 5: 'BUILD FAILURE'}",{},outputs/ID_Results_MagicCoder_projects_f2d66308f4c1db153f889ede330de32f2e2817af/all_rounds/json-schema/81f0b2f5381cf964a49570a5f80bc78e12b5982b/core/org.everit.json.schema.ObjectSchemaTest.multipleSchemaDepViolation/5.patch,433.59739575500134,TRUE
https://github.com/json-iterator/java,6925cf4c19d313504b416f58a349a36bf563e0e1,.,ID,com.jsoniter.output.TestObject.test_omit_null,test_omit_null,Opened,https://github.com/json-iterator/java/pull/353,,projects/6925cf4c19d313504b416f58a349a36bf563e0e1/java/src/test/java/com/jsoniter/output/TestObject.java,,"{0: 'test_failure', 1: 'test_failure', 2: 'build_failure', 3: 'build_failure', 4: 'Stitched:build_failure', 5: 'build_failure'}",8,"{0: 'BUILD SUCCESS', 1: 'BUILD SUCCESS', 2: 'BUILD FAILURE', 3: 'BUILD FAILURE', 4: 'BUILD FAILURE', 5: 'BUILD FAILURE'}",{},outputs/ID_Results_MagicCoder_projects_f2d66308f4c1db153f889ede330de32f2e2817af/all_rounds/java/6925cf4c19d313504b416f58a349a36bf563e0e1/./com.jsoniter.output.TestObject.test_omit_null/5.patch,191.09860809810925,TRUE
https://github.com/katharsis-project/katharsis-framework,73d1a8763c49c5cf4643d43e2dbfedb647630c46,katharsis-core,ID,io.katharsis.resource.paging.PagedLinksInformationQuerySpecTest.testPagingFirst,testPagingFirst,Opened,https://github.com/katharsis-project/katharsis-framework/pull/461,,projects/73d1a8763c49c5cf4643d43e2dbfedb647630c46/katharsis-framework/katharsis-core/src/test/java/io/katharsis/resource/paging/PagedLinksInformationQuerySpecTest.java,,"{0: 'test_failure', 1: 'test_failure', 2: 'test_failure', 3: 'test_failure', 4: 'test_failure', 5: 'test_failure'}",8,"{0: 'BUILD SUCCESS', 1: 'BUILD SUCCESS', 2: 'BUILD SUCCESS', 3: 'BUILD SUCCESS', 4: 'BUILD SUCCESS', 5: 'BUILD SUCCESS'}",{},outputs/ID_Results_MagicCoder_projects_f2d66308f4c1db153f889ede330de32f2e2817af/all_rounds/katharsis-framework/73d1a8763c49c5cf4643d43e2dbfedb647630c46/katharsis-core/io.katharsis.resource.paging.PagedLinksInformationQuerySpecTest.testPagingFirst/5.patch,268.4765297549311,TRUE
https://github.com/knowm/XChange,d56e61f2cf1368f917965a8c43f292a2a1b28ebc,xchange-stream-coinbasepro,ID,info.bitrich.xchangestream.coinbasepro.dto.CoinbaseProWebSocketSubscriptionMessageTest.testWebSocketMessageSerializationBatch,testWebSocketMessageSerializationBatch,Opened,https://github.com/knowm/XChange/pull/4789,,projects/d56e61f2cf1368f917965a8c43f292a2a1b28ebc/XChange/xchange-stream-coinbasepro/src/test/java/info/bitrich/xchangestream/coinbasepro/dto/CoinbaseProWebSocketSubscriptionMessageTest.java,,"{0: 'test_failure', 1: 'test_failure', 2: 'Stitched:compilation_error', 3: 'Stitched:compilation_error', 4: 'compilation_error', 5: 'Stitched:compilation_error'}",8,"{0: 'BUILD SUCCESS', 1: 'BUILD SUCCESS', 2: 'BUILD FAILURE', 3: 'BUILD FAILURE', 4: 'BUILD FAILURE', 5: 'BUILD FAILURE'}",{},outputs/ID_Results_MagicCoder_projects_f2d66308f4c1db153f889ede330de32f2e2817af/all_rounds/XChange/d56e61f2cf1368f917965a8c43f292a2a1b28ebc/xchange-stream-coinbasepro/info.bitrich.xchangestream.coinbasepro.dto.CoinbaseProWebSocketSubscriptionMessageTest.testWebSocketMessageSerializationBatch/5.patch,409.34403379494324,TRUE
https://github.com/knowm/XChange,d56e61f2cf1368f917965a8c43f292a2a1b28ebc,xchange-stream-bitmex,ID,info.bitrich.xchangestream.bitmex.BitmexStreamingTest.shouldGetCorrectUnsubscribeMessage,shouldGetCorrectUnsubscribeMessage,Opened,https://github.com/knowm/XChange/pull/4789,,projects/d56e61f2cf1368f917965a8c43f292a2a1b28ebc/XChange/xchange-stream-bitmex/src/test/java/info/bitrich/xchangestream/bitmex/BitmexStreamingTest.java,,"{0: 'test_failure', 1: 'test_failure', 2: 'compilation_error', 3: 'compilation_error', 4: 'compilation_error', 5: 'compilation_error'}",8,"{0: 'BUILD SUCCESS', 1: 'BUILD SUCCESS', 2: 'BUILD FAILURE', 3: 'BUILD FAILURE', 4: 'BUILD FAILURE', 5: 'BUILD FAILURE'}",{},outputs/ID_Results_MagicCoder_projects_f2d66308f4c1db153f889ede330de32f2e2817af/all_rounds/XChange/d56e61f2cf1368f917965a8c43f292a2a1b28ebc/xchange-stream-bitmex/info.bitrich.xchangestream.bitmex.BitmexStreamingTest.shouldGetCorrectUnsubscribeMessage/5.patch,199.7020113579929,TRUE
https://github.com/knowm/XChange,d56e61f2cf1368f917965a8c43f292a2a1b28ebc,xchange-kraken,ID,org.knowm.xchange.kraken.KrakenUtilsTest.testAdaptTradeHistoryByCurrencyPair,testAdaptTradeHistoryByCurrencyPair,Accepted,https://github.com/knowm/XChange/pull/4788,,projects/d56e61f2cf1368f917965a8c43f292a2a1b28ebc/XChange/xchange-kraken/src/test/java/org/knowm/xchange/kraken/KrakenUtilsTest.java,,"{0: 'test_failure', 1: 'Stitched:test_failure', 2: 'test_failure', 3: 'compilation_error;Stitched:compilation_error', 4: 'compilation_error;Stitched:compilation_error', 5: 'compilation_error;Stitched:compilation_error'}",8,"{0: 'BUILD SUCCESS', 1: 'BUILD SUCCESS', 2: 'BUILD SUCCESS', 3: 'BUILD FAILURE;Stitched:BUILD FAILURE', 4: 'BUILD FAILURE;Stitched:BUILD FAILURE', 5: 'BUILD FAILURE;Stitched:BUILD FAILURE'}",{},outputs/ID_Results_MagicCoder_projects_f2d66308f4c1db153f889ede330de32f2e2817af/all_rounds/XChange/d56e61f2cf1368f917965a8c43f292a2a1b28ebc/xchange-kraken/org.knowm.xchange.kraken.KrakenUtilsTest.testAdaptTradeHistoryByCurrencyPair/5.patch,713.7824810940074,TRUE
https://github.com/looly/hutool,c1642522bbf5adc70fb57517e46d5a921d9a5703,hutool-core,ID,cn.hutool.core.util.EnumUtilTest.getFieldNamesTest,getFieldNamesTest,Accepted,https://github.com/looly/hutool/pull/1270,,projects/c1642522bbf5adc70fb57517e46d5a921d9a5703/hutool/hutool-core/src/test/java/cn/hutool/core/util/EnumUtilTest.java,,"{0: 'test_failure', 1: 'test_failure', 2: 'test_failure', 3: 'compilation_error', 4: 'compilation_error', 5: 'compilation_error'}",8,"{0: 'BUILD SUCCESS', 1: 'BUILD SUCCESS', 2: 'BUILD SUCCESS', 3: 'BUILD FAILURE', 4: 'BUILD FAILURE', 5: 'BUILD FAILURE'}",{},outputs/ID_Results_MagicCoder_projects_f2d66308f4c1db153f889ede330de32f2e2817af/all_rounds/hutool/c1642522bbf5adc70fb57517e46d5a921d9a5703/hutool-core/cn.hutool.core.util.EnumUtilTest.getFieldNamesTest/5.patch,182.14937335602008,TRUE
https://github.com/manifold-systems/manifold,2d685f01a7097af8f2c25ecdd2966fc304d33e09,manifold-deps-parent/manifold-templates-test,ID,manifold.templates.directives.SectionTest.includeNestedSectionTest,includeNestedSectionTest,Opened,https://github.com/manifold-systems/manifold/pull/515,,projects/2d685f01a7097af8f2c25ecdd2966fc304d33e09/manifold/manifold-deps-parent/manifold-templates-test/src/test/java/manifold/templates/directives/SectionTest.java,,"{0: 'test_failure', 1: 'test_failure', 2: 'test_failure', 3: 'test_failure', 4: 'build_failure', 5: 'build_failure'}",8,"{0: 'BUILD SUCCESS', 1: 'BUILD SUCCESS', 2: 'BUILD SUCCESS', 3: 'BUILD SUCCESS', 4: 'BUILD FAILURE', 5: 'BUILD FAILURE'}",{},outputs/ID_Results_MagicCoder_projects_f2d66308f4c1db153f889ede330de32f2e2817af/all_rounds/manifold/2d685f01a7097af8f2c25ecdd2966fc304d33e09/manifold-deps-parent/manifold-templates-test/manifold.templates.directives.SectionTest.includeNestedSectionTest/5.patch,189.05564483406488,TRUE
https://github.com/PSteph/jsonToOrmMapper,b84ba5c14dd40ca9f8556ba7b4bae6e868b3668e,.,ID,com.p2sdev.jsonToOrmMapper.AppTest.testValidJSONObject,testValidJSONObject,Opened,https://github.com/PSteph/jsonToOrmMapper/pull/4,,projects/b84ba5c14dd40ca9f8556ba7b4bae6e868b3668e/jsonToOrmMapper/src/test/java/com/p2sdev/jsonToOrmMapper/AppTest.java,,"{0: 'test_failure', 1: 'Stitched:test_failure', 2: 'test_failure', 3: 'test_failure', 4: 'Stitched:test_failure', 5: 'test_failure'}",8,"{0: 'BUILD SUCCESS', 1: 'BUILD SUCCESS', 2: 'BUILD SUCCESS', 3: 'BUILD SUCCESS', 4: 'BUILD SUCCESS', 5: 'BUILD SUCCESS'}",{},outputs/ID_Results_MagicCoder_projects_f2d66308f4c1db153f889ede330de32f2e2817af/all_rounds/jsonToOrmMapper/b84ba5c14dd40ca9f8556ba7b4bae6e868b3668e/./com.p2sdev.jsonToOrmMapper.AppTest.testValidJSONObject/5.patch,237.08088760601822,TRUE
https://github.com/rcongiu/Hive-JSON-Serde,7a05e91bf80a781da30cc69e2f5698b78f5b3397,json-serde,ID,org.openx.data.jsonserde.JsonSerDeTest.testNestedExplicitNullValue,testNestedExplicitNullValue,Opened,https://github.com/rcongiu/Hive-JSON-Serde/pull/241,,projects/7a05e91bf80a781da30cc69e2f5698b78f5b3397/Hive-JSON-Serde/json-serde/src/test/java/org/openx/data/jsonserde/JsonSerDeTest.java,,"{0: 'test_failure', 1: 'test_failure', 2: 'build_failure', 3: 'build_failure;Stitched:build_failure', 4: 'build_failure', 5: 'build_failure;Stitched:build_failure'}",8,"{0: 'BUILD SUCCESS', 1: 'BUILD SUCCESS', 2: 'BUILD FAILURE', 3: 'BUILD FAILURE;Stitched:BUILD FAILURE', 4: 'BUILD FAILURE', 5: 'BUILD FAILURE;Stitched:BUILD FAILURE'}",{},outputs/ID_Results_MagicCoder_projects_f2d66308f4c1db153f889ede330de32f2e2817af/all_rounds/Hive-JSON-Serde/7a05e91bf80a781da30cc69e2f5698b78f5b3397/json-serde/org.openx.data.jsonserde.JsonSerDeTest.testNestedExplicitNullValue/5.patch,560.7365010590293,TRUE
https://github.com/ttddyy/datasource-assert,2cf1ad31948e4e18b60483b67417ab68e61ffc10,.,ID,net.ttddyy.dsproxy.asserts.hamcrest.ParameterHolderAssertionsTest.testParamsByNameUnmatchedMessage,testParamsByNameUnmatchedMessage,Opened,https://github.com/ttddyy/datasource-assert/pull/1,,projects/2cf1ad31948e4e18b60483b67417ab68e61ffc10/datasource-assert/src/test/java/net/ttddyy/dsproxy/asserts/hamcrest/ParameterHolderAssertionsTest.java,,"{0: 'test_failure', 1: 'test_failure', 2: 'test_failure', 3: 'test_failure', 4: 'test_failure', 5: 'test_failure'}",8,"{0: 'BUILD SUCCESS', 1: 'BUILD SUCCESS', 2: 'BUILD SUCCESS', 3: 'BUILD SUCCESS', 4: 'BUILD SUCCESS', 5: 'BUILD SUCCESS'}",{},outputs/ID_Results_MagicCoder_projects_f2d66308f4c1db153f889ede330de32f2e2817af/all_rounds/datasource-assert/2cf1ad31948e4e18b60483b67417ab68e61ffc10/./net.ttddyy.dsproxy.asserts.hamcrest.ParameterHolderAssertionsTest.testParamsByNameUnmatchedMessage/5.patch,219.20602550997864,TRUE
https://github.com/fromage/redpipe,0aff891d6befdf0dcc2bdbfda22262cdf82ac66f,redpipe-templating-freemarker,ID,net.redpipe.templating.freemarker.ApiTest.checkTemplateNegociationDefault,checkTemplateNegociationDefault,Opened,https://github.com/fromage/redpipe/pull/56,,projects/0aff891d6befdf0dcc2bdbfda22262cdf82ac66f/redpipe/redpipe-templating-freemarker/src/test/java/net/redpipe/templating/freemarker/ApiTest.java,outputs/ID_Results_MagicCoder_projects_f2d66308f4c1db153f889ede330de32f2e2817af/GoodPatches/redpipe/0aff891d6befdf0dcc2bdbfda22262cdf82ac66f/redpipe-templating-freemarker/net.redpipe.templating.freemarker.ApiTest.checkTemplateNegociationDefault/2.patch,"{0: 'test_failure', 1: 'test_failure', 2: 'Stitched:test_pass'}",8,"{0: 'BUILD SUCCESS', 1: 'BUILD SUCCESS', 2: 'BUILD SUCCESS'}",{},outputs/ID_Results_MagicCoder_projects_f2d66308f4c1db153f889ede330de32f2e2817af/all_rounds/redpipe/0aff891d6befdf0dcc2bdbfda22262cdf82ac66f/redpipe-templating-freemarker/net.redpipe.templating.freemarker.ApiTest.checkTemplateNegociationDefault/2.patch,112.10440326703247,TRUE
https://github.com/jReddit/jReddit,ac0b518f190c30228e401ef66d53329bbd27bad6,.,ID,com.github.jreddit.request.util.KeyValueFormatterTest.testFormatMultiple,testFormatMultiple,Opened,https://github.com/jReddit/jReddit/pull/158,,projects/ac0b518f190c30228e401ef66d53329bbd27bad6/jReddit/src/test/java/com/github/jreddit/request/util/KeyValueFormatterTest.java,,"{0: 'test_failure', 1: 'Stitched:compilation_error', 2: 'Stitched:compilation_error', 3: 'Stitched:compilation_error', 4: 'Stitched:compilation_error', 5: 'compilation_error'}",8,"{0: 'BUILD SUCCESS', 1: 'BUILD FAILURE', 2: 'BUILD FAILURE', 3: 'BUILD FAILURE', 4: 'BUILD FAILURE', 5: 'BUILD FAILURE'}",{},outputs/ID_Results_MagicCoder_projects_f2d66308f4c1db153f889ede330de32f2e2817af/all_rounds/jReddit/ac0b518f190c30228e401ef66d53329bbd27bad6/./com.github.jreddit.request.util.KeyValueFormatterTest.testFormatMultiple/5.patch,179.17581936798524,TRUE
https://github.com/Meituan-Dianping/groupmeal-java-sdk,39547d3c2568eba11cab02c18827a68478d7cb47,.,ID,JsonTest.payCallBackParam,payCallBackParam,Opened,https://github.com/Meituan-Dianping/groupmeal-java-sdk/pull/1,,projects/39547d3c2568eba11cab02c18827a68478d7cb47/groupmeal-java-sdk/src/test/java/JsonTest.java,outputs/ID_Results_MagicCoder_projects_f2d66308f4c1db153f889ede330de32f2e2817af/GoodPatches/groupmeal-java-sdk/39547d3c2568eba11cab02c18827a68478d7cb47/./JsonTest.payCallBackParam/2.patch,"{0: 'test_failure', 1: 'compilation_error;Stitched:compilation_error', 2: 'test_pass'}",8,"{0: 'BUILD SUCCESS', 1: 'BUILD FAILURE;Stitched:BUILD FAILURE', 2: 'BUILD SUCCESS'}",{},outputs/ID_Results_MagicCoder_projects_f2d66308f4c1db153f889ede330de32f2e2817af/all_rounds/groupmeal-java-sdk/39547d3c2568eba11cab02c18827a68478d7cb47/./JsonTest.payCallBackParam/2.patch,109.27049591299146,TRUE
https://github.com/okta/okta-hooks-sdk-java,918778779c7f07ddd61bf86e1a22ace1ee279649,hooks,ID,com.okta.hooks.sdk.SamlHooksTest.complexAddRemove,complexAddRemove,Accepted,https://github.com/okta/okta-hooks-sdk-java/pull/27,,projects/918778779c7f07ddd61bf86e1a22ace1ee279649/okta-hooks-sdk-java/hooks/target/generated-sources/groovy-stubs/test/com/okta/hooks/sdk/SamlHooksTest.java,,"{0: 'test_failure', 1: 'test_failure', 2: 'test_failure', 3: 'test_failure', 4: 'test_failure', 5: 'test_failure'}",8,"{0: 'BUILD SUCCESS', 1: 'BUILD SUCCESS', 2: 'BUILD SUCCESS', 3: 'BUILD SUCCESS', 4: 'BUILD SUCCESS', 5: 'BUILD SUCCESS'}",{},outputs/ID_Results_MagicCoder_projects_f2d66308f4c1db153f889ede330de32f2e2817af/all_rounds/okta-hooks-sdk-java/918778779c7f07ddd61bf86e1a22ace1ee279649/hooks/com.okta.hooks.sdk.SamlHooksTest.complexAddRemove/5.patch,201.07555549696553,TRUE
https://github.com/mock-server/mockserver,3009f363b84df6a0ba377e72f6cff6ce204af0e8,mockserver-core,ID,org.mockserver.serialization.WebSocketMessageSerializerTest.shouldSerializeCompleteResponse,shouldSerializeCompleteResponse,InspiredAFix,https://github.com/mock-server/mockserver/pull/1091,https://github.com/mock-server/mockserver/commit/ea5052d1dfd2e9edc4dbddcdebdaf0eb2acbfd98,projects/3009f363b84df6a0ba377e72f6cff6ce204af0e8/mockserver/mockserver-core/src/test/java/org/mockserver/serialization/WebSocketMessageSerializerTest.java,,"{0: 'test_failure', 1: 'test_failure', 2: 'test_failure', 3: 'Stitched:build_failure', 4: 'Stitched:build_failure', 5: 'build_failure'}",8,"{0: 'BUILD SUCCESS', 1: 'BUILD SUCCESS', 2: 'BUILD SUCCESS', 3: 'BUILD FAILURE', 4: 'BUILD FAILURE', 5: 'BUILD FAILURE'}",{},outputs/ID_Results_MagicCoder_projects_f2d66308f4c1db153f889ede330de32f2e2817af/all_rounds/mockserver/3009f363b84df6a0ba377e72f6cff6ce204af0e8/mockserver-core/org.mockserver.serialization.WebSocketMessageSerializerTest.shouldSerializeCompleteResponse/5.patch,581.8921819910174,TRUE
https://github.com/mock-server/mockserver,b607ad690543b17a6f6d6ecd92292ca3f28afe0d,mockserver-netty,ID,org.mockserver.dashboard.DashboardWebSocketHandlerTest.shouldSerialiseRecordedRequestsEventsWithoutFields,shouldSerialiseRecordedRequestsEventsWithoutFields,Opened,https://github.com/mock-server/mockserver/pull/1820,,projects/b607ad690543b17a6f6d6ecd92292ca3f28afe0d/mockserver/mockserver-netty/src/test/java/org/mockserver/dashboard/DashboardWebSocketHandlerTest.java,,{0: 'test_failure'},8,{0: 'BUILD SUCCESS'},"{1: 'CUDA out of memory. Tried to allocate 3.80 GiB. GPU 0 has a total capacity of 23.69 GiB of which 3.76 GiB is free. Process 28475 has 4.92 GiB memory in use. Including non-PyTorch memory, this process has 15.00 GiB memory in use. Of the allocated memory 13.36 GiB is allocated by PyTorch, and 656.82 MiB is reserved by PyTorch but unallocated. If reserved but unallocated memory is large try setting PYTORCH_CUDA_ALLOC_CONF=expandable_segments:True to avoid fragmentation.  See documentation for Memory Management  (https://pytorch.org/docs/stable/notes/cuda.html#environment-variables)'}",outputs/ID_Results_MagicCoder_projects_f2d66308f4c1db153f889ede330de32f2e2817af/all_rounds/mockserver/b607ad690543b17a6f6d6ecd92292ca3f28afe0d/mockserver-netty/org.mockserver.dashboard.DashboardWebSocketHandlerTest.shouldSerialiseRecordedRequestsEventsWithoutFields/0.patch,0.2641611190047115,TRUE
https://github.com/mock-server/mockserver,b607ad690543b17a6f6d6ecd92292ca3f28afe0d,mockserver-core,ID,org.mockserver.templates.engine.mustache.MustacheTemplateEngineTest.shouldHandleHttpRequestsWithMustacheResponseTemplateWithLoopOverValuesUsingThis,shouldHandleHttpRequestsWithMustacheResponseTemplateWithLoopOverValuesUsingThis,Opened,https://github.com/mock-server/mockserver/pull/1818,,projects/b607ad690543b17a6f6d6ecd92292ca3f28afe0d/mockserver/mockserver-core/src/test/java/org/mockserver/templates/engine/mustache/MustacheTemplateEngineTest.java,,"{0: 'test_failure', 1: 'Stitched:test_failure', 2: 'test_failure', 3: 'test_failure', 4: 'build_failure', 5: 'Stitched:build_failure'}",8,"{0: 'BUILD SUCCESS', 1: 'BUILD SUCCESS', 2: 'BUILD SUCCESS', 3: 'BUILD SUCCESS', 4: 'BUILD FAILURE', 5: 'BUILD FAILURE'}",{},outputs/ID_Results_MagicCoder_projects_f2d66308f4c1db153f889ede330de32f2e2817af/all_rounds/mockserver/b607ad690543b17a6f6d6ecd92292ca3f28afe0d/mockserver-core/org.mockserver.templates.engine.mustache.MustacheTemplateEngineTest.shouldHandleHttpRequestsWithMustacheResponseTemplateWithLoopOverValuesUsingThis/5.patch,698.5324399590027,TRUE
https://github.com/nationalsecurityagency/timely,3a8cbd3378cffdc96aad1c52e9b0b2e1481ca45f,server,ID,timely.api.response.timeseries.SearchLookupResponseTest.testResponse1,testResponse1,Accepted,https://github.com/NationalSecurityAgency/timely/pull/211,,projects/3a8cbd3378cffdc96aad1c52e9b0b2e1481ca45f/timely/server/src/test/java/timely/api/response/timeseries/SearchLookupResponseTest.java,,"{0: 'test_failure', 1: 'test_failure', 2: 'test_failure', 3: 'test_failure', 4: 'test_failure', 5: 'test_failure'}",8,"{0: 'BUILD SUCCESS', 1: 'BUILD SUCCESS', 2: 'BUILD SUCCESS', 3: 'BUILD SUCCESS', 4: 'BUILD SUCCESS', 5: 'BUILD SUCCESS'}",{},outputs/ID_Results_MagicCoder_projects_f2d66308f4c1db153f889ede330de32f2e2817af/all_rounds/timely/3a8cbd3378cffdc96aad1c52e9b0b2e1481ca45f/server/timely.api.response.timeseries.SearchLookupResponseTest.testResponse1/5.patch,607.6828415299533,TRUE
https://github.com/OpenGamma/Strata,b998b2bc5183e67f267d1f573939a42fa9ee4bf3,modules/data,ID,com.opengamma.strata.data.MarketDataTest.test_combinedWith_noClashSame,test_combinedWith_noClashSame,Accepted,https://github.com/OpenGamma/Strata/pull/2337,,projects/b998b2bc5183e67f267d1f573939a42fa9ee4bf3/Strata/modules/data/src/test/java/com/opengamma/strata/data/MarketDataTest.java,,"{0: 'test_failure', 1: 'test_failure', 2: 'test_failure', 3: 'test_failure', 4: 'Stitched:test_failure', 5: 'compilation_error'}",8,"{0: 'BUILD SUCCESS', 1: 'BUILD SUCCESS', 2: 'BUILD SUCCESS', 3: 'BUILD SUCCESS', 4: 'BUILD SUCCESS', 5: 'BUILD FAILURE'}",{},outputs/ID_Results_MagicCoder_projects_f2d66308f4c1db153f889ede330de32f2e2817af/all_rounds/Strata/b998b2bc5183e67f267d1f573939a42fa9ee4bf3/modules/data/com.opengamma.strata.data.MarketDataTest.test_combinedWith_noClashSame/5.patch,495.69864729896653,TRUE